ISO-10303-21;
HEADER;
/* Generated by software containing ST-Developer
 * from STEP Tools, Inc. (www.steptools.com) 
 */
/* OPTION: using custom renumber hook */

FILE_DESCRIPTION(
/* description */ ('STEP AP242 Edition 2',
'CAx-IF Rec.Pracs.---Representation and Presentation of Product Manufa
cturing Information (PMI)---4.0---2014-10-13',
'CAx-IF Rec.Pracs.---3D Tessellated Geometry---0.4---2014-09-14','2;1',
'CAx-IF Rec.Pracs.---User Defined Attributes---1.5---2016-08-15'),
/* implementation_level */ '2;1');

FILE_NAME(
/* name */ 'Printing - Top',
/* time_stamp */ '2026-08-07T21:30:40Z',
/* author */ (''),
/* organization */ (''),
/* preprocessor_version */ 'ST-DEVELOPER v20',
/* originating_system */ 'ONSHAPE BY PTC INC, 1.219',
/* authorisation */ '  ');

FILE_SCHEMA (('AP242_MANAGED_MODEL_BASED_3D_ENGINEERING_MIM_LF { 1 0 10303 442 3 1 4 }'));
ENDSEC;

DATA;
#10=SHAPE_REPRESENTATION_RELATIONSHIP('','',#2991,#11);
#11=ADVANCED_BREP_SHAPE_REPRESENTATION('',(#2989),#4997);
#12=PLANE('',#2996);
#13=PLANE('',#3000);
#14=PLANE('',#3004);
#15=PLANE('',#3011);
#16=PLANE('',#3015);
#17=PLANE('',#3019);
#18=PLANE('',#3026);
#19=PLANE('',#3030);
#20=PLANE('',#3034);
#21=PLANE('',#3041);
#22=PLANE('',#3045);
#23=PLANE('',#3049);
#24=PLANE('',#3056);
#25=PLANE('',#3060);
#26=PLANE('',#3064);
#27=PLANE('',#3071);
#28=PLANE('',#3075);
#29=PLANE('',#3079);
#30=PLANE('',#3086);
#31=PLANE('',#3090);
#32=PLANE('',#3094);
#33=PLANE('',#3101);
#34=PLANE('',#3105);
#35=PLANE('',#3109);
#36=PLANE('',#3116);
#37=PLANE('',#3120);
#38=PLANE('',#3124);
#39=PLANE('',#3131);
#40=PLANE('',#3135);
#41=PLANE('',#3139);
#42=PLANE('',#3146);
#43=PLANE('',#3150);
#44=PLANE('',#3154);
#45=PLANE('',#3161);
#46=PLANE('',#3165);
#47=PLANE('',#3169);
#48=PLANE('',#3176);
#49=PLANE('',#3180);
#50=PLANE('',#3184);
#51=PLANE('',#3191);
#52=PLANE('',#3195);
#53=PLANE('',#3199);
#54=PLANE('',#3206);
#55=PLANE('',#3210);
#56=PLANE('',#3214);
#57=PLANE('',#3221);
#58=PLANE('',#3225);
#59=PLANE('',#3229);
#60=PLANE('',#3233);
#61=PLANE('',#3234);
#62=PLANE('',#3235);
#63=PLANE('',#3236);
#64=PLANE('',#3237);
#65=PLANE('',#3238);
#66=PLANE('',#3239);
#67=PLANE('',#3240);
#68=PLANE('',#3241);
#69=PLANE('',#3242);
#70=PLANE('',#3243);
#71=PLANE('',#3244);
#72=PLANE('',#3245);
#73=PLANE('',#3246);
#74=PLANE('',#3247);
#75=PLANE('',#3248);
#76=PLANE('',#3249);
#77=PLANE('',#3254);
#78=PLANE('',#3259);
#79=PLANE('',#3260);
#80=PLANE('',#3261);
#81=PLANE('',#3262);
#82=PLANE('',#3263);
#83=PLANE('',#3264);
#84=PLANE('',#3265);
#85=PLANE('',#3270);
#86=PLANE('',#3271);
#87=PLANE('',#3272);
#88=PLANE('',#3273);
#89=PLANE('',#3274);
#90=LINE('',#4138,#382);
#91=LINE('',#4142,#383);
#92=LINE('',#4144,#384);
#93=LINE('',#4146,#385);
#94=LINE('',#4148,#386);
#95=LINE('',#4152,#387);
#96=LINE('',#4156,#388);
#97=LINE('',#4158,#389);
#98=LINE('',#4160,#390);
#99=LINE('',#4164,#391);
#100=LINE('',#4168,#392);
#101=LINE('',#4170,#393);
#102=LINE('',#4172,#394);
#103=LINE('',#4176,#395);
#104=LINE('',#4183,#396);
#105=LINE('',#4187,#397);
#106=LINE('',#4189,#398);
#107=LINE('',#4191,#399);
#108=LINE('',#4193,#400);
#109=LINE('',#4197,#401);
#110=LINE('',#4201,#402);
#111=LINE('',#4203,#403);
#112=LINE('',#4205,#404);
#113=LINE('',#4209,#405);
#114=LINE('',#4213,#406);
#115=LINE('',#4215,#407);
#116=LINE('',#4217,#408);
#117=LINE('',#4221,#409);
#118=LINE('',#4228,#410);
#119=LINE('',#4232,#411);
#120=LINE('',#4234,#412);
#121=LINE('',#4236,#413);
#122=LINE('',#4238,#414);
#123=LINE('',#4242,#415);
#124=LINE('',#4246,#416);
#125=LINE('',#4248,#417);
#126=LINE('',#4250,#418);
#127=LINE('',#4254,#419);
#128=LINE('',#4258,#420);
#129=LINE('',#4260,#421);
#130=LINE('',#4262,#422);
#131=LINE('',#4266,#423);
#132=LINE('',#4273,#424);
#133=LINE('',#4277,#425);
#134=LINE('',#4279,#426);
#135=LINE('',#4281,#427);
#136=LINE('',#4283,#428);
#137=LINE('',#4287,#429);
#138=LINE('',#4291,#430);
#139=LINE('',#4293,#431);
#140=LINE('',#4295,#432);
#141=LINE('',#4299,#433);
#142=LINE('',#4303,#434);
#143=LINE('',#4305,#435);
#144=LINE('',#4307,#436);
#145=LINE('',#4311,#437);
#146=LINE('',#4318,#438);
#147=LINE('',#4322,#439);
#148=LINE('',#4324,#440);
#149=LINE('',#4326,#441);
#150=LINE('',#4328,#442);
#151=LINE('',#4332,#443);
#152=LINE('',#4336,#444);
#153=LINE('',#4338,#445);
#154=LINE('',#4340,#446);
#155=LINE('',#4344,#447);
#156=LINE('',#4348,#448);
#157=LINE('',#4350,#449);
#158=LINE('',#4352,#450);
#159=LINE('',#4356,#451);
#160=LINE('',#4363,#452);
#161=LINE('',#4367,#453);
#162=LINE('',#4369,#454);
#163=LINE('',#4371,#455);
#164=LINE('',#4373,#456);
#165=LINE('',#4377,#457);
#166=LINE('',#4381,#458);
#167=LINE('',#4383,#459);
#168=LINE('',#4385,#460);
#169=LINE('',#4389,#461);
#170=LINE('',#4393,#462);
#171=LINE('',#4395,#463);
#172=LINE('',#4397,#464);
#173=LINE('',#4401,#465);
#174=LINE('',#4408,#466);
#175=LINE('',#4412,#467);
#176=LINE('',#4414,#468);
#177=LINE('',#4416,#469);
#178=LINE('',#4418,#470);
#179=LINE('',#4422,#471);
#180=LINE('',#4426,#472);
#181=LINE('',#4428,#473);
#182=LINE('',#4430,#474);
#183=LINE('',#4434,#475);
#184=LINE('',#4438,#476);
#185=LINE('',#4440,#477);
#186=LINE('',#4442,#478);
#187=LINE('',#4446,#479);
#188=LINE('',#4453,#480);
#189=LINE('',#4457,#481);
#190=LINE('',#4459,#482);
#191=LINE('',#4461,#483);
#192=LINE('',#4463,#484);
#193=LINE('',#4467,#485);
#194=LINE('',#4471,#486);
#195=LINE('',#4473,#487);
#196=LINE('',#4475,#488);
#197=LINE('',#4479,#489);
#198=LINE('',#4483,#490);
#199=LINE('',#4485,#491);
#200=LINE('',#4487,#492);
#201=LINE('',#4491,#493);
#202=LINE('',#4498,#494);
#203=LINE('',#4502,#495);
#204=LINE('',#4504,#496);
#205=LINE('',#4506,#497);
#206=LINE('',#4508,#498);
#207=LINE('',#4512,#499);
#208=LINE('',#4516,#500);
#209=LINE('',#4518,#501);
#210=LINE('',#4520,#502);
#211=LINE('',#4524,#503);
#212=LINE('',#4528,#504);
#213=LINE('',#4530,#505);
#214=LINE('',#4532,#506);
#215=LINE('',#4536,#507);
#216=LINE('',#4543,#508);
#217=LINE('',#4547,#509);
#218=LINE('',#4549,#510);
#219=LINE('',#4551,#511);
#220=LINE('',#4553,#512);
#221=LINE('',#4557,#513);
#222=LINE('',#4561,#514);
#223=LINE('',#4563,#515);
#224=LINE('',#4565,#516);
#225=LINE('',#4569,#517);
#226=LINE('',#4573,#518);
#227=LINE('',#4575,#519);
#228=LINE('',#4577,#520);
#229=LINE('',#4581,#521);
#230=LINE('',#4588,#522);
#231=LINE('',#4592,#523);
#232=LINE('',#4594,#524);
#233=LINE('',#4596,#525);
#234=LINE('',#4598,#526);
#235=LINE('',#4602,#527);
#236=LINE('',#4606,#528);
#237=LINE('',#4608,#529);
#238=LINE('',#4610,#530);
#239=LINE('',#4614,#531);
#240=LINE('',#4618,#532);
#241=LINE('',#4620,#533);
#242=LINE('',#4622,#534);
#243=LINE('',#4626,#535);
#244=LINE('',#4633,#536);
#245=LINE('',#4637,#537);
#246=LINE('',#4639,#538);
#247=LINE('',#4641,#539);
#248=LINE('',#4643,#540);
#249=LINE('',#4647,#541);
#250=LINE('',#4651,#542);
#251=LINE('',#4653,#543);
#252=LINE('',#4655,#544);
#253=LINE('',#4659,#545);
#254=LINE('',#4663,#546);
#255=LINE('',#4665,#547);
#256=LINE('',#4667,#548);
#257=LINE('',#4671,#549);
#258=LINE('',#4678,#550);
#259=LINE('',#4682,#551);
#260=LINE('',#4684,#552);
#261=LINE('',#4686,#553);
#262=LINE('',#4688,#554);
#263=LINE('',#4692,#555);
#264=LINE('',#4696,#556);
#265=LINE('',#4698,#557);
#266=LINE('',#4700,#558);
#267=LINE('',#4704,#559);
#268=LINE('',#4708,#560);
#269=LINE('',#4710,#561);
#270=LINE('',#4712,#562);
#271=LINE('',#4716,#563);
#272=LINE('',#4723,#564);
#273=LINE('',#4727,#565);
#274=LINE('',#4729,#566);
#275=LINE('',#4731,#567);
#276=LINE('',#4733,#568);
#277=LINE('',#4737,#569);
#278=LINE('',#4741,#570);
#279=LINE('',#4743,#571);
#280=LINE('',#4745,#572);
#281=LINE('',#4749,#573);
#282=LINE('',#4753,#574);
#283=LINE('',#4755,#575);
#284=LINE('',#4757,#576);
#285=LINE('',#4761,#577);
#286=LINE('',#4768,#578);
#287=LINE('',#4772,#579);
#288=LINE('',#4774,#580);
#289=LINE('',#4776,#581);
#290=LINE('',#4778,#582);
#291=LINE('',#4782,#583);
#292=LINE('',#4786,#584);
#293=LINE('',#4788,#585);
#294=LINE('',#4790,#586);
#295=LINE('',#4794,#587);
#296=LINE('',#4798,#588);
#297=LINE('',#4800,#589);
#298=LINE('',#4802,#590);
#299=LINE('',#4806,#591);
#300=LINE('',#4813,#592);
#301=LINE('',#4817,#593);
#302=LINE('',#4819,#594);
#303=LINE('',#4821,#595);
#304=LINE('',#4823,#596);
#305=LINE('',#4827,#597);
#306=LINE('',#4831,#598);
#307=LINE('',#4833,#599);
#308=LINE('',#4835,#600);
#309=LINE('',#4839,#601);
#310=LINE('',#4843,#602);
#311=LINE('',#4845,#603);
#312=LINE('',#4847,#604);
#313=LINE('',#4851,#605);
#314=LINE('',#4855,#606);
#315=LINE('',#4856,#607);
#316=LINE('',#4858,#608);
#317=LINE('',#4859,#609);
#318=LINE('',#4861,#610);
#319=LINE('',#4862,#611);
#320=LINE('',#4864,#612);
#321=LINE('',#4865,#613);
#322=LINE('',#4867,#614);
#323=LINE('',#4868,#615);
#324=LINE('',#4870,#616);
#325=LINE('',#4871,#617);
#326=LINE('',#4873,#618);
#327=LINE('',#4874,#619);
#328=LINE('',#4876,#620);
#329=LINE('',#4877,#621);
#330=LINE('',#4879,#622);
#331=LINE('',#4880,#623);
#332=LINE('',#4882,#624);
#333=LINE('',#4883,#625);
#334=LINE('',#4885,#626);
#335=LINE('',#4886,#627);
#336=LINE('',#4888,#628);
#337=LINE('',#4889,#629);
#338=LINE('',#4891,#630);
#339=LINE('',#4892,#631);
#340=LINE('',#4894,#632);
#341=LINE('',#4895,#633);
#342=LINE('',#4897,#634);
#343=LINE('',#4898,#635);
#344=LINE('',#4900,#636);
#345=LINE('',#4901,#637);
#346=LINE('',#4903,#638);
#347=LINE('',#4906,#639);
#348=LINE('',#4908,#640);
#349=LINE('',#4910,#641);
#350=LINE('',#4912,#642);
#351=LINE('',#4914,#643);
#352=LINE('',#4916,#644);
#353=LINE('',#4918,#645);
#354=LINE('',#4919,#646);
#355=LINE('',#4922,#647);
#356=LINE('',#4924,#648);
#357=LINE('',#4926,#649);
#358=LINE('',#4936,#650);
#359=LINE('',#4939,#651);
#360=LINE('',#4941,#652);
#361=LINE('',#4943,#653);
#362=LINE('',#4944,#654);
#363=LINE('',#4947,#655);
#364=LINE('',#4949,#656);
#365=LINE('',#4951,#657);
#366=LINE('',#4953,#658);
#367=LINE('',#4955,#659);
#368=LINE('',#4957,#660);
#369=LINE('',#4959,#661);
#370=LINE('',#4969,#662);
#371=LINE('',#4970,#663);
#372=LINE('',#4972,#664);
#373=LINE('',#4974,#665);
#374=LINE('',#4977,#666);
#375=LINE('',#4978,#667);
#376=LINE('',#4980,#668);
#377=LINE('',#4982,#669);
#378=LINE('',#4988,#670);
#379=LINE('',#4989,#671);
#380=LINE('',#4991,#672);
#381=LINE('',#4992,#673);
#382=VECTOR('',#3281,1.);
#383=VECTOR('',#3284,1.);
#384=VECTOR('',#3287,1.);
#385=VECTOR('',#3288,1.);
#386=VECTOR('',#3289,1.);
#387=VECTOR('',#3294,1.);
#388=VECTOR('',#3299,1.);
#389=VECTOR('',#3300,1.);
#390=VECTOR('',#3301,1.);
#391=VECTOR('',#3306,1.);
#392=VECTOR('',#3311,1.);
#393=VECTOR('',#3312,1.);
#394=VECTOR('',#3313,1.);
#395=VECTOR('',#3318,1.);
#396=VECTOR('',#3325,1.);
#397=VECTOR('',#3328,1.);
#398=VECTOR('',#3331,1.);
#399=VECTOR('',#3332,1.);
#400=VECTOR('',#3333,1.);
#401=VECTOR('',#3338,1.);
#402=VECTOR('',#3343,1.);
#403=VECTOR('',#3344,1.);
#404=VECTOR('',#3345,1.);
#405=VECTOR('',#3350,1.);
#406=VECTOR('',#3355,1.);
#407=VECTOR('',#3356,1.);
#408=VECTOR('',#3357,1.);
#409=VECTOR('',#3362,1.);
#410=VECTOR('',#3369,1.);
#411=VECTOR('',#3372,1.);
#412=VECTOR('',#3375,1.);
#413=VECTOR('',#3376,1.);
#414=VECTOR('',#3377,1.);
#415=VECTOR('',#3382,1.);
#416=VECTOR('',#3387,1.);
#417=VECTOR('',#3388,1.);
#418=VECTOR('',#3389,1.);
#419=VECTOR('',#3394,1.);
#420=VECTOR('',#3399,1.);
#421=VECTOR('',#3400,1.);
#422=VECTOR('',#3401,1.);
#423=VECTOR('',#3406,1.);
#424=VECTOR('',#3413,1.);
#425=VECTOR('',#3416,1.);
#426=VECTOR('',#3419,1.);
#427=VECTOR('',#3420,1.);
#428=VECTOR('',#3421,1.);
#429=VECTOR('',#3426,1.);
#430=VECTOR('',#3431,1.);
#431=VECTOR('',#3432,1.);
#432=VECTOR('',#3433,1.);
#433=VECTOR('',#3438,1.);
#434=VECTOR('',#3443,1.);
#435=VECTOR('',#3444,1.);
#436=VECTOR('',#3445,1.);
#437=VECTOR('',#3450,1.);
#438=VECTOR('',#3457,1.);
#439=VECTOR('',#3460,1.);
#440=VECTOR('',#3463,1.);
#441=VECTOR('',#3464,1.);
#442=VECTOR('',#3465,1.);
#443=VECTOR('',#3470,1.);
#444=VECTOR('',#3475,1.);
#445=VECTOR('',#3476,1.);
#446=VECTOR('',#3477,1.);
#447=VECTOR('',#3482,1.);
#448=VECTOR('',#3487,1.);
#449=VECTOR('',#3488,1.);
#450=VECTOR('',#3489,1.);
#451=VECTOR('',#3494,1.);
#452=VECTOR('',#3501,1.);
#453=VECTOR('',#3504,1.);
#454=VECTOR('',#3507,1.);
#455=VECTOR('',#3508,1.);
#456=VECTOR('',#3509,1.);
#457=VECTOR('',#3514,1.);
#458=VECTOR('',#3519,1.);
#459=VECTOR('',#3520,1.);
#460=VECTOR('',#3521,1.);
#461=VECTOR('',#3526,1.);
#462=VECTOR('',#3531,1.);
#463=VECTOR('',#3532,1.);
#464=VECTOR('',#3533,1.);
#465=VECTOR('',#3538,1.);
#466=VECTOR('',#3545,1.);
#467=VECTOR('',#3548,1.);
#468=VECTOR('',#3551,1.);
#469=VECTOR('',#3552,1.);
#470=VECTOR('',#3553,1.);
#471=VECTOR('',#3558,1.);
#472=VECTOR('',#3563,1.);
#473=VECTOR('',#3564,1.);
#474=VECTOR('',#3565,1.);
#475=VECTOR('',#3570,1.);
#476=VECTOR('',#3575,1.);
#477=VECTOR('',#3576,1.);
#478=VECTOR('',#3577,1.);
#479=VECTOR('',#3582,1.);
#480=VECTOR('',#3589,1.);
#481=VECTOR('',#3592,1.);
#482=VECTOR('',#3595,1.);
#483=VECTOR('',#3596,1.);
#484=VECTOR('',#3597,1.);
#485=VECTOR('',#3602,1.);
#486=VECTOR('',#3607,1.);
#487=VECTOR('',#3608,1.);
#488=VECTOR('',#3609,1.);
#489=VECTOR('',#3614,1.);
#490=VECTOR('',#3619,1.);
#491=VECTOR('',#3620,1.);
#492=VECTOR('',#3621,1.);
#493=VECTOR('',#3626,1.);
#494=VECTOR('',#3633,1.);
#495=VECTOR('',#3636,1.);
#496=VECTOR('',#3639,1.);
#497=VECTOR('',#3640,1.);
#498=VECTOR('',#3641,1.);
#499=VECTOR('',#3646,1.);
#500=VECTOR('',#3651,1.);
#501=VECTOR('',#3652,1.);
#502=VECTOR('',#3653,1.);
#503=VECTOR('',#3658,1.);
#504=VECTOR('',#3663,1.);
#505=VECTOR('',#3664,1.);
#506=VECTOR('',#3665,1.);
#507=VECTOR('',#3670,1.);
#508=VECTOR('',#3677,1.);
#509=VECTOR('',#3680,1.);
#510=VECTOR('',#3683,1.);
#511=VECTOR('',#3684,1.);
#512=VECTOR('',#3685,1.);
#513=VECTOR('',#3690,1.);
#514=VECTOR('',#3695,1.);
#515=VECTOR('',#3696,1.);
#516=VECTOR('',#3697,1.);
#517=VECTOR('',#3702,1.);
#518=VECTOR('',#3707,1.);
#519=VECTOR('',#3708,1.);
#520=VECTOR('',#3709,1.);
#521=VECTOR('',#3714,1.);
#522=VECTOR('',#3721,1.);
#523=VECTOR('',#3724,1.);
#524=VECTOR('',#3727,1.);
#525=VECTOR('',#3728,1.);
#526=VECTOR('',#3729,1.);
#527=VECTOR('',#3734,1.);
#528=VECTOR('',#3739,1.);
#529=VECTOR('',#3740,1.);
#530=VECTOR('',#3741,1.);
#531=VECTOR('',#3746,1.);
#532=VECTOR('',#3751,1.);
#533=VECTOR('',#3752,1.);
#534=VECTOR('',#3753,1.);
#535=VECTOR('',#3758,1.);
#536=VECTOR('',#3765,1.);
#537=VECTOR('',#3768,1.);
#538=VECTOR('',#3771,1.);
#539=VECTOR('',#3772,1.);
#540=VECTOR('',#3773,1.);
#541=VECTOR('',#3778,1.);
#542=VECTOR('',#3783,1.);
#543=VECTOR('',#3784,1.);
#544=VECTOR('',#3785,1.);
#545=VECTOR('',#3790,1.);
#546=VECTOR('',#3795,1.);
#547=VECTOR('',#3796,1.);
#548=VECTOR('',#3797,1.);
#549=VECTOR('',#3802,1.);
#550=VECTOR('',#3809,1.);
#551=VECTOR('',#3812,1.);
#552=VECTOR('',#3815,1.);
#553=VECTOR('',#3816,1.);
#554=VECTOR('',#3817,1.);
#555=VECTOR('',#3822,1.);
#556=VECTOR('',#3827,1.);
#557=VECTOR('',#3828,1.);
#558=VECTOR('',#3829,1.);
#559=VECTOR('',#3834,1.);
#560=VECTOR('',#3839,1.);
#561=VECTOR('',#3840,1.);
#562=VECTOR('',#3841,1.);
#563=VECTOR('',#3846,1.);
#564=VECTOR('',#3853,1.);
#565=VECTOR('',#3856,1.);
#566=VECTOR('',#3859,1.);
#567=VECTOR('',#3860,1.);
#568=VECTOR('',#3861,1.);
#569=VECTOR('',#3866,1.);
#570=VECTOR('',#3871,1.);
#571=VECTOR('',#3872,1.);
#572=VECTOR('',#3873,1.);
#573=VECTOR('',#3878,1.);
#574=VECTOR('',#3883,1.);
#575=VECTOR('',#3884,1.);
#576=VECTOR('',#3885,1.);
#577=VECTOR('',#3890,1.);
#578=VECTOR('',#3897,1.);
#579=VECTOR('',#3900,1.);
#580=VECTOR('',#3903,1.);
#581=VECTOR('',#3904,1.);
#582=VECTOR('',#3905,1.);
#583=VECTOR('',#3910,1.);
#584=VECTOR('',#3915,1.);
#585=VECTOR('',#3916,1.);
#586=VECTOR('',#3917,1.);
#587=VECTOR('',#3922,1.);
#588=VECTOR('',#3927,1.);
#589=VECTOR('',#3928,1.);
#590=VECTOR('',#3929,1.);
#591=VECTOR('',#3934,1.);
#592=VECTOR('',#3941,1.);
#593=VECTOR('',#3944,1.);
#594=VECTOR('',#3947,1.);
#595=VECTOR('',#3948,1.);
#596=VECTOR('',#3949,1.);
#597=VECTOR('',#3954,1.);
#598=VECTOR('',#3959,1.);
#599=VECTOR('',#3960,1.);
#600=VECTOR('',#3961,1.);
#601=VECTOR('',#3966,1.);
#602=VECTOR('',#3971,1.);
#603=VECTOR('',#3972,1.);
#604=VECTOR('',#3973,1.);
#605=VECTOR('',#3978,1.);
#606=VECTOR('',#3983,1.);
#607=VECTOR('',#3984,1.);
#608=VECTOR('',#3987,1.);
#609=VECTOR('',#3988,1.);
#610=VECTOR('',#3991,1.);
#611=VECTOR('',#3992,1.);
#612=VECTOR('',#3995,1.);
#613=VECTOR('',#3996,1.);
#614=VECTOR('',#3999,1.);
#615=VECTOR('',#4000,1.);
#616=VECTOR('',#4003,1.);
#617=VECTOR('',#4004,1.);
#618=VECTOR('',#4007,1.);
#619=VECTOR('',#4008,1.);
#620=VECTOR('',#4011,1.);
#621=VECTOR('',#4012,1.);
#622=VECTOR('',#4015,1.);
#623=VECTOR('',#4016,1.);
#624=VECTOR('',#4019,1.);
#625=VECTOR('',#4020,1.);
#626=VECTOR('',#4023,1.);
#627=VECTOR('',#4024,1.);
#628=VECTOR('',#4027,1.);
#629=VECTOR('',#4028,1.);
#630=VECTOR('',#4031,1.);
#631=VECTOR('',#4032,1.);
#632=VECTOR('',#4035,1.);
#633=VECTOR('',#4036,1.);
#634=VECTOR('',#4039,1.);
#635=VECTOR('',#4040,1.);
#636=VECTOR('',#4043,1.);
#637=VECTOR('',#4044,1.);
#638=VECTOR('',#4047,1.);
#639=VECTOR('',#4048,1.);
#640=VECTOR('',#4049,1.);
#641=VECTOR('',#4050,1.);
#642=VECTOR('',#4051,1.);
#643=VECTOR('',#4052,1.);
#644=VECTOR('',#4053,1.);
#645=VECTOR('',#4054,1.);
#646=VECTOR('',#4055,1.);
#647=VECTOR('',#4056,1.);
#648=VECTOR('',#4057,1.);
#649=VECTOR('',#4058,1.);
#650=VECTOR('',#4069,1.);
#651=VECTOR('',#4070,1.);
#652=VECTOR('',#4071,1.);
#653=VECTOR('',#4072,1.);
#654=VECTOR('',#4073,1.);
#655=VECTOR('',#4074,1.);
#656=VECTOR('',#4075,1.);
#657=VECTOR('',#4076,1.);
#658=VECTOR('',#4077,1.);
#659=VECTOR('',#4078,1.);
#660=VECTOR('',#4079,1.);
#661=VECTOR('',#4080,1.);
#662=VECTOR('',#4091,1.);
#663=VECTOR('',#4092,1.);
#664=VECTOR('',#4095,1.);
#665=VECTOR('',#4098,1.);
#666=VECTOR('',#4103,1.);
#667=VECTOR('',#4104,1.);
#668=VECTOR('',#4107,1.);
#669=VECTOR('',#4110,1.);
#670=VECTOR('',#4121,1.);
#671=VECTOR('',#4122,1.);
#672=VECTOR('',#4125,1.);
#673=VECTOR('',#4126,1.);
#674=ORIENTED_EDGE('',*,*,#1530,.F.);
#675=ORIENTED_EDGE('',*,*,#1531,.F.);
#676=ORIENTED_EDGE('',*,*,#1532,.T.);
#677=ORIENTED_EDGE('',*,*,#1533,.T.);
#678=ORIENTED_EDGE('',*,*,#1534,.T.);
#679=ORIENTED_EDGE('',*,*,#1535,.F.);
#680=ORIENTED_EDGE('',*,*,#1536,.F.);
#681=ORIENTED_EDGE('',*,*,#1531,.T.);
#682=ORIENTED_EDGE('',*,*,#1537,.F.);
#683=ORIENTED_EDGE('',*,*,#1538,.F.);
#684=ORIENTED_EDGE('',*,*,#1539,.T.);
#685=ORIENTED_EDGE('',*,*,#1535,.T.);
#686=ORIENTED_EDGE('',*,*,#1540,.T.);
#687=ORIENTED_EDGE('',*,*,#1541,.F.);
#688=ORIENTED_EDGE('',*,*,#1542,.F.);
#689=ORIENTED_EDGE('',*,*,#1538,.T.);
#690=ORIENTED_EDGE('',*,*,#1543,.F.);
#691=ORIENTED_EDGE('',*,*,#1544,.F.);
#692=ORIENTED_EDGE('',*,*,#1545,.T.);
#693=ORIENTED_EDGE('',*,*,#1541,.T.);
#694=ORIENTED_EDGE('',*,*,#1546,.F.);
#695=ORIENTED_EDGE('',*,*,#1547,.F.);
#696=ORIENTED_EDGE('',*,*,#1548,.T.);
#697=ORIENTED_EDGE('',*,*,#1544,.T.);
#698=ORIENTED_EDGE('',*,*,#1549,.F.);
#699=ORIENTED_EDGE('',*,*,#1550,.F.);
#700=ORIENTED_EDGE('',*,*,#1551,.T.);
#701=ORIENTED_EDGE('',*,*,#1547,.T.);
#702=ORIENTED_EDGE('',*,*,#1552,.F.);
#703=ORIENTED_EDGE('',*,*,#1553,.F.);
#704=ORIENTED_EDGE('',*,*,#1554,.T.);
#705=ORIENTED_EDGE('',*,*,#1555,.T.);
#706=ORIENTED_EDGE('',*,*,#1556,.T.);
#707=ORIENTED_EDGE('',*,*,#1557,.F.);
#708=ORIENTED_EDGE('',*,*,#1558,.F.);
#709=ORIENTED_EDGE('',*,*,#1553,.T.);
#710=ORIENTED_EDGE('',*,*,#1559,.F.);
#711=ORIENTED_EDGE('',*,*,#1560,.F.);
#712=ORIENTED_EDGE('',*,*,#1561,.T.);
#713=ORIENTED_EDGE('',*,*,#1557,.T.);
#714=ORIENTED_EDGE('',*,*,#1562,.T.);
#715=ORIENTED_EDGE('',*,*,#1563,.F.);
#716=ORIENTED_EDGE('',*,*,#1564,.F.);
#717=ORIENTED_EDGE('',*,*,#1560,.T.);
#718=ORIENTED_EDGE('',*,*,#1565,.F.);
#719=ORIENTED_EDGE('',*,*,#1566,.F.);
#720=ORIENTED_EDGE('',*,*,#1567,.T.);
#721=ORIENTED_EDGE('',*,*,#1563,.T.);
#722=ORIENTED_EDGE('',*,*,#1568,.F.);
#723=ORIENTED_EDGE('',*,*,#1569,.F.);
#724=ORIENTED_EDGE('',*,*,#1570,.T.);
#725=ORIENTED_EDGE('',*,*,#1566,.T.);
#726=ORIENTED_EDGE('',*,*,#1571,.F.);
#727=ORIENTED_EDGE('',*,*,#1572,.F.);
#728=ORIENTED_EDGE('',*,*,#1573,.T.);
#729=ORIENTED_EDGE('',*,*,#1569,.T.);
#730=ORIENTED_EDGE('',*,*,#1574,.F.);
#731=ORIENTED_EDGE('',*,*,#1575,.F.);
#732=ORIENTED_EDGE('',*,*,#1576,.T.);
#733=ORIENTED_EDGE('',*,*,#1577,.T.);
#734=ORIENTED_EDGE('',*,*,#1578,.T.);
#735=ORIENTED_EDGE('',*,*,#1579,.F.);
#736=ORIENTED_EDGE('',*,*,#1580,.F.);
#737=ORIENTED_EDGE('',*,*,#1575,.T.);
#738=ORIENTED_EDGE('',*,*,#1581,.F.);
#739=ORIENTED_EDGE('',*,*,#1582,.F.);
#740=ORIENTED_EDGE('',*,*,#1583,.T.);
#741=ORIENTED_EDGE('',*,*,#1579,.T.);
#742=ORIENTED_EDGE('',*,*,#1584,.T.);
#743=ORIENTED_EDGE('',*,*,#1585,.F.);
#744=ORIENTED_EDGE('',*,*,#1586,.F.);
#745=ORIENTED_EDGE('',*,*,#1582,.T.);
#746=ORIENTED_EDGE('',*,*,#1587,.F.);
#747=ORIENTED_EDGE('',*,*,#1588,.F.);
#748=ORIENTED_EDGE('',*,*,#1589,.T.);
#749=ORIENTED_EDGE('',*,*,#1585,.T.);
#750=ORIENTED_EDGE('',*,*,#1590,.F.);
#751=ORIENTED_EDGE('',*,*,#1591,.F.);
#752=ORIENTED_EDGE('',*,*,#1592,.T.);
#753=ORIENTED_EDGE('',*,*,#1588,.T.);
#754=ORIENTED_EDGE('',*,*,#1593,.F.);
#755=ORIENTED_EDGE('',*,*,#1594,.F.);
#756=ORIENTED_EDGE('',*,*,#1595,.T.);
#757=ORIENTED_EDGE('',*,*,#1591,.T.);
#758=ORIENTED_EDGE('',*,*,#1596,.F.);
#759=ORIENTED_EDGE('',*,*,#1597,.F.);
#760=ORIENTED_EDGE('',*,*,#1598,.T.);
#761=ORIENTED_EDGE('',*,*,#1599,.T.);
#762=ORIENTED_EDGE('',*,*,#1600,.T.);
#763=ORIENTED_EDGE('',*,*,#1601,.F.);
#764=ORIENTED_EDGE('',*,*,#1602,.F.);
#765=ORIENTED_EDGE('',*,*,#1597,.T.);
#766=ORIENTED_EDGE('',*,*,#1603,.F.);
#767=ORIENTED_EDGE('',*,*,#1604,.F.);
#768=ORIENTED_EDGE('',*,*,#1605,.T.);
#769=ORIENTED_EDGE('',*,*,#1601,.T.);
#770=ORIENTED_EDGE('',*,*,#1606,.T.);
#771=ORIENTED_EDGE('',*,*,#1607,.F.);
#772=ORIENTED_EDGE('',*,*,#1608,.F.);
#773=ORIENTED_EDGE('',*,*,#1604,.T.);
#774=ORIENTED_EDGE('',*,*,#1609,.F.);
#775=ORIENTED_EDGE('',*,*,#1610,.F.);
#776=ORIENTED_EDGE('',*,*,#1611,.T.);
#777=ORIENTED_EDGE('',*,*,#1607,.T.);
#778=ORIENTED_EDGE('',*,*,#1612,.F.);
#779=ORIENTED_EDGE('',*,*,#1613,.F.);
#780=ORIENTED_EDGE('',*,*,#1614,.T.);
#781=ORIENTED_EDGE('',*,*,#1610,.T.);
#782=ORIENTED_EDGE('',*,*,#1615,.F.);
#783=ORIENTED_EDGE('',*,*,#1616,.F.);
#784=ORIENTED_EDGE('',*,*,#1617,.T.);
#785=ORIENTED_EDGE('',*,*,#1613,.T.);
#786=ORIENTED_EDGE('',*,*,#1618,.F.);
#787=ORIENTED_EDGE('',*,*,#1619,.F.);
#788=ORIENTED_EDGE('',*,*,#1620,.T.);
#789=ORIENTED_EDGE('',*,*,#1621,.T.);
#790=ORIENTED_EDGE('',*,*,#1622,.T.);
#791=ORIENTED_EDGE('',*,*,#1623,.F.);
#792=ORIENTED_EDGE('',*,*,#1624,.F.);
#793=ORIENTED_EDGE('',*,*,#1619,.T.);
#794=ORIENTED_EDGE('',*,*,#1625,.F.);
#795=ORIENTED_EDGE('',*,*,#1626,.F.);
#796=ORIENTED_EDGE('',*,*,#1627,.T.);
#797=ORIENTED_EDGE('',*,*,#1623,.T.);
#798=ORIENTED_EDGE('',*,*,#1628,.T.);
#799=ORIENTED_EDGE('',*,*,#1629,.F.);
#800=ORIENTED_EDGE('',*,*,#1630,.F.);
#801=ORIENTED_EDGE('',*,*,#1626,.T.);
#802=ORIENTED_EDGE('',*,*,#1631,.F.);
#803=ORIENTED_EDGE('',*,*,#1632,.F.);
#804=ORIENTED_EDGE('',*,*,#1633,.T.);
#805=ORIENTED_EDGE('',*,*,#1629,.T.);
#806=ORIENTED_EDGE('',*,*,#1634,.F.);
#807=ORIENTED_EDGE('',*,*,#1635,.F.);
#808=ORIENTED_EDGE('',*,*,#1636,.T.);
#809=ORIENTED_EDGE('',*,*,#1632,.T.);
#810=ORIENTED_EDGE('',*,*,#1637,.F.);
#811=ORIENTED_EDGE('',*,*,#1638,.F.);
#812=ORIENTED_EDGE('',*,*,#1639,.T.);
#813=ORIENTED_EDGE('',*,*,#1635,.T.);
#814=ORIENTED_EDGE('',*,*,#1640,.F.);
#815=ORIENTED_EDGE('',*,*,#1641,.F.);
#816=ORIENTED_EDGE('',*,*,#1642,.T.);
#817=ORIENTED_EDGE('',*,*,#1643,.T.);
#818=ORIENTED_EDGE('',*,*,#1644,.T.);
#819=ORIENTED_EDGE('',*,*,#1645,.F.);
#820=ORIENTED_EDGE('',*,*,#1646,.F.);
#821=ORIENTED_EDGE('',*,*,#1641,.T.);
#822=ORIENTED_EDGE('',*,*,#1647,.F.);
#823=ORIENTED_EDGE('',*,*,#1648,.F.);
#824=ORIENTED_EDGE('',*,*,#1649,.T.);
#825=ORIENTED_EDGE('',*,*,#1645,.T.);
#826=ORIENTED_EDGE('',*,*,#1650,.T.);
#827=ORIENTED_EDGE('',*,*,#1651,.F.);
#828=ORIENTED_EDGE('',*,*,#1652,.F.);
#829=ORIENTED_EDGE('',*,*,#1648,.T.);
#830=ORIENTED_EDGE('',*,*,#1653,.F.);
#831=ORIENTED_EDGE('',*,*,#1654,.F.);
#832=ORIENTED_EDGE('',*,*,#1655,.T.);
#833=ORIENTED_EDGE('',*,*,#1651,.T.);
#834=ORIENTED_EDGE('',*,*,#1656,.F.);
#835=ORIENTED_EDGE('',*,*,#1657,.F.);
#836=ORIENTED_EDGE('',*,*,#1658,.T.);
#837=ORIENTED_EDGE('',*,*,#1654,.T.);
#838=ORIENTED_EDGE('',*,*,#1659,.F.);
#839=ORIENTED_EDGE('',*,*,#1660,.F.);
#840=ORIENTED_EDGE('',*,*,#1661,.T.);
#841=ORIENTED_EDGE('',*,*,#1657,.T.);
#842=ORIENTED_EDGE('',*,*,#1662,.F.);
#843=ORIENTED_EDGE('',*,*,#1663,.F.);
#844=ORIENTED_EDGE('',*,*,#1664,.T.);
#845=ORIENTED_EDGE('',*,*,#1665,.T.);
#846=ORIENTED_EDGE('',*,*,#1666,.T.);
#847=ORIENTED_EDGE('',*,*,#1667,.F.);
#848=ORIENTED_EDGE('',*,*,#1668,.F.);
#849=ORIENTED_EDGE('',*,*,#1663,.T.);
#850=ORIENTED_EDGE('',*,*,#1669,.F.);
#851=ORIENTED_EDGE('',*,*,#1670,.F.);
#852=ORIENTED_EDGE('',*,*,#1671,.T.);
#853=ORIENTED_EDGE('',*,*,#1667,.T.);
#854=ORIENTED_EDGE('',*,*,#1672,.T.);
#855=ORIENTED_EDGE('',*,*,#1673,.F.);
#856=ORIENTED_EDGE('',*,*,#1674,.F.);
#857=ORIENTED_EDGE('',*,*,#1670,.T.);
#858=ORIENTED_EDGE('',*,*,#1675,.F.);
#859=ORIENTED_EDGE('',*,*,#1676,.F.);
#860=ORIENTED_EDGE('',*,*,#1677,.T.);
#861=ORIENTED_EDGE('',*,*,#1673,.T.);
#862=ORIENTED_EDGE('',*,*,#1678,.F.);
#863=ORIENTED_EDGE('',*,*,#1679,.F.);
#864=ORIENTED_EDGE('',*,*,#1680,.T.);
#865=ORIENTED_EDGE('',*,*,#1676,.T.);
#866=ORIENTED_EDGE('',*,*,#1681,.F.);
#867=ORIENTED_EDGE('',*,*,#1682,.F.);
#868=ORIENTED_EDGE('',*,*,#1683,.T.);
#869=ORIENTED_EDGE('',*,*,#1679,.T.);
#870=ORIENTED_EDGE('',*,*,#1684,.F.);
#871=ORIENTED_EDGE('',*,*,#1685,.F.);
#872=ORIENTED_EDGE('',*,*,#1686,.T.);
#873=ORIENTED_EDGE('',*,*,#1687,.T.);
#874=ORIENTED_EDGE('',*,*,#1688,.T.);
#875=ORIENTED_EDGE('',*,*,#1689,.F.);
#876=ORIENTED_EDGE('',*,*,#1690,.F.);
#877=ORIENTED_EDGE('',*,*,#1685,.T.);
#878=ORIENTED_EDGE('',*,*,#1691,.F.);
#879=ORIENTED_EDGE('',*,*,#1692,.F.);
#880=ORIENTED_EDGE('',*,*,#1693,.T.);
#881=ORIENTED_EDGE('',*,*,#1689,.T.);
#882=ORIENTED_EDGE('',*,*,#1694,.T.);
#883=ORIENTED_EDGE('',*,*,#1695,.F.);
#884=ORIENTED_EDGE('',*,*,#1696,.F.);
#885=ORIENTED_EDGE('',*,*,#1692,.T.);
#886=ORIENTED_EDGE('',*,*,#1697,.F.);
#887=ORIENTED_EDGE('',*,*,#1698,.F.);
#888=ORIENTED_EDGE('',*,*,#1699,.T.);
#889=ORIENTED_EDGE('',*,*,#1695,.T.);
#890=ORIENTED_EDGE('',*,*,#1700,.F.);
#891=ORIENTED_EDGE('',*,*,#1701,.F.);
#892=ORIENTED_EDGE('',*,*,#1702,.T.);
#893=ORIENTED_EDGE('',*,*,#1698,.T.);
#894=ORIENTED_EDGE('',*,*,#1703,.F.);
#895=ORIENTED_EDGE('',*,*,#1704,.F.);
#896=ORIENTED_EDGE('',*,*,#1705,.T.);
#897=ORIENTED_EDGE('',*,*,#1701,.T.);
#898=ORIENTED_EDGE('',*,*,#1706,.F.);
#899=ORIENTED_EDGE('',*,*,#1707,.F.);
#900=ORIENTED_EDGE('',*,*,#1708,.T.);
#901=ORIENTED_EDGE('',*,*,#1709,.T.);
#902=ORIENTED_EDGE('',*,*,#1710,.T.);
#903=ORIENTED_EDGE('',*,*,#1711,.F.);
#904=ORIENTED_EDGE('',*,*,#1712,.F.);
#905=ORIENTED_EDGE('',*,*,#1707,.T.);
#906=ORIENTED_EDGE('',*,*,#1713,.F.);
#907=ORIENTED_EDGE('',*,*,#1714,.F.);
#908=ORIENTED_EDGE('',*,*,#1715,.T.);
#909=ORIENTED_EDGE('',*,*,#1711,.T.);
#910=ORIENTED_EDGE('',*,*,#1716,.T.);
#911=ORIENTED_EDGE('',*,*,#1717,.F.);
#912=ORIENTED_EDGE('',*,*,#1718,.F.);
#913=ORIENTED_EDGE('',*,*,#1714,.T.);
#914=ORIENTED_EDGE('',*,*,#1719,.F.);
#915=ORIENTED_EDGE('',*,*,#1720,.F.);
#916=ORIENTED_EDGE('',*,*,#1721,.T.);
#917=ORIENTED_EDGE('',*,*,#1717,.T.);
#918=ORIENTED_EDGE('',*,*,#1722,.F.);
#919=ORIENTED_EDGE('',*,*,#1723,.F.);
#920=ORIENTED_EDGE('',*,*,#1724,.T.);
#921=ORIENTED_EDGE('',*,*,#1720,.T.);
#922=ORIENTED_EDGE('',*,*,#1725,.F.);
#923=ORIENTED_EDGE('',*,*,#1726,.F.);
#924=ORIENTED_EDGE('',*,*,#1727,.T.);
#925=ORIENTED_EDGE('',*,*,#1723,.T.);
#926=ORIENTED_EDGE('',*,*,#1728,.F.);
#927=ORIENTED_EDGE('',*,*,#1729,.F.);
#928=ORIENTED_EDGE('',*,*,#1730,.T.);
#929=ORIENTED_EDGE('',*,*,#1731,.T.);
#930=ORIENTED_EDGE('',*,*,#1732,.T.);
#931=ORIENTED_EDGE('',*,*,#1733,.F.);
#932=ORIENTED_EDGE('',*,*,#1734,.F.);
#933=ORIENTED_EDGE('',*,*,#1729,.T.);
#934=ORIENTED_EDGE('',*,*,#1735,.F.);
#935=ORIENTED_EDGE('',*,*,#1736,.F.);
#936=ORIENTED_EDGE('',*,*,#1737,.T.);
#937=ORIENTED_EDGE('',*,*,#1733,.T.);
#938=ORIENTED_EDGE('',*,*,#1738,.T.);
#939=ORIENTED_EDGE('',*,*,#1739,.F.);
#940=ORIENTED_EDGE('',*,*,#1740,.F.);
#941=ORIENTED_EDGE('',*,*,#1736,.T.);
#942=ORIENTED_EDGE('',*,*,#1741,.F.);
#943=ORIENTED_EDGE('',*,*,#1742,.F.);
#944=ORIENTED_EDGE('',*,*,#1743,.T.);
#945=ORIENTED_EDGE('',*,*,#1739,.T.);
#946=ORIENTED_EDGE('',*,*,#1744,.F.);
#947=ORIENTED_EDGE('',*,*,#1745,.F.);
#948=ORIENTED_EDGE('',*,*,#1746,.T.);
#949=ORIENTED_EDGE('',*,*,#1742,.T.);
#950=ORIENTED_EDGE('',*,*,#1747,.F.);
#951=ORIENTED_EDGE('',*,*,#1748,.F.);
#952=ORIENTED_EDGE('',*,*,#1749,.T.);
#953=ORIENTED_EDGE('',*,*,#1745,.T.);
#954=ORIENTED_EDGE('',*,*,#1750,.F.);
#955=ORIENTED_EDGE('',*,*,#1751,.F.);
#956=ORIENTED_EDGE('',*,*,#1752,.T.);
#957=ORIENTED_EDGE('',*,*,#1753,.T.);
#958=ORIENTED_EDGE('',*,*,#1754,.T.);
#959=ORIENTED_EDGE('',*,*,#1755,.F.);
#960=ORIENTED_EDGE('',*,*,#1756,.F.);
#961=ORIENTED_EDGE('',*,*,#1751,.T.);
#962=ORIENTED_EDGE('',*,*,#1757,.F.);
#963=ORIENTED_EDGE('',*,*,#1758,.F.);
#964=ORIENTED_EDGE('',*,*,#1759,.T.);
#965=ORIENTED_EDGE('',*,*,#1755,.T.);
#966=ORIENTED_EDGE('',*,*,#1760,.T.);
#967=ORIENTED_EDGE('',*,*,#1761,.F.);
#968=ORIENTED_EDGE('',*,*,#1762,.F.);
#969=ORIENTED_EDGE('',*,*,#1758,.T.);
#970=ORIENTED_EDGE('',*,*,#1763,.F.);
#971=ORIENTED_EDGE('',*,*,#1764,.F.);
#972=ORIENTED_EDGE('',*,*,#1765,.T.);
#973=ORIENTED_EDGE('',*,*,#1761,.T.);
#974=ORIENTED_EDGE('',*,*,#1766,.F.);
#975=ORIENTED_EDGE('',*,*,#1767,.F.);
#976=ORIENTED_EDGE('',*,*,#1768,.T.);
#977=ORIENTED_EDGE('',*,*,#1764,.T.);
#978=ORIENTED_EDGE('',*,*,#1769,.F.);
#979=ORIENTED_EDGE('',*,*,#1770,.F.);
#980=ORIENTED_EDGE('',*,*,#1771,.T.);
#981=ORIENTED_EDGE('',*,*,#1767,.T.);
#982=ORIENTED_EDGE('',*,*,#1772,.F.);
#983=ORIENTED_EDGE('',*,*,#1773,.F.);
#984=ORIENTED_EDGE('',*,*,#1774,.T.);
#985=ORIENTED_EDGE('',*,*,#1775,.T.);
#986=ORIENTED_EDGE('',*,*,#1776,.T.);
#987=ORIENTED_EDGE('',*,*,#1777,.F.);
#988=ORIENTED_EDGE('',*,*,#1778,.F.);
#989=ORIENTED_EDGE('',*,*,#1773,.T.);
#990=ORIENTED_EDGE('',*,*,#1779,.F.);
#991=ORIENTED_EDGE('',*,*,#1780,.F.);
#992=ORIENTED_EDGE('',*,*,#1781,.T.);
#993=ORIENTED_EDGE('',*,*,#1777,.T.);
#994=ORIENTED_EDGE('',*,*,#1782,.T.);
#995=ORIENTED_EDGE('',*,*,#1783,.F.);
#996=ORIENTED_EDGE('',*,*,#1784,.F.);
#997=ORIENTED_EDGE('',*,*,#1780,.T.);
#998=ORIENTED_EDGE('',*,*,#1785,.F.);
#999=ORIENTED_EDGE('',*,*,#1786,.F.);
#1000=ORIENTED_EDGE('',*,*,#1787,.T.);
#1001=ORIENTED_EDGE('',*,*,#1783,.T.);
#1002=ORIENTED_EDGE('',*,*,#1788,.F.);
#1003=ORIENTED_EDGE('',*,*,#1789,.F.);
#1004=ORIENTED_EDGE('',*,*,#1790,.T.);
#1005=ORIENTED_EDGE('',*,*,#1786,.T.);
#1006=ORIENTED_EDGE('',*,*,#1791,.F.);
#1007=ORIENTED_EDGE('',*,*,#1792,.F.);
#1008=ORIENTED_EDGE('',*,*,#1793,.T.);
#1009=ORIENTED_EDGE('',*,*,#1789,.T.);
#1010=ORIENTED_EDGE('',*,*,#1794,.F.);
#1011=ORIENTED_EDGE('',*,*,#1795,.F.);
#1012=ORIENTED_EDGE('',*,*,#1796,.T.);
#1013=ORIENTED_EDGE('',*,*,#1797,.T.);
#1014=ORIENTED_EDGE('',*,*,#1798,.T.);
#1015=ORIENTED_EDGE('',*,*,#1799,.F.);
#1016=ORIENTED_EDGE('',*,*,#1800,.F.);
#1017=ORIENTED_EDGE('',*,*,#1795,.T.);
#1018=ORIENTED_EDGE('',*,*,#1801,.F.);
#1019=ORIENTED_EDGE('',*,*,#1802,.F.);
#1020=ORIENTED_EDGE('',*,*,#1803,.T.);
#1021=ORIENTED_EDGE('',*,*,#1799,.T.);
#1022=ORIENTED_EDGE('',*,*,#1804,.T.);
#1023=ORIENTED_EDGE('',*,*,#1805,.F.);
#1024=ORIENTED_EDGE('',*,*,#1806,.F.);
#1025=ORIENTED_EDGE('',*,*,#1802,.T.);
#1026=ORIENTED_EDGE('',*,*,#1807,.F.);
#1027=ORIENTED_EDGE('',*,*,#1808,.F.);
#1028=ORIENTED_EDGE('',*,*,#1809,.T.);
#1029=ORIENTED_EDGE('',*,*,#1805,.T.);
#1030=ORIENTED_EDGE('',*,*,#1810,.F.);
#1031=ORIENTED_EDGE('',*,*,#1811,.F.);
#1032=ORIENTED_EDGE('',*,*,#1812,.T.);
#1033=ORIENTED_EDGE('',*,*,#1808,.T.);
#1034=ORIENTED_EDGE('',*,*,#1813,.F.);
#1035=ORIENTED_EDGE('',*,*,#1814,.F.);
#1036=ORIENTED_EDGE('',*,*,#1815,.T.);
#1037=ORIENTED_EDGE('',*,*,#1811,.T.);
#1038=ORIENTED_EDGE('',*,*,#1816,.F.);
#1039=ORIENTED_EDGE('',*,*,#1817,.F.);
#1040=ORIENTED_EDGE('',*,*,#1818,.T.);
#1041=ORIENTED_EDGE('',*,*,#1819,.T.);
#1042=ORIENTED_EDGE('',*,*,#1820,.T.);
#1043=ORIENTED_EDGE('',*,*,#1821,.F.);
#1044=ORIENTED_EDGE('',*,*,#1822,.F.);
#1045=ORIENTED_EDGE('',*,*,#1817,.T.);
#1046=ORIENTED_EDGE('',*,*,#1823,.F.);
#1047=ORIENTED_EDGE('',*,*,#1824,.F.);
#1048=ORIENTED_EDGE('',*,*,#1825,.T.);
#1049=ORIENTED_EDGE('',*,*,#1821,.T.);
#1050=ORIENTED_EDGE('',*,*,#1826,.T.);
#1051=ORIENTED_EDGE('',*,*,#1827,.F.);
#1052=ORIENTED_EDGE('',*,*,#1828,.F.);
#1053=ORIENTED_EDGE('',*,*,#1824,.T.);
#1054=ORIENTED_EDGE('',*,*,#1829,.F.);
#1055=ORIENTED_EDGE('',*,*,#1830,.F.);
#1056=ORIENTED_EDGE('',*,*,#1831,.T.);
#1057=ORIENTED_EDGE('',*,*,#1827,.T.);
#1058=ORIENTED_EDGE('',*,*,#1832,.F.);
#1059=ORIENTED_EDGE('',*,*,#1833,.F.);
#1060=ORIENTED_EDGE('',*,*,#1834,.T.);
#1061=ORIENTED_EDGE('',*,*,#1830,.T.);
#1062=ORIENTED_EDGE('',*,*,#1835,.F.);
#1063=ORIENTED_EDGE('',*,*,#1836,.F.);
#1064=ORIENTED_EDGE('',*,*,#1837,.T.);
#1065=ORIENTED_EDGE('',*,*,#1833,.T.);
#1066=ORIENTED_EDGE('',*,*,#1838,.F.);
#1067=ORIENTED_EDGE('',*,*,#1839,.F.);
#1068=ORIENTED_EDGE('',*,*,#1840,.T.);
#1069=ORIENTED_EDGE('',*,*,#1841,.T.);
#1070=ORIENTED_EDGE('',*,*,#1842,.T.);
#1071=ORIENTED_EDGE('',*,*,#1843,.F.);
#1072=ORIENTED_EDGE('',*,*,#1844,.F.);
#1073=ORIENTED_EDGE('',*,*,#1839,.T.);
#1074=ORIENTED_EDGE('',*,*,#1845,.F.);
#1075=ORIENTED_EDGE('',*,*,#1846,.F.);
#1076=ORIENTED_EDGE('',*,*,#1847,.T.);
#1077=ORIENTED_EDGE('',*,*,#1843,.T.);
#1078=ORIENTED_EDGE('',*,*,#1848,.T.);
#1079=ORIENTED_EDGE('',*,*,#1849,.F.);
#1080=ORIENTED_EDGE('',*,*,#1850,.F.);
#1081=ORIENTED_EDGE('',*,*,#1846,.T.);
#1082=ORIENTED_EDGE('',*,*,#1851,.F.);
#1083=ORIENTED_EDGE('',*,*,#1852,.F.);
#1084=ORIENTED_EDGE('',*,*,#1853,.T.);
#1085=ORIENTED_EDGE('',*,*,#1849,.T.);
#1086=ORIENTED_EDGE('',*,*,#1854,.F.);
#1087=ORIENTED_EDGE('',*,*,#1855,.F.);
#1088=ORIENTED_EDGE('',*,*,#1856,.T.);
#1089=ORIENTED_EDGE('',*,*,#1852,.T.);
#1090=ORIENTED_EDGE('',*,*,#1857,.F.);
#1091=ORIENTED_EDGE('',*,*,#1858,.F.);
#1092=ORIENTED_EDGE('',*,*,#1859,.T.);
#1093=ORIENTED_EDGE('',*,*,#1855,.T.);
#1094=ORIENTED_EDGE('',*,*,#1860,.F.);
#1095=ORIENTED_EDGE('',*,*,#1861,.F.);
#1096=ORIENTED_EDGE('',*,*,#1862,.T.);
#1097=ORIENTED_EDGE('',*,*,#1863,.T.);
#1098=ORIENTED_EDGE('',*,*,#1864,.T.);
#1099=ORIENTED_EDGE('',*,*,#1865,.F.);
#1100=ORIENTED_EDGE('',*,*,#1866,.F.);
#1101=ORIENTED_EDGE('',*,*,#1861,.T.);
#1102=ORIENTED_EDGE('',*,*,#1867,.F.);
#1103=ORIENTED_EDGE('',*,*,#1868,.F.);
#1104=ORIENTED_EDGE('',*,*,#1869,.T.);
#1105=ORIENTED_EDGE('',*,*,#1865,.T.);
#1106=ORIENTED_EDGE('',*,*,#1870,.T.);
#1107=ORIENTED_EDGE('',*,*,#1871,.F.);
#1108=ORIENTED_EDGE('',*,*,#1872,.F.);
#1109=ORIENTED_EDGE('',*,*,#1868,.T.);
#1110=ORIENTED_EDGE('',*,*,#1873,.F.);
#1111=ORIENTED_EDGE('',*,*,#1874,.F.);
#1112=ORIENTED_EDGE('',*,*,#1875,.T.);
#1113=ORIENTED_EDGE('',*,*,#1871,.T.);
#1114=ORIENTED_EDGE('',*,*,#1876,.F.);
#1115=ORIENTED_EDGE('',*,*,#1877,.F.);
#1116=ORIENTED_EDGE('',*,*,#1878,.T.);
#1117=ORIENTED_EDGE('',*,*,#1874,.T.);
#1118=ORIENTED_EDGE('',*,*,#1879,.F.);
#1119=ORIENTED_EDGE('',*,*,#1880,.F.);
#1120=ORIENTED_EDGE('',*,*,#1881,.T.);
#1121=ORIENTED_EDGE('',*,*,#1877,.T.);
#1122=ORIENTED_EDGE('',*,*,#1882,.F.);
#1123=ORIENTED_EDGE('',*,*,#1533,.F.);
#1124=ORIENTED_EDGE('',*,*,#1883,.T.);
#1125=ORIENTED_EDGE('',*,*,#1550,.T.);
#1126=ORIENTED_EDGE('',*,*,#1884,.F.);
#1127=ORIENTED_EDGE('',*,*,#1555,.F.);
#1128=ORIENTED_EDGE('',*,*,#1885,.T.);
#1129=ORIENTED_EDGE('',*,*,#1572,.T.);
#1130=ORIENTED_EDGE('',*,*,#1886,.F.);
#1131=ORIENTED_EDGE('',*,*,#1577,.F.);
#1132=ORIENTED_EDGE('',*,*,#1887,.T.);
#1133=ORIENTED_EDGE('',*,*,#1594,.T.);
#1134=ORIENTED_EDGE('',*,*,#1888,.F.);
#1135=ORIENTED_EDGE('',*,*,#1599,.F.);
#1136=ORIENTED_EDGE('',*,*,#1889,.T.);
#1137=ORIENTED_EDGE('',*,*,#1616,.T.);
#1138=ORIENTED_EDGE('',*,*,#1890,.F.);
#1139=ORIENTED_EDGE('',*,*,#1621,.F.);
#1140=ORIENTED_EDGE('',*,*,#1891,.T.);
#1141=ORIENTED_EDGE('',*,*,#1638,.T.);
#1142=ORIENTED_EDGE('',*,*,#1892,.F.);
#1143=ORIENTED_EDGE('',*,*,#1643,.F.);
#1144=ORIENTED_EDGE('',*,*,#1893,.T.);
#1145=ORIENTED_EDGE('',*,*,#1660,.T.);
#1146=ORIENTED_EDGE('',*,*,#1894,.F.);
#1147=ORIENTED_EDGE('',*,*,#1665,.F.);
#1148=ORIENTED_EDGE('',*,*,#1895,.T.);
#1149=ORIENTED_EDGE('',*,*,#1682,.T.);
#1150=ORIENTED_EDGE('',*,*,#1896,.F.);
#1151=ORIENTED_EDGE('',*,*,#1687,.F.);
#1152=ORIENTED_EDGE('',*,*,#1897,.T.);
#1153=ORIENTED_EDGE('',*,*,#1704,.T.);
#1154=ORIENTED_EDGE('',*,*,#1898,.F.);
#1155=ORIENTED_EDGE('',*,*,#1709,.F.);
#1156=ORIENTED_EDGE('',*,*,#1899,.T.);
#1157=ORIENTED_EDGE('',*,*,#1726,.T.);
#1158=ORIENTED_EDGE('',*,*,#1900,.F.);
#1159=ORIENTED_EDGE('',*,*,#1731,.F.);
#1160=ORIENTED_EDGE('',*,*,#1901,.T.);
#1161=ORIENTED_EDGE('',*,*,#1748,.T.);
#1162=ORIENTED_EDGE('',*,*,#1902,.F.);
#1163=ORIENTED_EDGE('',*,*,#1753,.F.);
#1164=ORIENTED_EDGE('',*,*,#1903,.T.);
#1165=ORIENTED_EDGE('',*,*,#1770,.T.);
#1166=ORIENTED_EDGE('',*,*,#1904,.F.);
#1167=ORIENTED_EDGE('',*,*,#1775,.F.);
#1168=ORIENTED_EDGE('',*,*,#1905,.T.);
#1169=ORIENTED_EDGE('',*,*,#1792,.T.);
#1170=ORIENTED_EDGE('',*,*,#1906,.F.);
#1171=ORIENTED_EDGE('',*,*,#1797,.F.);
#1172=ORIENTED_EDGE('',*,*,#1907,.T.);
#1173=ORIENTED_EDGE('',*,*,#1814,.T.);
#1174=ORIENTED_EDGE('',*,*,#1908,.F.);
#1175=ORIENTED_EDGE('',*,*,#1819,.F.);
#1176=ORIENTED_EDGE('',*,*,#1909,.T.);
#1177=ORIENTED_EDGE('',*,*,#1836,.T.);
#1178=ORIENTED_EDGE('',*,*,#1910,.F.);
#1179=ORIENTED_EDGE('',*,*,#1841,.F.);
#1180=ORIENTED_EDGE('',*,*,#1911,.T.);
#1181=ORIENTED_EDGE('',*,*,#1858,.T.);
#1182=ORIENTED_EDGE('',*,*,#1912,.F.);
#1183=ORIENTED_EDGE('',*,*,#1863,.F.);
#1184=ORIENTED_EDGE('',*,*,#1913,.T.);
#1185=ORIENTED_EDGE('',*,*,#1880,.T.);
#1186=ORIENTED_EDGE('',*,*,#1862,.F.);
#1187=ORIENTED_EDGE('',*,*,#1866,.T.);
#1188=ORIENTED_EDGE('',*,*,#1869,.F.);
#1189=ORIENTED_EDGE('',*,*,#1872,.T.);
#1190=ORIENTED_EDGE('',*,*,#1875,.F.);
#1191=ORIENTED_EDGE('',*,*,#1878,.F.);
#1192=ORIENTED_EDGE('',*,*,#1881,.F.);
#1193=ORIENTED_EDGE('',*,*,#1913,.F.);
#1194=ORIENTED_EDGE('',*,*,#1840,.F.);
#1195=ORIENTED_EDGE('',*,*,#1844,.T.);
#1196=ORIENTED_EDGE('',*,*,#1847,.F.);
#1197=ORIENTED_EDGE('',*,*,#1850,.T.);
#1198=ORIENTED_EDGE('',*,*,#1853,.F.);
#1199=ORIENTED_EDGE('',*,*,#1856,.F.);
#1200=ORIENTED_EDGE('',*,*,#1859,.F.);
#1201=ORIENTED_EDGE('',*,*,#1911,.F.);
#1202=ORIENTED_EDGE('',*,*,#1818,.F.);
#1203=ORIENTED_EDGE('',*,*,#1822,.T.);
#1204=ORIENTED_EDGE('',*,*,#1825,.F.);
#1205=ORIENTED_EDGE('',*,*,#1828,.T.);
#1206=ORIENTED_EDGE('',*,*,#1831,.F.);
#1207=ORIENTED_EDGE('',*,*,#1834,.F.);
#1208=ORIENTED_EDGE('',*,*,#1837,.F.);
#1209=ORIENTED_EDGE('',*,*,#1909,.F.);
#1210=ORIENTED_EDGE('',*,*,#1796,.F.);
#1211=ORIENTED_EDGE('',*,*,#1800,.T.);
#1212=ORIENTED_EDGE('',*,*,#1803,.F.);
#1213=ORIENTED_EDGE('',*,*,#1806,.T.);
#1214=ORIENTED_EDGE('',*,*,#1809,.F.);
#1215=ORIENTED_EDGE('',*,*,#1812,.F.);
#1216=ORIENTED_EDGE('',*,*,#1815,.F.);
#1217=ORIENTED_EDGE('',*,*,#1907,.F.);
#1218=ORIENTED_EDGE('',*,*,#1774,.F.);
#1219=ORIENTED_EDGE('',*,*,#1778,.T.);
#1220=ORIENTED_EDGE('',*,*,#1781,.F.);
#1221=ORIENTED_EDGE('',*,*,#1784,.T.);
#1222=ORIENTED_EDGE('',*,*,#1787,.F.);
#1223=ORIENTED_EDGE('',*,*,#1790,.F.);
#1224=ORIENTED_EDGE('',*,*,#1793,.F.);
#1225=ORIENTED_EDGE('',*,*,#1905,.F.);
#1226=ORIENTED_EDGE('',*,*,#1752,.F.);
#1227=ORIENTED_EDGE('',*,*,#1756,.T.);
#1228=ORIENTED_EDGE('',*,*,#1759,.F.);
#1229=ORIENTED_EDGE('',*,*,#1762,.T.);
#1230=ORIENTED_EDGE('',*,*,#1765,.F.);
#1231=ORIENTED_EDGE('',*,*,#1768,.F.);
#1232=ORIENTED_EDGE('',*,*,#1771,.F.);
#1233=ORIENTED_EDGE('',*,*,#1903,.F.);
#1234=ORIENTED_EDGE('',*,*,#1730,.F.);
#1235=ORIENTED_EDGE('',*,*,#1734,.T.);
#1236=ORIENTED_EDGE('',*,*,#1737,.F.);
#1237=ORIENTED_EDGE('',*,*,#1740,.T.);
#1238=ORIENTED_EDGE('',*,*,#1743,.F.);
#1239=ORIENTED_EDGE('',*,*,#1746,.F.);
#1240=ORIENTED_EDGE('',*,*,#1749,.F.);
#1241=ORIENTED_EDGE('',*,*,#1901,.F.);
#1242=ORIENTED_EDGE('',*,*,#1708,.F.);
#1243=ORIENTED_EDGE('',*,*,#1712,.T.);
#1244=ORIENTED_EDGE('',*,*,#1715,.F.);
#1245=ORIENTED_EDGE('',*,*,#1718,.T.);
#1246=ORIENTED_EDGE('',*,*,#1721,.F.);
#1247=ORIENTED_EDGE('',*,*,#1724,.F.);
#1248=ORIENTED_EDGE('',*,*,#1727,.F.);
#1249=ORIENTED_EDGE('',*,*,#1899,.F.);
#1250=ORIENTED_EDGE('',*,*,#1686,.F.);
#1251=ORIENTED_EDGE('',*,*,#1690,.T.);
#1252=ORIENTED_EDGE('',*,*,#1693,.F.);
#1253=ORIENTED_EDGE('',*,*,#1696,.T.);
#1254=ORIENTED_EDGE('',*,*,#1699,.F.);
#1255=ORIENTED_EDGE('',*,*,#1702,.F.);
#1256=ORIENTED_EDGE('',*,*,#1705,.F.);
#1257=ORIENTED_EDGE('',*,*,#1897,.F.);
#1258=ORIENTED_EDGE('',*,*,#1664,.F.);
#1259=ORIENTED_EDGE('',*,*,#1668,.T.);
#1260=ORIENTED_EDGE('',*,*,#1671,.F.);
#1261=ORIENTED_EDGE('',*,*,#1674,.T.);
#1262=ORIENTED_EDGE('',*,*,#1677,.F.);
#1263=ORIENTED_EDGE('',*,*,#1680,.F.);
#1264=ORIENTED_EDGE('',*,*,#1683,.F.);
#1265=ORIENTED_EDGE('',*,*,#1895,.F.);
#1266=ORIENTED_EDGE('',*,*,#1642,.F.);
#1267=ORIENTED_EDGE('',*,*,#1646,.T.);
#1268=ORIENTED_EDGE('',*,*,#1649,.F.);
#1269=ORIENTED_EDGE('',*,*,#1652,.T.);
#1270=ORIENTED_EDGE('',*,*,#1655,.F.);
#1271=ORIENTED_EDGE('',*,*,#1658,.F.);
#1272=ORIENTED_EDGE('',*,*,#1661,.F.);
#1273=ORIENTED_EDGE('',*,*,#1893,.F.);
#1274=ORIENTED_EDGE('',*,*,#1620,.F.);
#1275=ORIENTED_EDGE('',*,*,#1624,.T.);
#1276=ORIENTED_EDGE('',*,*,#1627,.F.);
#1277=ORIENTED_EDGE('',*,*,#1630,.T.);
#1278=ORIENTED_EDGE('',*,*,#1633,.F.);
#1279=ORIENTED_EDGE('',*,*,#1636,.F.);
#1280=ORIENTED_EDGE('',*,*,#1639,.F.);
#1281=ORIENTED_EDGE('',*,*,#1891,.F.);
#1282=ORIENTED_EDGE('',*,*,#1598,.F.);
#1283=ORIENTED_EDGE('',*,*,#1602,.T.);
#1284=ORIENTED_EDGE('',*,*,#1605,.F.);
#1285=ORIENTED_EDGE('',*,*,#1608,.T.);
#1286=ORIENTED_EDGE('',*,*,#1611,.F.);
#1287=ORIENTED_EDGE('',*,*,#1614,.F.);
#1288=ORIENTED_EDGE('',*,*,#1617,.F.);
#1289=ORIENTED_EDGE('',*,*,#1889,.F.);
#1290=ORIENTED_EDGE('',*,*,#1576,.F.);
#1291=ORIENTED_EDGE('',*,*,#1580,.T.);
#1292=ORIENTED_EDGE('',*,*,#1583,.F.);
#1293=ORIENTED_EDGE('',*,*,#1586,.T.);
#1294=ORIENTED_EDGE('',*,*,#1589,.F.);
#1295=ORIENTED_EDGE('',*,*,#1592,.F.);
#1296=ORIENTED_EDGE('',*,*,#1595,.F.);
#1297=ORIENTED_EDGE('',*,*,#1887,.F.);
#1298=ORIENTED_EDGE('',*,*,#1554,.F.);
#1299=ORIENTED_EDGE('',*,*,#1558,.T.);
#1300=ORIENTED_EDGE('',*,*,#1561,.F.);
#1301=ORIENTED_EDGE('',*,*,#1564,.T.);
#1302=ORIENTED_EDGE('',*,*,#1567,.F.);
#1303=ORIENTED_EDGE('',*,*,#1570,.F.);
#1304=ORIENTED_EDGE('',*,*,#1573,.F.);
#1305=ORIENTED_EDGE('',*,*,#1885,.F.);
#1306=ORIENTED_EDGE('',*,*,#1532,.F.);
#1307=ORIENTED_EDGE('',*,*,#1536,.T.);
#1308=ORIENTED_EDGE('',*,*,#1539,.F.);
#1309=ORIENTED_EDGE('',*,*,#1542,.T.);
#1310=ORIENTED_EDGE('',*,*,#1545,.F.);
#1311=ORIENTED_EDGE('',*,*,#1548,.F.);
#1312=ORIENTED_EDGE('',*,*,#1551,.F.);
#1313=ORIENTED_EDGE('',*,*,#1883,.F.);
#1314=ORIENTED_EDGE('',*,*,#1914,.F.);
#1315=ORIENTED_EDGE('',*,*,#1915,.F.);
#1316=ORIENTED_EDGE('',*,*,#1916,.F.);
#1317=ORIENTED_EDGE('',*,*,#1917,.F.);
#1318=ORIENTED_EDGE('',*,*,#1918,.F.);
#1319=ORIENTED_EDGE('',*,*,#1919,.F.);
#1320=ORIENTED_EDGE('',*,*,#1920,.T.);
#1321=ORIENTED_EDGE('',*,*,#1921,.T.);
#1322=ORIENTED_EDGE('',*,*,#1922,.F.);
#1323=ORIENTED_EDGE('',*,*,#1923,.F.);
#1324=ORIENTED_EDGE('',*,*,#1924,.F.);
#1325=ORIENTED_EDGE('',*,*,#1925,.F.);
#1326=ORIENTED_EDGE('',*,*,#1926,.T.);
#1327=ORIENTED_EDGE('',*,*,#1927,.T.);
#1328=ORIENTED_EDGE('',*,*,#1928,.T.);
#1329=ORIENTED_EDGE('',*,*,#1929,.T.);
#1330=ORIENTED_EDGE('',*,*,#1860,.T.);
#1331=ORIENTED_EDGE('',*,*,#1912,.T.);
#1332=ORIENTED_EDGE('',*,*,#1879,.T.);
#1333=ORIENTED_EDGE('',*,*,#1876,.T.);
#1334=ORIENTED_EDGE('',*,*,#1873,.T.);
#1335=ORIENTED_EDGE('',*,*,#1870,.F.);
#1336=ORIENTED_EDGE('',*,*,#1867,.T.);
#1337=ORIENTED_EDGE('',*,*,#1864,.F.);
#1338=ORIENTED_EDGE('',*,*,#1838,.T.);
#1339=ORIENTED_EDGE('',*,*,#1910,.T.);
#1340=ORIENTED_EDGE('',*,*,#1857,.T.);
#1341=ORIENTED_EDGE('',*,*,#1854,.T.);
#1342=ORIENTED_EDGE('',*,*,#1851,.T.);
#1343=ORIENTED_EDGE('',*,*,#1848,.F.);
#1344=ORIENTED_EDGE('',*,*,#1845,.T.);
#1345=ORIENTED_EDGE('',*,*,#1842,.F.);
#1346=ORIENTED_EDGE('',*,*,#1816,.T.);
#1347=ORIENTED_EDGE('',*,*,#1908,.T.);
#1348=ORIENTED_EDGE('',*,*,#1835,.T.);
#1349=ORIENTED_EDGE('',*,*,#1832,.T.);
#1350=ORIENTED_EDGE('',*,*,#1829,.T.);
#1351=ORIENTED_EDGE('',*,*,#1826,.F.);
#1352=ORIENTED_EDGE('',*,*,#1823,.T.);
#1353=ORIENTED_EDGE('',*,*,#1820,.F.);
#1354=ORIENTED_EDGE('',*,*,#1794,.T.);
#1355=ORIENTED_EDGE('',*,*,#1906,.T.);
#1356=ORIENTED_EDGE('',*,*,#1813,.T.);
#1357=ORIENTED_EDGE('',*,*,#1810,.T.);
#1358=ORIENTED_EDGE('',*,*,#1807,.T.);
#1359=ORIENTED_EDGE('',*,*,#1804,.F.);
#1360=ORIENTED_EDGE('',*,*,#1801,.T.);
#1361=ORIENTED_EDGE('',*,*,#1798,.F.);
#1362=ORIENTED_EDGE('',*,*,#1772,.T.);
#1363=ORIENTED_EDGE('',*,*,#1904,.T.);
#1364=ORIENTED_EDGE('',*,*,#1791,.T.);
#1365=ORIENTED_EDGE('',*,*,#1788,.T.);
#1366=ORIENTED_EDGE('',*,*,#1785,.T.);
#1367=ORIENTED_EDGE('',*,*,#1782,.F.);
#1368=ORIENTED_EDGE('',*,*,#1779,.T.);
#1369=ORIENTED_EDGE('',*,*,#1776,.F.);
#1370=ORIENTED_EDGE('',*,*,#1750,.T.);
#1371=ORIENTED_EDGE('',*,*,#1902,.T.);
#1372=ORIENTED_EDGE('',*,*,#1769,.T.);
#1373=ORIENTED_EDGE('',*,*,#1766,.T.);
#1374=ORIENTED_EDGE('',*,*,#1763,.T.);
#1375=ORIENTED_EDGE('',*,*,#1760,.F.);
#1376=ORIENTED_EDGE('',*,*,#1757,.T.);
#1377=ORIENTED_EDGE('',*,*,#1754,.F.);
#1378=ORIENTED_EDGE('',*,*,#1728,.T.);
#1379=ORIENTED_EDGE('',*,*,#1900,.T.);
#1380=ORIENTED_EDGE('',*,*,#1747,.T.);
#1381=ORIENTED_EDGE('',*,*,#1744,.T.);
#1382=ORIENTED_EDGE('',*,*,#1741,.T.);
#1383=ORIENTED_EDGE('',*,*,#1738,.F.);
#1384=ORIENTED_EDGE('',*,*,#1735,.T.);
#1385=ORIENTED_EDGE('',*,*,#1732,.F.);
#1386=ORIENTED_EDGE('',*,*,#1706,.T.);
#1387=ORIENTED_EDGE('',*,*,#1898,.T.);
#1388=ORIENTED_EDGE('',*,*,#1725,.T.);
#1389=ORIENTED_EDGE('',*,*,#1722,.T.);
#1390=ORIENTED_EDGE('',*,*,#1719,.T.);
#1391=ORIENTED_EDGE('',*,*,#1716,.F.);
#1392=ORIENTED_EDGE('',*,*,#1713,.T.);
#1393=ORIENTED_EDGE('',*,*,#1710,.F.);
#1394=ORIENTED_EDGE('',*,*,#1684,.T.);
#1395=ORIENTED_EDGE('',*,*,#1896,.T.);
#1396=ORIENTED_EDGE('',*,*,#1703,.T.);
#1397=ORIENTED_EDGE('',*,*,#1700,.T.);
#1398=ORIENTED_EDGE('',*,*,#1697,.T.);
#1399=ORIENTED_EDGE('',*,*,#1694,.F.);
#1400=ORIENTED_EDGE('',*,*,#1691,.T.);
#1401=ORIENTED_EDGE('',*,*,#1688,.F.);
#1402=ORIENTED_EDGE('',*,*,#1662,.T.);
#1403=ORIENTED_EDGE('',*,*,#1894,.T.);
#1404=ORIENTED_EDGE('',*,*,#1681,.T.);
#1405=ORIENTED_EDGE('',*,*,#1678,.T.);
#1406=ORIENTED_EDGE('',*,*,#1675,.T.);
#1407=ORIENTED_EDGE('',*,*,#1672,.F.);
#1408=ORIENTED_EDGE('',*,*,#1669,.T.);
#1409=ORIENTED_EDGE('',*,*,#1666,.F.);
#1410=ORIENTED_EDGE('',*,*,#1640,.T.);
#1411=ORIENTED_EDGE('',*,*,#1892,.T.);
#1412=ORIENTED_EDGE('',*,*,#1659,.T.);
#1413=ORIENTED_EDGE('',*,*,#1656,.T.);
#1414=ORIENTED_EDGE('',*,*,#1653,.T.);
#1415=ORIENTED_EDGE('',*,*,#1650,.F.);
#1416=ORIENTED_EDGE('',*,*,#1647,.T.);
#1417=ORIENTED_EDGE('',*,*,#1644,.F.);
#1418=ORIENTED_EDGE('',*,*,#1618,.T.);
#1419=ORIENTED_EDGE('',*,*,#1890,.T.);
#1420=ORIENTED_EDGE('',*,*,#1637,.T.);
#1421=ORIENTED_EDGE('',*,*,#1634,.T.);
#1422=ORIENTED_EDGE('',*,*,#1631,.T.);
#1423=ORIENTED_EDGE('',*,*,#1628,.F.);
#1424=ORIENTED_EDGE('',*,*,#1625,.T.);
#1425=ORIENTED_EDGE('',*,*,#1622,.F.);
#1426=ORIENTED_EDGE('',*,*,#1596,.T.);
#1427=ORIENTED_EDGE('',*,*,#1888,.T.);
#1428=ORIENTED_EDGE('',*,*,#1615,.T.);
#1429=ORIENTED_EDGE('',*,*,#1612,.T.);
#1430=ORIENTED_EDGE('',*,*,#1609,.T.);
#1431=ORIENTED_EDGE('',*,*,#1606,.F.);
#1432=ORIENTED_EDGE('',*,*,#1603,.T.);
#1433=ORIENTED_EDGE('',*,*,#1600,.F.);
#1434=ORIENTED_EDGE('',*,*,#1574,.T.);
#1435=ORIENTED_EDGE('',*,*,#1886,.T.);
#1436=ORIENTED_EDGE('',*,*,#1593,.T.);
#1437=ORIENTED_EDGE('',*,*,#1590,.T.);
#1438=ORIENTED_EDGE('',*,*,#1587,.T.);
#1439=ORIENTED_EDGE('',*,*,#1584,.F.);
#1440=ORIENTED_EDGE('',*,*,#1581,.T.);
#1441=ORIENTED_EDGE('',*,*,#1578,.F.);
#1442=ORIENTED_EDGE('',*,*,#1552,.T.);
#1443=ORIENTED_EDGE('',*,*,#1884,.T.);
#1444=ORIENTED_EDGE('',*,*,#1571,.T.);
#1445=ORIENTED_EDGE('',*,*,#1568,.T.);
#1446=ORIENTED_EDGE('',*,*,#1565,.T.);
#1447=ORIENTED_EDGE('',*,*,#1562,.F.);
#1448=ORIENTED_EDGE('',*,*,#1559,.T.);
#1449=ORIENTED_EDGE('',*,*,#1556,.F.);
#1450=ORIENTED_EDGE('',*,*,#1530,.T.);
#1451=ORIENTED_EDGE('',*,*,#1882,.T.);
#1452=ORIENTED_EDGE('',*,*,#1549,.T.);
#1453=ORIENTED_EDGE('',*,*,#1546,.T.);
#1454=ORIENTED_EDGE('',*,*,#1543,.T.);
#1455=ORIENTED_EDGE('',*,*,#1540,.F.);
#1456=ORIENTED_EDGE('',*,*,#1537,.T.);
#1457=ORIENTED_EDGE('',*,*,#1534,.F.);
#1458=ORIENTED_EDGE('',*,*,#1930,.T.);
#1459=ORIENTED_EDGE('',*,*,#1931,.T.);
#1460=ORIENTED_EDGE('',*,*,#1932,.T.);
#1461=ORIENTED_EDGE('',*,*,#1933,.T.);
#1462=ORIENTED_EDGE('',*,*,#1934,.F.);
#1463=ORIENTED_EDGE('',*,*,#1935,.F.);
#1464=ORIENTED_EDGE('',*,*,#1936,.F.);
#1465=ORIENTED_EDGE('',*,*,#1937,.F.);
#1466=ORIENTED_EDGE('',*,*,#1938,.F.);
#1467=ORIENTED_EDGE('',*,*,#1939,.F.);
#1468=ORIENTED_EDGE('',*,*,#1940,.T.);
#1469=ORIENTED_EDGE('',*,*,#1941,.F.);
#1470=ORIENTED_EDGE('',*,*,#1942,.T.);
#1471=ORIENTED_EDGE('',*,*,#1943,.T.);
#1472=ORIENTED_EDGE('',*,*,#1944,.T.);
#1473=ORIENTED_EDGE('',*,*,#1945,.T.);
#1474=ORIENTED_EDGE('',*,*,#1922,.T.);
#1475=ORIENTED_EDGE('',*,*,#1946,.F.);
#1476=ORIENTED_EDGE('',*,*,#1931,.F.);
#1477=ORIENTED_EDGE('',*,*,#1947,.T.);
#1478=ORIENTED_EDGE('',*,*,#1925,.T.);
#1479=ORIENTED_EDGE('',*,*,#1948,.F.);
#1480=ORIENTED_EDGE('',*,*,#1932,.F.);
#1481=ORIENTED_EDGE('',*,*,#1946,.T.);
#1482=ORIENTED_EDGE('',*,*,#1924,.T.);
#1483=ORIENTED_EDGE('',*,*,#1949,.F.);
#1484=ORIENTED_EDGE('',*,*,#1933,.F.);
#1485=ORIENTED_EDGE('',*,*,#1948,.T.);
#1486=ORIENTED_EDGE('',*,*,#1923,.T.);
#1487=ORIENTED_EDGE('',*,*,#1947,.F.);
#1488=ORIENTED_EDGE('',*,*,#1930,.F.);
#1489=ORIENTED_EDGE('',*,*,#1949,.T.);
#1490=ORIENTED_EDGE('',*,*,#1941,.T.);
#1491=ORIENTED_EDGE('',*,*,#1950,.T.);
#1492=ORIENTED_EDGE('',*,*,#1921,.F.);
#1493=ORIENTED_EDGE('',*,*,#1951,.F.);
#1494=ORIENTED_EDGE('',*,*,#1934,.T.);
#1495=ORIENTED_EDGE('',*,*,#1951,.T.);
#1496=ORIENTED_EDGE('',*,*,#1920,.F.);
#1497=ORIENTED_EDGE('',*,*,#1952,.F.);
#1498=ORIENTED_EDGE('',*,*,#1940,.F.);
#1499=ORIENTED_EDGE('',*,*,#1953,.T.);
#1500=ORIENTED_EDGE('',*,*,#1914,.T.);
#1501=ORIENTED_EDGE('',*,*,#1950,.F.);
#1502=ORIENTED_EDGE('',*,*,#1942,.F.);
#1503=ORIENTED_EDGE('',*,*,#1929,.F.);
#1504=ORIENTED_EDGE('',*,*,#1943,.F.);
#1505=ORIENTED_EDGE('',*,*,#1928,.F.);
#1506=ORIENTED_EDGE('',*,*,#1944,.F.);
#1507=ORIENTED_EDGE('',*,*,#1927,.F.);
#1508=ORIENTED_EDGE('',*,*,#1945,.F.);
#1509=ORIENTED_EDGE('',*,*,#1926,.F.);
#1510=ORIENTED_EDGE('',*,*,#1954,.F.);
#1511=ORIENTED_EDGE('',*,*,#1936,.T.);
#1512=ORIENTED_EDGE('',*,*,#1955,.T.);
#1513=ORIENTED_EDGE('',*,*,#1918,.T.);
#1514=ORIENTED_EDGE('',*,*,#1956,.F.);
#1515=ORIENTED_EDGE('',*,*,#1938,.T.);
#1516=ORIENTED_EDGE('',*,*,#1957,.T.);
#1517=ORIENTED_EDGE('',*,*,#1916,.T.);
#1518=ORIENTED_EDGE('',*,*,#1957,.F.);
#1519=ORIENTED_EDGE('',*,*,#1937,.T.);
#1520=ORIENTED_EDGE('',*,*,#1954,.T.);
#1521=ORIENTED_EDGE('',*,*,#1917,.T.);
#1522=ORIENTED_EDGE('',*,*,#1953,.F.);
#1523=ORIENTED_EDGE('',*,*,#1939,.T.);
#1524=ORIENTED_EDGE('',*,*,#1956,.T.);
#1525=ORIENTED_EDGE('',*,*,#1915,.T.);
#1526=ORIENTED_EDGE('',*,*,#1955,.F.);
#1527=ORIENTED_EDGE('',*,*,#1935,.T.);
#1528=ORIENTED_EDGE('',*,*,#1952,.T.);
#1529=ORIENTED_EDGE('',*,*,#1919,.T.);
#1530=EDGE_CURVE('',#1958,#1959,#2246,.T.);
#1531=EDGE_CURVE('',#1960,#1958,#90,.T.);
#1532=EDGE_CURVE('',#1960,#1961,#2247,.T.);
#1533=EDGE_CURVE('',#1961,#1959,#91,.T.);
#1534=EDGE_CURVE('',#1958,#1962,#92,.T.);
#1535=EDGE_CURVE('',#1963,#1962,#93,.T.);
#1536=EDGE_CURVE('',#1960,#1963,#94,.T.);
#1537=EDGE_CURVE('',#1964,#1962,#2248,.T.);
#1538=EDGE_CURVE('',#1965,#1964,#95,.T.);
#1539=EDGE_CURVE('',#1965,#1963,#2249,.T.);
#1540=EDGE_CURVE('',#1964,#1966,#96,.T.);
#1541=EDGE_CURVE('',#1967,#1966,#97,.T.);
#1542=EDGE_CURVE('',#1965,#1967,#98,.T.);
#1543=EDGE_CURVE('',#1968,#1966,#2250,.T.);
#1544=EDGE_CURVE('',#1969,#1968,#99,.T.);
#1545=EDGE_CURVE('',#1969,#1967,#2251,.T.);
#1546=EDGE_CURVE('',#1970,#1968,#100,.T.);
#1547=EDGE_CURVE('',#1971,#1970,#101,.T.);
#1548=EDGE_CURVE('',#1971,#1969,#102,.T.);
#1549=EDGE_CURVE('',#1972,#1970,#2252,.T.);
#1550=EDGE_CURVE('',#1973,#1972,#103,.T.);
#1551=EDGE_CURVE('',#1973,#1971,#2253,.T.);
#1552=EDGE_CURVE('',#1974,#1975,#2254,.T.);
#1553=EDGE_CURVE('',#1976,#1974,#104,.T.);
#1554=EDGE_CURVE('',#1976,#1977,#2255,.T.);
#1555=EDGE_CURVE('',#1977,#1975,#105,.T.);
#1556=EDGE_CURVE('',#1974,#1978,#106,.T.);
#1557=EDGE_CURVE('',#1979,#1978,#107,.T.);
#1558=EDGE_CURVE('',#1976,#1979,#108,.T.);
#1559=EDGE_CURVE('',#1980,#1978,#2256,.T.);
#1560=EDGE_CURVE('',#1981,#1980,#109,.T.);
#1561=EDGE_CURVE('',#1981,#1979,#2257,.T.);
#1562=EDGE_CURVE('',#1980,#1982,#110,.T.);
#1563=EDGE_CURVE('',#1983,#1982,#111,.T.);
#1564=EDGE_CURVE('',#1981,#1983,#112,.T.);
#1565=EDGE_CURVE('',#1984,#1982,#2258,.T.);
#1566=EDGE_CURVE('',#1985,#1984,#113,.T.);
#1567=EDGE_CURVE('',#1985,#1983,#2259,.T.);
#1568=EDGE_CURVE('',#1986,#1984,#114,.T.);
#1569=EDGE_CURVE('',#1987,#1986,#115,.T.);
#1570=EDGE_CURVE('',#1987,#1985,#116,.T.);
#1571=EDGE_CURVE('',#1988,#1986,#2260,.T.);
#1572=EDGE_CURVE('',#1989,#1988,#117,.T.);
#1573=EDGE_CURVE('',#1989,#1987,#2261,.T.);
#1574=EDGE_CURVE('',#1990,#1991,#2262,.T.);
#1575=EDGE_CURVE('',#1992,#1990,#118,.T.);
#1576=EDGE_CURVE('',#1992,#1993,#2263,.T.);
#1577=EDGE_CURVE('',#1993,#1991,#119,.T.);
#1578=EDGE_CURVE('',#1990,#1994,#120,.T.);
#1579=EDGE_CURVE('',#1995,#1994,#121,.T.);
#1580=EDGE_CURVE('',#1992,#1995,#122,.T.);
#1581=EDGE_CURVE('',#1996,#1994,#2264,.T.);
#1582=EDGE_CURVE('',#1997,#1996,#123,.T.);
#1583=EDGE_CURVE('',#1997,#1995,#2265,.T.);
#1584=EDGE_CURVE('',#1996,#1998,#124,.T.);
#1585=EDGE_CURVE('',#1999,#1998,#125,.T.);
#1586=EDGE_CURVE('',#1997,#1999,#126,.T.);
#1587=EDGE_CURVE('',#2000,#1998,#2266,.T.);
#1588=EDGE_CURVE('',#2001,#2000,#127,.T.);
#1589=EDGE_CURVE('',#2001,#1999,#2267,.T.);
#1590=EDGE_CURVE('',#2002,#2000,#128,.T.);
#1591=EDGE_CURVE('',#2003,#2002,#129,.T.);
#1592=EDGE_CURVE('',#2003,#2001,#130,.T.);
#1593=EDGE_CURVE('',#2004,#2002,#2268,.T.);
#1594=EDGE_CURVE('',#2005,#2004,#131,.T.);
#1595=EDGE_CURVE('',#2005,#2003,#2269,.T.);
#1596=EDGE_CURVE('',#2006,#2007,#2270,.T.);
#1597=EDGE_CURVE('',#2008,#2006,#132,.T.);
#1598=EDGE_CURVE('',#2008,#2009,#2271,.T.);
#1599=EDGE_CURVE('',#2009,#2007,#133,.T.);
#1600=EDGE_CURVE('',#2006,#2010,#134,.T.);
#1601=EDGE_CURVE('',#2011,#2010,#135,.T.);
#1602=EDGE_CURVE('',#2008,#2011,#136,.T.);
#1603=EDGE_CURVE('',#2012,#2010,#2272,.T.);
#1604=EDGE_CURVE('',#2013,#2012,#137,.T.);
#1605=EDGE_CURVE('',#2013,#2011,#2273,.T.);
#1606=EDGE_CURVE('',#2012,#2014,#138,.T.);
#1607=EDGE_CURVE('',#2015,#2014,#139,.T.);
#1608=EDGE_CURVE('',#2013,#2015,#140,.T.);
#1609=EDGE_CURVE('',#2016,#2014,#2274,.T.);
#1610=EDGE_CURVE('',#2017,#2016,#141,.T.);
#1611=EDGE_CURVE('',#2017,#2015,#2275,.T.);
#1612=EDGE_CURVE('',#2018,#2016,#142,.T.);
#1613=EDGE_CURVE('',#2019,#2018,#143,.T.);
#1614=EDGE_CURVE('',#2019,#2017,#144,.T.);
#1615=EDGE_CURVE('',#2020,#2018,#2276,.T.);
#1616=EDGE_CURVE('',#2021,#2020,#145,.T.);
#1617=EDGE_CURVE('',#2021,#2019,#2277,.T.);
#1618=EDGE_CURVE('',#2022,#2023,#2278,.T.);
#1619=EDGE_CURVE('',#2024,#2022,#146,.T.);
#1620=EDGE_CURVE('',#2024,#2025,#2279,.T.);
#1621=EDGE_CURVE('',#2025,#2023,#147,.T.);
#1622=EDGE_CURVE('',#2022,#2026,#148,.T.);
#1623=EDGE_CURVE('',#2027,#2026,#149,.T.);
#1624=EDGE_CURVE('',#2024,#2027,#150,.T.);
#1625=EDGE_CURVE('',#2028,#2026,#2280,.T.);
#1626=EDGE_CURVE('',#2029,#2028,#151,.T.);
#1627=EDGE_CURVE('',#2029,#2027,#2281,.T.);
#1628=EDGE_CURVE('',#2028,#2030,#152,.T.);
#1629=EDGE_CURVE('',#2031,#2030,#153,.T.);
#1630=EDGE_CURVE('',#2029,#2031,#154,.T.);
#1631=EDGE_CURVE('',#2032,#2030,#2282,.T.);
#1632=EDGE_CURVE('',#2033,#2032,#155,.T.);
#1633=EDGE_CURVE('',#2033,#2031,#2283,.T.);
#1634=EDGE_CURVE('',#2034,#2032,#156,.T.);
#1635=EDGE_CURVE('',#2035,#2034,#157,.T.);
#1636=EDGE_CURVE('',#2035,#2033,#158,.T.);
#1637=EDGE_CURVE('',#2036,#2034,#2284,.T.);
#1638=EDGE_CURVE('',#2037,#2036,#159,.T.);
#1639=EDGE_CURVE('',#2037,#2035,#2285,.T.);
#1640=EDGE_CURVE('',#2038,#2039,#2286,.T.);
#1641=EDGE_CURVE('',#2040,#2038,#160,.T.);
#1642=EDGE_CURVE('',#2040,#2041,#2287,.T.);
#1643=EDGE_CURVE('',#2041,#2039,#161,.T.);
#1644=EDGE_CURVE('',#2038,#2042,#162,.T.);
#1645=EDGE_CURVE('',#2043,#2042,#163,.T.);
#1646=EDGE_CURVE('',#2040,#2043,#164,.T.);
#1647=EDGE_CURVE('',#2044,#2042,#2288,.T.);
#1648=EDGE_CURVE('',#2045,#2044,#165,.T.);
#1649=EDGE_CURVE('',#2045,#2043,#2289,.T.);
#1650=EDGE_CURVE('',#2044,#2046,#166,.T.);
#1651=EDGE_CURVE('',#2047,#2046,#167,.T.);
#1652=EDGE_CURVE('',#2045,#2047,#168,.T.);
#1653=EDGE_CURVE('',#2048,#2046,#2290,.T.);
#1654=EDGE_CURVE('',#2049,#2048,#169,.T.);
#1655=EDGE_CURVE('',#2049,#2047,#2291,.T.);
#1656=EDGE_CURVE('',#2050,#2048,#170,.T.);
#1657=EDGE_CURVE('',#2051,#2050,#171,.T.);
#1658=EDGE_CURVE('',#2051,#2049,#172,.T.);
#1659=EDGE_CURVE('',#2052,#2050,#2292,.T.);
#1660=EDGE_CURVE('',#2053,#2052,#173,.T.);
#1661=EDGE_CURVE('',#2053,#2051,#2293,.T.);
#1662=EDGE_CURVE('',#2054,#2055,#2294,.T.);
#1663=EDGE_CURVE('',#2056,#2054,#174,.T.);
#1664=EDGE_CURVE('',#2056,#2057,#2295,.T.);
#1665=EDGE_CURVE('',#2057,#2055,#175,.T.);
#1666=EDGE_CURVE('',#2054,#2058,#176,.T.);
#1667=EDGE_CURVE('',#2059,#2058,#177,.T.);
#1668=EDGE_CURVE('',#2056,#2059,#178,.T.);
#1669=EDGE_CURVE('',#2060,#2058,#2296,.T.);
#1670=EDGE_CURVE('',#2061,#2060,#179,.T.);
#1671=EDGE_CURVE('',#2061,#2059,#2297,.T.);
#1672=EDGE_CURVE('',#2060,#2062,#180,.T.);
#1673=EDGE_CURVE('',#2063,#2062,#181,.T.);
#1674=EDGE_CURVE('',#2061,#2063,#182,.T.);
#1675=EDGE_CURVE('',#2064,#2062,#2298,.T.);
#1676=EDGE_CURVE('',#2065,#2064,#183,.T.);
#1677=EDGE_CURVE('',#2065,#2063,#2299,.T.);
#1678=EDGE_CURVE('',#2066,#2064,#184,.T.);
#1679=EDGE_CURVE('',#2067,#2066,#185,.T.);
#1680=EDGE_CURVE('',#2067,#2065,#186,.T.);
#1681=EDGE_CURVE('',#2068,#2066,#2300,.T.);
#1682=EDGE_CURVE('',#2069,#2068,#187,.T.);
#1683=EDGE_CURVE('',#2069,#2067,#2301,.T.);
#1684=EDGE_CURVE('',#2070,#2071,#2302,.T.);
#1685=EDGE_CURVE('',#2072,#2070,#188,.T.);
#1686=EDGE_CURVE('',#2072,#2073,#2303,.T.);
#1687=EDGE_CURVE('',#2073,#2071,#189,.T.);
#1688=EDGE_CURVE('',#2070,#2074,#190,.T.);
#1689=EDGE_CURVE('',#2075,#2074,#191,.T.);
#1690=EDGE_CURVE('',#2072,#2075,#192,.T.);
#1691=EDGE_CURVE('',#2076,#2074,#2304,.T.);
#1692=EDGE_CURVE('',#2077,#2076,#193,.T.);
#1693=EDGE_CURVE('',#2077,#2075,#2305,.T.);
#1694=EDGE_CURVE('',#2076,#2078,#194,.T.);
#1695=EDGE_CURVE('',#2079,#2078,#195,.T.);
#1696=EDGE_CURVE('',#2077,#2079,#196,.T.);
#1697=EDGE_CURVE('',#2080,#2078,#2306,.T.);
#1698=EDGE_CURVE('',#2081,#2080,#197,.T.);
#1699=EDGE_CURVE('',#2081,#2079,#2307,.T.);
#1700=EDGE_CURVE('',#2082,#2080,#198,.T.);
#1701=EDGE_CURVE('',#2083,#2082,#199,.T.);
#1702=EDGE_CURVE('',#2083,#2081,#200,.T.);
#1703=EDGE_CURVE('',#2084,#2082,#2308,.T.);
#1704=EDGE_CURVE('',#2085,#2084,#201,.T.);
#1705=EDGE_CURVE('',#2085,#2083,#2309,.T.);
#1706=EDGE_CURVE('',#2086,#2087,#2310,.T.);
#1707=EDGE_CURVE('',#2088,#2086,#202,.T.);
#1708=EDGE_CURVE('',#2088,#2089,#2311,.T.);
#1709=EDGE_CURVE('',#2089,#2087,#203,.T.);
#1710=EDGE_CURVE('',#2086,#2090,#204,.T.);
#1711=EDGE_CURVE('',#2091,#2090,#205,.T.);
#1712=EDGE_CURVE('',#2088,#2091,#206,.T.);
#1713=EDGE_CURVE('',#2092,#2090,#2312,.T.);
#1714=EDGE_CURVE('',#2093,#2092,#207,.T.);
#1715=EDGE_CURVE('',#2093,#2091,#2313,.T.);
#1716=EDGE_CURVE('',#2092,#2094,#208,.T.);
#1717=EDGE_CURVE('',#2095,#2094,#209,.T.);
#1718=EDGE_CURVE('',#2093,#2095,#210,.T.);
#1719=EDGE_CURVE('',#2096,#2094,#2314,.T.);
#1720=EDGE_CURVE('',#2097,#2096,#211,.T.);
#1721=EDGE_CURVE('',#2097,#2095,#2315,.T.);
#1722=EDGE_CURVE('',#2098,#2096,#212,.T.);
#1723=EDGE_CURVE('',#2099,#2098,#213,.T.);
#1724=EDGE_CURVE('',#2099,#2097,#214,.T.);
#1725=EDGE_CURVE('',#2100,#2098,#2316,.T.);
#1726=EDGE_CURVE('',#2101,#2100,#215,.T.);
#1727=EDGE_CURVE('',#2101,#2099,#2317,.T.);
#1728=EDGE_CURVE('',#2102,#2103,#2318,.T.);
#1729=EDGE_CURVE('',#2104,#2102,#216,.T.);
#1730=EDGE_CURVE('',#2104,#2105,#2319,.T.);
#1731=EDGE_CURVE('',#2105,#2103,#217,.T.);
#1732=EDGE_CURVE('',#2102,#2106,#218,.T.);
#1733=EDGE_CURVE('',#2107,#2106,#219,.T.);
#1734=EDGE_CURVE('',#2104,#2107,#220,.T.);
#1735=EDGE_CURVE('',#2108,#2106,#2320,.T.);
#1736=EDGE_CURVE('',#2109,#2108,#221,.T.);
#1737=EDGE_CURVE('',#2109,#2107,#2321,.T.);
#1738=EDGE_CURVE('',#2108,#2110,#222,.T.);
#1739=EDGE_CURVE('',#2111,#2110,#223,.T.);
#1740=EDGE_CURVE('',#2109,#2111,#224,.T.);
#1741=EDGE_CURVE('',#2112,#2110,#2322,.T.);
#1742=EDGE_CURVE('',#2113,#2112,#225,.T.);
#1743=EDGE_CURVE('',#2113,#2111,#2323,.T.);
#1744=EDGE_CURVE('',#2114,#2112,#226,.T.);
#1745=EDGE_CURVE('',#2115,#2114,#227,.T.);
#1746=EDGE_CURVE('',#2115,#2113,#228,.T.);
#1747=EDGE_CURVE('',#2116,#2114,#2324,.T.);
#1748=EDGE_CURVE('',#2117,#2116,#229,.T.);
#1749=EDGE_CURVE('',#2117,#2115,#2325,.T.);
#1750=EDGE_CURVE('',#2118,#2119,#2326,.T.);
#1751=EDGE_CURVE('',#2120,#2118,#230,.T.);
#1752=EDGE_CURVE('',#2120,#2121,#2327,.T.);
#1753=EDGE_CURVE('',#2121,#2119,#231,.T.);
#1754=EDGE_CURVE('',#2118,#2122,#232,.T.);
#1755=EDGE_CURVE('',#2123,#2122,#233,.T.);
#1756=EDGE_CURVE('',#2120,#2123,#234,.T.);
#1757=EDGE_CURVE('',#2124,#2122,#2328,.T.);
#1758=EDGE_CURVE('',#2125,#2124,#235,.T.);
#1759=EDGE_CURVE('',#2125,#2123,#2329,.T.);
#1760=EDGE_CURVE('',#2124,#2126,#236,.T.);
#1761=EDGE_CURVE('',#2127,#2126,#237,.T.);
#1762=EDGE_CURVE('',#2125,#2127,#238,.T.);
#1763=EDGE_CURVE('',#2128,#2126,#2330,.T.);
#1764=EDGE_CURVE('',#2129,#2128,#239,.T.);
#1765=EDGE_CURVE('',#2129,#2127,#2331,.T.);
#1766=EDGE_CURVE('',#2130,#2128,#240,.T.);
#1767=EDGE_CURVE('',#2131,#2130,#241,.T.);
#1768=EDGE_CURVE('',#2131,#2129,#242,.T.);
#1769=EDGE_CURVE('',#2132,#2130,#2332,.T.);
#1770=EDGE_CURVE('',#2133,#2132,#243,.T.);
#1771=EDGE_CURVE('',#2133,#2131,#2333,.T.);
#1772=EDGE_CURVE('',#2134,#2135,#2334,.T.);
#1773=EDGE_CURVE('',#2136,#2134,#244,.T.);
#1774=EDGE_CURVE('',#2136,#2137,#2335,.T.);
#1775=EDGE_CURVE('',#2137,#2135,#245,.T.);
#1776=EDGE_CURVE('',#2134,#2138,#246,.T.);
#1777=EDGE_CURVE('',#2139,#2138,#247,.T.);
#1778=EDGE_CURVE('',#2136,#2139,#248,.T.);
#1779=EDGE_CURVE('',#2140,#2138,#2336,.T.);
#1780=EDGE_CURVE('',#2141,#2140,#249,.T.);
#1781=EDGE_CURVE('',#2141,#2139,#2337,.T.);
#1782=EDGE_CURVE('',#2140,#2142,#250,.T.);
#1783=EDGE_CURVE('',#2143,#2142,#251,.T.);
#1784=EDGE_CURVE('',#2141,#2143,#252,.T.);
#1785=EDGE_CURVE('',#2144,#2142,#2338,.T.);
#1786=EDGE_CURVE('',#2145,#2144,#253,.T.);
#1787=EDGE_CURVE('',#2145,#2143,#2339,.T.);
#1788=EDGE_CURVE('',#2146,#2144,#254,.T.);
#1789=EDGE_CURVE('',#2147,#2146,#255,.T.);
#1790=EDGE_CURVE('',#2147,#2145,#256,.T.);
#1791=EDGE_CURVE('',#2148,#2146,#2340,.T.);
#1792=EDGE_CURVE('',#2149,#2148,#257,.T.);
#1793=EDGE_CURVE('',#2149,#2147,#2341,.T.);
#1794=EDGE_CURVE('',#2150,#2151,#2342,.T.);
#1795=EDGE_CURVE('',#2152,#2150,#258,.T.);
#1796=EDGE_CURVE('',#2152,#2153,#2343,.T.);
#1797=EDGE_CURVE('',#2153,#2151,#259,.T.);
#1798=EDGE_CURVE('',#2150,#2154,#260,.T.);
#1799=EDGE_CURVE('',#2155,#2154,#261,.T.);
#1800=EDGE_CURVE('',#2152,#2155,#262,.T.);
#1801=EDGE_CURVE('',#2156,#2154,#2344,.T.);
#1802=EDGE_CURVE('',#2157,#2156,#263,.T.);
#1803=EDGE_CURVE('',#2157,#2155,#2345,.T.);
#1804=EDGE_CURVE('',#2156,#2158,#264,.T.);
#1805=EDGE_CURVE('',#2159,#2158,#265,.T.);
#1806=EDGE_CURVE('',#2157,#2159,#266,.T.);
#1807=EDGE_CURVE('',#2160,#2158,#2346,.T.);
#1808=EDGE_CURVE('',#2161,#2160,#267,.T.);
#1809=EDGE_CURVE('',#2161,#2159,#2347,.T.);
#1810=EDGE_CURVE('',#2162,#2160,#268,.T.);
#1811=EDGE_CURVE('',#2163,#2162,#269,.T.);
#1812=EDGE_CURVE('',#2163,#2161,#270,.T.);
#1813=EDGE_CURVE('',#2164,#2162,#2348,.T.);
#1814=EDGE_CURVE('',#2165,#2164,#271,.T.);
#1815=EDGE_CURVE('',#2165,#2163,#2349,.T.);
#1816=EDGE_CURVE('',#2166,#2167,#2350,.T.);
#1817=EDGE_CURVE('',#2168,#2166,#272,.T.);
#1818=EDGE_CURVE('',#2168,#2169,#2351,.T.);
#1819=EDGE_CURVE('',#2169,#2167,#273,.T.);
#1820=EDGE_CURVE('',#2166,#2170,#274,.T.);
#1821=EDGE_CURVE('',#2171,#2170,#275,.T.);
#1822=EDGE_CURVE('',#2168,#2171,#276,.T.);
#1823=EDGE_CURVE('',#2172,#2170,#2352,.T.);
#1824=EDGE_CURVE('',#2173,#2172,#277,.T.);
#1825=EDGE_CURVE('',#2173,#2171,#2353,.T.);
#1826=EDGE_CURVE('',#2172,#2174,#278,.T.);
#1827=EDGE_CURVE('',#2175,#2174,#279,.T.);
#1828=EDGE_CURVE('',#2173,#2175,#280,.T.);
#1829=EDGE_CURVE('',#2176,#2174,#2354,.T.);
#1830=EDGE_CURVE('',#2177,#2176,#281,.T.);
#1831=EDGE_CURVE('',#2177,#2175,#2355,.T.);
#1832=EDGE_CURVE('',#2178,#2176,#282,.T.);
#1833=EDGE_CURVE('',#2179,#2178,#283,.T.);
#1834=EDGE_CURVE('',#2179,#2177,#284,.T.);
#1835=EDGE_CURVE('',#2180,#2178,#2356,.T.);
#1836=EDGE_CURVE('',#2181,#2180,#285,.T.);
#1837=EDGE_CURVE('',#2181,#2179,#2357,.T.);
#1838=EDGE_CURVE('',#2182,#2183,#2358,.T.);
#1839=EDGE_CURVE('',#2184,#2182,#286,.T.);
#1840=EDGE_CURVE('',#2184,#2185,#2359,.T.);
#1841=EDGE_CURVE('',#2185,#2183,#287,.T.);
#1842=EDGE_CURVE('',#2182,#2186,#288,.T.);
#1843=EDGE_CURVE('',#2187,#2186,#289,.T.);
#1844=EDGE_CURVE('',#2184,#2187,#290,.T.);
#1845=EDGE_CURVE('',#2188,#2186,#2360,.T.);
#1846=EDGE_CURVE('',#2189,#2188,#291,.T.);
#1847=EDGE_CURVE('',#2189,#2187,#2361,.T.);
#1848=EDGE_CURVE('',#2188,#2190,#292,.T.);
#1849=EDGE_CURVE('',#2191,#2190,#293,.T.);
#1850=EDGE_CURVE('',#2189,#2191,#294,.T.);
#1851=EDGE_CURVE('',#2192,#2190,#2362,.T.);
#1852=EDGE_CURVE('',#2193,#2192,#295,.T.);
#1853=EDGE_CURVE('',#2193,#2191,#2363,.T.);
#1854=EDGE_CURVE('',#2194,#2192,#296,.T.);
#1855=EDGE_CURVE('',#2195,#2194,#297,.T.);
#1856=EDGE_CURVE('',#2195,#2193,#298,.T.);
#1857=EDGE_CURVE('',#2196,#2194,#2364,.T.);
#1858=EDGE_CURVE('',#2197,#2196,#299,.T.);
#1859=EDGE_CURVE('',#2197,#2195,#2365,.T.);
#1860=EDGE_CURVE('',#2198,#2199,#2366,.T.);
#1861=EDGE_CURVE('',#2200,#2198,#300,.T.);
#1862=EDGE_CURVE('',#2200,#2201,#2367,.T.);
#1863=EDGE_CURVE('',#2201,#2199,#301,.T.);
#1864=EDGE_CURVE('',#2198,#2202,#302,.T.);
#1865=EDGE_CURVE('',#2203,#2202,#303,.T.);
#1866=EDGE_CURVE('',#2200,#2203,#304,.T.);
#1867=EDGE_CURVE('',#2204,#2202,#2368,.T.);
#1868=EDGE_CURVE('',#2205,#2204,#305,.T.);
#1869=EDGE_CURVE('',#2205,#2203,#2369,.T.);
#1870=EDGE_CURVE('',#2204,#2206,#306,.T.);
#1871=EDGE_CURVE('',#2207,#2206,#307,.T.);
#1872=EDGE_CURVE('',#2205,#2207,#308,.T.);
#1873=EDGE_CURVE('',#2208,#2206,#2370,.T.);
#1874=EDGE_CURVE('',#2209,#2208,#309,.T.);
#1875=EDGE_CURVE('',#2209,#2207,#2371,.T.);
#1876=EDGE_CURVE('',#2210,#2208,#310,.T.);
#1877=EDGE_CURVE('',#2211,#2210,#311,.T.);
#1878=EDGE_CURVE('',#2211,#2209,#312,.T.);
#1879=EDGE_CURVE('',#2212,#2210,#2372,.T.);
#1880=EDGE_CURVE('',#2213,#2212,#313,.T.);
#1881=EDGE_CURVE('',#2213,#2211,#2373,.T.);
#1882=EDGE_CURVE('',#1959,#1972,#314,.T.);
#1883=EDGE_CURVE('',#1961,#1973,#315,.T.);
#1884=EDGE_CURVE('',#1975,#1988,#316,.T.);
#1885=EDGE_CURVE('',#1977,#1989,#317,.T.);
#1886=EDGE_CURVE('',#1991,#2004,#318,.T.);
#1887=EDGE_CURVE('',#1993,#2005,#319,.T.);
#1888=EDGE_CURVE('',#2007,#2020,#320,.T.);
#1889=EDGE_CURVE('',#2009,#2021,#321,.T.);
#1890=EDGE_CURVE('',#2023,#2036,#322,.T.);
#1891=EDGE_CURVE('',#2025,#2037,#323,.T.);
#1892=EDGE_CURVE('',#2039,#2052,#324,.T.);
#1893=EDGE_CURVE('',#2041,#2053,#325,.T.);
#1894=EDGE_CURVE('',#2055,#2068,#326,.T.);
#1895=EDGE_CURVE('',#2057,#2069,#327,.T.);
#1896=EDGE_CURVE('',#2071,#2084,#328,.T.);
#1897=EDGE_CURVE('',#2073,#2085,#329,.T.);
#1898=EDGE_CURVE('',#2087,#2100,#330,.T.);
#1899=EDGE_CURVE('',#2089,#2101,#331,.T.);
#1900=EDGE_CURVE('',#2103,#2116,#332,.T.);
#1901=EDGE_CURVE('',#2105,#2117,#333,.T.);
#1902=EDGE_CURVE('',#2119,#2132,#334,.T.);
#1903=EDGE_CURVE('',#2121,#2133,#335,.T.);
#1904=EDGE_CURVE('',#2135,#2148,#336,.T.);
#1905=EDGE_CURVE('',#2137,#2149,#337,.T.);
#1906=EDGE_CURVE('',#2151,#2164,#338,.T.);
#1907=EDGE_CURVE('',#2153,#2165,#339,.T.);
#1908=EDGE_CURVE('',#2167,#2180,#340,.T.);
#1909=EDGE_CURVE('',#2169,#2181,#341,.T.);
#1910=EDGE_CURVE('',#2183,#2196,#342,.T.);
#1911=EDGE_CURVE('',#2185,#2197,#343,.T.);
#1912=EDGE_CURVE('',#2199,#2212,#344,.T.);
#1913=EDGE_CURVE('',#2201,#2213,#345,.T.);
#1914=EDGE_CURVE('',#2214,#2215,#346,.T.);
#1915=EDGE_CURVE('',#2216,#2214,#347,.T.);
#1916=EDGE_CURVE('',#2217,#2216,#348,.T.);
#1917=EDGE_CURVE('',#2218,#2217,#349,.T.);
#1918=EDGE_CURVE('',#2219,#2218,#350,.T.);
#1919=EDGE_CURVE('',#2220,#2219,#351,.T.);
#1920=EDGE_CURVE('',#2220,#2221,#352,.T.);
#1921=EDGE_CURVE('',#2221,#2215,#353,.T.);
#1922=EDGE_CURVE('',#2222,#2223,#354,.T.);
#1923=EDGE_CURVE('',#2224,#2222,#355,.T.);
#1924=EDGE_CURVE('',#2225,#2224,#356,.T.);
#1925=EDGE_CURVE('',#2223,#2225,#357,.T.);
#1926=EDGE_CURVE('',#2226,#2226,#2374,.T.);
#1927=EDGE_CURVE('',#2227,#2227,#2375,.T.);
#1928=EDGE_CURVE('',#2228,#2228,#2376,.T.);
#1929=EDGE_CURVE('',#2229,#2229,#2377,.T.);
#1930=EDGE_CURVE('',#2230,#2231,#358,.T.);
#1931=EDGE_CURVE('',#2231,#2232,#359,.T.);
#1932=EDGE_CURVE('',#2232,#2233,#360,.T.);
#1933=EDGE_CURVE('',#2233,#2230,#361,.T.);
#1934=EDGE_CURVE('',#2234,#2235,#362,.T.);
#1935=EDGE_CURVE('',#2236,#2234,#363,.T.);
#1936=EDGE_CURVE('',#2237,#2236,#364,.T.);
#1937=EDGE_CURVE('',#2238,#2237,#365,.T.);
#1938=EDGE_CURVE('',#2239,#2238,#366,.T.);
#1939=EDGE_CURVE('',#2240,#2239,#367,.T.);
#1940=EDGE_CURVE('',#2240,#2241,#368,.T.);
#1941=EDGE_CURVE('',#2235,#2241,#369,.T.);
#1942=EDGE_CURVE('',#2242,#2242,#2378,.T.);
#1943=EDGE_CURVE('',#2243,#2243,#2379,.T.);
#1944=EDGE_CURVE('',#2244,#2244,#2380,.T.);
#1945=EDGE_CURVE('',#2245,#2245,#2381,.T.);
#1946=EDGE_CURVE('',#2232,#2223,#370,.T.);
#1947=EDGE_CURVE('',#2231,#2222,#371,.T.);
#1948=EDGE_CURVE('',#2233,#2225,#372,.T.);
#1949=EDGE_CURVE('',#2230,#2224,#373,.T.);
#1950=EDGE_CURVE('',#2241,#2215,#374,.T.);
#1951=EDGE_CURVE('',#2235,#2221,#375,.T.);
#1952=EDGE_CURVE('',#2234,#2220,#376,.T.);
#1953=EDGE_CURVE('',#2240,#2214,#377,.T.);
#1954=EDGE_CURVE('',#2237,#2218,#378,.T.);
#1955=EDGE_CURVE('',#2236,#2219,#379,.T.);
#1956=EDGE_CURVE('',#2239,#2216,#380,.T.);
#1957=EDGE_CURVE('',#2238,#2217,#381,.T.);
#1958=VERTEX_POINT('',#4136);
#1959=VERTEX_POINT('',#4137);
#1960=VERTEX_POINT('',#4139);
#1961=VERTEX_POINT('',#4141);
#1962=VERTEX_POINT('',#4145);
#1963=VERTEX_POINT('',#4147);
#1964=VERTEX_POINT('',#4151);
#1965=VERTEX_POINT('',#4153);
#1966=VERTEX_POINT('',#4157);
#1967=VERTEX_POINT('',#4159);
#1968=VERTEX_POINT('',#4163);
#1969=VERTEX_POINT('',#4165);
#1970=VERTEX_POINT('',#4169);
#1971=VERTEX_POINT('',#4171);
#1972=VERTEX_POINT('',#4175);
#1973=VERTEX_POINT('',#4177);
#1974=VERTEX_POINT('',#4181);
#1975=VERTEX_POINT('',#4182);
#1976=VERTEX_POINT('',#4184);
#1977=VERTEX_POINT('',#4186);
#1978=VERTEX_POINT('',#4190);
#1979=VERTEX_POINT('',#4192);
#1980=VERTEX_POINT('',#4196);
#1981=VERTEX_POINT('',#4198);
#1982=VERTEX_POINT('',#4202);
#1983=VERTEX_POINT('',#4204);
#1984=VERTEX_POINT('',#4208);
#1985=VERTEX_POINT('',#4210);
#1986=VERTEX_POINT('',#4214);
#1987=VERTEX_POINT('',#4216);
#1988=VERTEX_POINT('',#4220);
#1989=VERTEX_POINT('',#4222);
#1990=VERTEX_POINT('',#4226);
#1991=VERTEX_POINT('',#4227);
#1992=VERTEX_POINT('',#4229);
#1993=VERTEX_POINT('',#4231);
#1994=VERTEX_POINT('',#4235);
#1995=VERTEX_POINT('',#4237);
#1996=VERTEX_POINT('',#4241);
#1997=VERTEX_POINT('',#4243);
#1998=VERTEX_POINT('',#4247);
#1999=VERTEX_POINT('',#4249);
#2000=VERTEX_POINT('',#4253);
#2001=VERTEX_POINT('',#4255);
#2002=VERTEX_POINT('',#4259);
#2003=VERTEX_POINT('',#4261);
#2004=VERTEX_POINT('',#4265);
#2005=VERTEX_POINT('',#4267);
#2006=VERTEX_POINT('',#4271);
#2007=VERTEX_POINT('',#4272);
#2008=VERTEX_POINT('',#4274);
#2009=VERTEX_POINT('',#4276);
#2010=VERTEX_POINT('',#4280);
#2011=VERTEX_POINT('',#4282);
#2012=VERTEX_POINT('',#4286);
#2013=VERTEX_POINT('',#4288);
#2014=VERTEX_POINT('',#4292);
#2015=VERTEX_POINT('',#4294);
#2016=VERTEX_POINT('',#4298);
#2017=VERTEX_POINT('',#4300);
#2018=VERTEX_POINT('',#4304);
#2019=VERTEX_POINT('',#4306);
#2020=VERTEX_POINT('',#4310);
#2021=VERTEX_POINT('',#4312);
#2022=VERTEX_POINT('',#4316);
#2023=VERTEX_POINT('',#4317);
#2024=VERTEX_POINT('',#4319);
#2025=VERTEX_POINT('',#4321);
#2026=VERTEX_POINT('',#4325);
#2027=VERTEX_POINT('',#4327);
#2028=VERTEX_POINT('',#4331);
#2029=VERTEX_POINT('',#4333);
#2030=VERTEX_POINT('',#4337);
#2031=VERTEX_POINT('',#4339);
#2032=VERTEX_POINT('',#4343);
#2033=VERTEX_POINT('',#4345);
#2034=VERTEX_POINT('',#4349);
#2035=VERTEX_POINT('',#4351);
#2036=VERTEX_POINT('',#4355);
#2037=VERTEX_POINT('',#4357);
#2038=VERTEX_POINT('',#4361);
#2039=VERTEX_POINT('',#4362);
#2040=VERTEX_POINT('',#4364);
#2041=VERTEX_POINT('',#4366);
#2042=VERTEX_POINT('',#4370);
#2043=VERTEX_POINT('',#4372);
#2044=VERTEX_POINT('',#4376);
#2045=VERTEX_POINT('',#4378);
#2046=VERTEX_POINT('',#4382);
#2047=VERTEX_POINT('',#4384);
#2048=VERTEX_POINT('',#4388);
#2049=VERTEX_POINT('',#4390);
#2050=VERTEX_POINT('',#4394);
#2051=VERTEX_POINT('',#4396);
#2052=VERTEX_POINT('',#4400);
#2053=VERTEX_POINT('',#4402);
#2054=VERTEX_POINT('',#4406);
#2055=VERTEX_POINT('',#4407);
#2056=VERTEX_POINT('',#4409);
#2057=VERTEX_POINT('',#4411);
#2058=VERTEX_POINT('',#4415);
#2059=VERTEX_POINT('',#4417);
#2060=VERTEX_POINT('',#4421);
#2061=VERTEX_POINT('',#4423);
#2062=VERTEX_POINT('',#4427);
#2063=VERTEX_POINT('',#4429);
#2064=VERTEX_POINT('',#4433);
#2065=VERTEX_POINT('',#4435);
#2066=VERTEX_POINT('',#4439);
#2067=VERTEX_POINT('',#4441);
#2068=VERTEX_POINT('',#4445);
#2069=VERTEX_POINT('',#4447);
#2070=VERTEX_POINT('',#4451);
#2071=VERTEX_POINT('',#4452);
#2072=VERTEX_POINT('',#4454);
#2073=VERTEX_POINT('',#4456);
#2074=VERTEX_POINT('',#4460);
#2075=VERTEX_POINT('',#4462);
#2076=VERTEX_POINT('',#4466);
#2077=VERTEX_POINT('',#4468);
#2078=VERTEX_POINT('',#4472);
#2079=VERTEX_POINT('',#4474);
#2080=VERTEX_POINT('',#4478);
#2081=VERTEX_POINT('',#4480);
#2082=VERTEX_POINT('',#4484);
#2083=VERTEX_POINT('',#4486);
#2084=VERTEX_POINT('',#4490);
#2085=VERTEX_POINT('',#4492);
#2086=VERTEX_POINT('',#4496);
#2087=VERTEX_POINT('',#4497);
#2088=VERTEX_POINT('',#4499);
#2089=VERTEX_POINT('',#4501);
#2090=VERTEX_POINT('',#4505);
#2091=VERTEX_POINT('',#4507);
#2092=VERTEX_POINT('',#4511);
#2093=VERTEX_POINT('',#4513);
#2094=VERTEX_POINT('',#4517);
#2095=VERTEX_POINT('',#4519);
#2096=VERTEX_POINT('',#4523);
#2097=VERTEX_POINT('',#4525);
#2098=VERTEX_POINT('',#4529);
#2099=VERTEX_POINT('',#4531);
#2100=VERTEX_POINT('',#4535);
#2101=VERTEX_POINT('',#4537);
#2102=VERTEX_POINT('',#4541);
#2103=VERTEX_POINT('',#4542);
#2104=VERTEX_POINT('',#4544);
#2105=VERTEX_POINT('',#4546);
#2106=VERTEX_POINT('',#4550);
#2107=VERTEX_POINT('',#4552);
#2108=VERTEX_POINT('',#4556);
#2109=VERTEX_POINT('',#4558);
#2110=VERTEX_POINT('',#4562);
#2111=VERTEX_POINT('',#4564);
#2112=VERTEX_POINT('',#4568);
#2113=VERTEX_POINT('',#4570);
#2114=VERTEX_POINT('',#4574);
#2115=VERTEX_POINT('',#4576);
#2116=VERTEX_POINT('',#4580);
#2117=VERTEX_POINT('',#4582);
#2118=VERTEX_POINT('',#4586);
#2119=VERTEX_POINT('',#4587);
#2120=VERTEX_POINT('',#4589);
#2121=VERTEX_POINT('',#4591);
#2122=VERTEX_POINT('',#4595);
#2123=VERTEX_POINT('',#4597);
#2124=VERTEX_POINT('',#4601);
#2125=VERTEX_POINT('',#4603);
#2126=VERTEX_POINT('',#4607);
#2127=VERTEX_POINT('',#4609);
#2128=VERTEX_POINT('',#4613);
#2129=VERTEX_POINT('',#4615);
#2130=VERTEX_POINT('',#4619);
#2131=VERTEX_POINT('',#4621);
#2132=VERTEX_POINT('',#4625);
#2133=VERTEX_POINT('',#4627);
#2134=VERTEX_POINT('',#4631);
#2135=VERTEX_POINT('',#4632);
#2136=VERTEX_POINT('',#4634);
#2137=VERTEX_POINT('',#4636);
#2138=VERTEX_POINT('',#4640);
#2139=VERTEX_POINT('',#4642);
#2140=VERTEX_POINT('',#4646);
#2141=VERTEX_POINT('',#4648);
#2142=VERTEX_POINT('',#4652);
#2143=VERTEX_POINT('',#4654);
#2144=VERTEX_POINT('',#4658);
#2145=VERTEX_POINT('',#4660);
#2146=VERTEX_POINT('',#4664);
#2147=VERTEX_POINT('',#4666);
#2148=VERTEX_POINT('',#4670);
#2149=VERTEX_POINT('',#4672);
#2150=VERTEX_POINT('',#4676);
#2151=VERTEX_POINT('',#4677);
#2152=VERTEX_POINT('',#4679);
#2153=VERTEX_POINT('',#4681);
#2154=VERTEX_POINT('',#4685);
#2155=VERTEX_POINT('',#4687);
#2156=VERTEX_POINT('',#4691);
#2157=VERTEX_POINT('',#4693);
#2158=VERTEX_POINT('',#4697);
#2159=VERTEX_POINT('',#4699);
#2160=VERTEX_POINT('',#4703);
#2161=VERTEX_POINT('',#4705);
#2162=VERTEX_POINT('',#4709);
#2163=VERTEX_POINT('',#4711);
#2164=VERTEX_POINT('',#4715);
#2165=VERTEX_POINT('',#4717);
#2166=VERTEX_POINT('',#4721);
#2167=VERTEX_POINT('',#4722);
#2168=VERTEX_POINT('',#4724);
#2169=VERTEX_POINT('',#4726);
#2170=VERTEX_POINT('',#4730);
#2171=VERTEX_POINT('',#4732);
#2172=VERTEX_POINT('',#4736);
#2173=VERTEX_POINT('',#4738);
#2174=VERTEX_POINT('',#4742);
#2175=VERTEX_POINT('',#4744);
#2176=VERTEX_POINT('',#4748);
#2177=VERTEX_POINT('',#4750);
#2178=VERTEX_POINT('',#4754);
#2179=VERTEX_POINT('',#4756);
#2180=VERTEX_POINT('',#4760);
#2181=VERTEX_POINT('',#4762);
#2182=VERTEX_POINT('',#4766);
#2183=VERTEX_POINT('',#4767);
#2184=VERTEX_POINT('',#4769);
#2185=VERTEX_POINT('',#4771);
#2186=VERTEX_POINT('',#4775);
#2187=VERTEX_POINT('',#4777);
#2188=VERTEX_POINT('',#4781);
#2189=VERTEX_POINT('',#4783);
#2190=VERTEX_POINT('',#4787);
#2191=VERTEX_POINT('',#4789);
#2192=VERTEX_POINT('',#4793);
#2193=VERTEX_POINT('',#4795);
#2194=VERTEX_POINT('',#4799);
#2195=VERTEX_POINT('',#4801);
#2196=VERTEX_POINT('',#4805);
#2197=VERTEX_POINT('',#4807);
#2198=VERTEX_POINT('',#4811);
#2199=VERTEX_POINT('',#4812);
#2200=VERTEX_POINT('',#4814);
#2201=VERTEX_POINT('',#4816);
#2202=VERTEX_POINT('',#4820);
#2203=VERTEX_POINT('',#4822);
#2204=VERTEX_POINT('',#4826);
#2205=VERTEX_POINT('',#4828);
#2206=VERTEX_POINT('',#4832);
#2207=VERTEX_POINT('',#4834);
#2208=VERTEX_POINT('',#4838);
#2209=VERTEX_POINT('',#4840);
#2210=VERTEX_POINT('',#4844);
#2211=VERTEX_POINT('',#4846);
#2212=VERTEX_POINT('',#4850);
#2213=VERTEX_POINT('',#4852);
#2214=VERTEX_POINT('',#4904);
#2215=VERTEX_POINT('',#4905);
#2216=VERTEX_POINT('',#4907);
#2217=VERTEX_POINT('',#4909);
#2218=VERTEX_POINT('',#4911);
#2219=VERTEX_POINT('',#4913);
#2220=VERTEX_POINT('',#4915);
#2221=VERTEX_POINT('',#4917);
#2222=VERTEX_POINT('',#4920);
#2223=VERTEX_POINT('',#4921);
#2224=VERTEX_POINT('',#4923);
#2225=VERTEX_POINT('',#4925);
#2226=VERTEX_POINT('',#4928);
#2227=VERTEX_POINT('',#4930);
#2228=VERTEX_POINT('',#4932);
#2229=VERTEX_POINT('',#4934);
#2230=VERTEX_POINT('',#4937);
#2231=VERTEX_POINT('',#4938);
#2232=VERTEX_POINT('',#4940);
#2233=VERTEX_POINT('',#4942);
#2234=VERTEX_POINT('',#4945);
#2235=VERTEX_POINT('',#4946);
#2236=VERTEX_POINT('',#4948);
#2237=VERTEX_POINT('',#4950);
#2238=VERTEX_POINT('',#4952);
#2239=VERTEX_POINT('',#4954);
#2240=VERTEX_POINT('',#4956);
#2241=VERTEX_POINT('',#4958);
#2242=VERTEX_POINT('',#4961);
#2243=VERTEX_POINT('',#4963);
#2244=VERTEX_POINT('',#4965);
#2245=VERTEX_POINT('',#4967);
#2246=CIRCLE('',#2994,0.0005);
#2247=CIRCLE('',#2995,0.0005);
#2248=CIRCLE('',#2998,0.0005);
#2249=CIRCLE('',#2999,0.0005);
#2250=CIRCLE('',#3002,0.0005);
#2251=CIRCLE('',#3003,0.0005);
#2252=CIRCLE('',#3006,0.0005);
#2253=CIRCLE('',#3007,0.0005);
#2254=CIRCLE('',#3009,0.0005);
#2255=CIRCLE('',#3010,0.0005);
#2256=CIRCLE('',#3013,0.0005);
#2257=CIRCLE('',#3014,0.0005);
#2258=CIRCLE('',#3017,0.0005);
#2259=CIRCLE('',#3018,0.0005);
#2260=CIRCLE('',#3021,0.0005);
#2261=CIRCLE('',#3022,0.0005);
#2262=CIRCLE('',#3024,0.0005);
#2263=CIRCLE('',#3025,0.0005);
#2264=CIRCLE('',#3028,0.0005);
#2265=CIRCLE('',#3029,0.0005);
#2266=CIRCLE('',#3032,0.0005);
#2267=CIRCLE('',#3033,0.0005);
#2268=CIRCLE('',#3036,0.0005);
#2269=CIRCLE('',#3037,0.0005);
#2270=CIRCLE('',#3039,0.0005);
#2271=CIRCLE('',#3040,0.0005);
#2272=CIRCLE('',#3043,0.0005);
#2273=CIRCLE('',#3044,0.0005);
#2274=CIRCLE('',#3047,0.0005);
#2275=CIRCLE('',#3048,0.0005);
#2276=CIRCLE('',#3051,0.0005);
#2277=CIRCLE('',#3052,0.0005);
#2278=CIRCLE('',#3054,0.0005);
#2279=CIRCLE('',#3055,0.0005);
#2280=CIRCLE('',#3058,0.0005);
#2281=CIRCLE('',#3059,0.0005);
#2282=CIRCLE('',#3062,0.0005);
#2283=CIRCLE('',#3063,0.0005);
#2284=CIRCLE('',#3066,0.0005);
#2285=CIRCLE('',#3067,0.0005);
#2286=CIRCLE('',#3069,0.0005);
#2287=CIRCLE('',#3070,0.0005);
#2288=CIRCLE('',#3073,0.0005);
#2289=CIRCLE('',#3074,0.0005);
#2290=CIRCLE('',#3077,0.0005);
#2291=CIRCLE('',#3078,0.0005);
#2292=CIRCLE('',#3081,0.0005);
#2293=CIRCLE('',#3082,0.0005);
#2294=CIRCLE('',#3084,0.0005);
#2295=CIRCLE('',#3085,0.0005);
#2296=CIRCLE('',#3088,0.0005);
#2297=CIRCLE('',#3089,0.0005);
#2298=CIRCLE('',#3092,0.0005);
#2299=CIRCLE('',#3093,0.0005);
#2300=CIRCLE('',#3096,0.0005);
#2301=CIRCLE('',#3097,0.0005);
#2302=CIRCLE('',#3099,0.0005);
#2303=CIRCLE('',#3100,0.0005);
#2304=CIRCLE('',#3103,0.0005);
#2305=CIRCLE('',#3104,0.0005);
#2306=CIRCLE('',#3107,0.0005);
#2307=CIRCLE('',#3108,0.0005);
#2308=CIRCLE('',#3111,0.0005);
#2309=CIRCLE('',#3112,0.0005);
#2310=CIRCLE('',#3114,0.0005);
#2311=CIRCLE('',#3115,0.0005);
#2312=CIRCLE('',#3118,0.0005);
#2313=CIRCLE('',#3119,0.0005);
#2314=CIRCLE('',#3122,0.0005);
#2315=CIRCLE('',#3123,0.0005);
#2316=CIRCLE('',#3126,0.0005);
#2317=CIRCLE('',#3127,0.0005);
#2318=CIRCLE('',#3129,0.0005);
#2319=CIRCLE('',#3130,0.0005);
#2320=CIRCLE('',#3133,0.0005);
#2321=CIRCLE('',#3134,0.0005);
#2322=CIRCLE('',#3137,0.0005);
#2323=CIRCLE('',#3138,0.0005);
#2324=CIRCLE('',#3141,0.0005);
#2325=CIRCLE('',#3142,0.0005);
#2326=CIRCLE('',#3144,0.0005);
#2327=CIRCLE('',#3145,0.0005);
#2328=CIRCLE('',#3148,0.0005);
#2329=CIRCLE('',#3149,0.0005);
#2330=CIRCLE('',#3152,0.0005);
#2331=CIRCLE('',#3153,0.0005);
#2332=CIRCLE('',#3156,0.0005);
#2333=CIRCLE('',#3157,0.0005);
#2334=CIRCLE('',#3159,0.0005);
#2335=CIRCLE('',#3160,0.0005);
#2336=CIRCLE('',#3163,0.0005);
#2337=CIRCLE('',#3164,0.0005);
#2338=CIRCLE('',#3167,0.0005);
#2339=CIRCLE('',#3168,0.0005);
#2340=CIRCLE('',#3171,0.0005);
#2341=CIRCLE('',#3172,0.0005);
#2342=CIRCLE('',#3174,0.0005);
#2343=CIRCLE('',#3175,0.0005);
#2344=CIRCLE('',#3178,0.0005);
#2345=CIRCLE('',#3179,0.0005);
#2346=CIRCLE('',#3182,0.0005);
#2347=CIRCLE('',#3183,0.0005);
#2348=CIRCLE('',#3186,0.0005);
#2349=CIRCLE('',#3187,0.0005);
#2350=CIRCLE('',#3189,0.0005);
#2351=CIRCLE('',#3190,0.0005);
#2352=CIRCLE('',#3193,0.0005);
#2353=CIRCLE('',#3194,0.0005);
#2354=CIRCLE('',#3197,0.0005);
#2355=CIRCLE('',#3198,0.0005);
#2356=CIRCLE('',#3201,0.0005);
#2357=CIRCLE('',#3202,0.0005);
#2358=CIRCLE('',#3204,0.0005);
#2359=CIRCLE('',#3205,0.0005);
#2360=CIRCLE('',#3208,0.0005);
#2361=CIRCLE('',#3209,0.0005);
#2362=CIRCLE('',#3212,0.0005);
#2363=CIRCLE('',#3213,0.0005);
#2364=CIRCLE('',#3216,0.0005);
#2365=CIRCLE('',#3217,0.0005);
#2366=CIRCLE('',#3219,0.0005);
#2367=CIRCLE('',#3220,0.0005);
#2368=CIRCLE('',#3223,0.0005);
#2369=CIRCLE('',#3224,0.0005);
#2370=CIRCLE('',#3227,0.000499999999999994);
#2371=CIRCLE('',#3228,0.000499999999999994);
#2372=CIRCLE('',#3231,0.0005);
#2373=CIRCLE('',#3232,0.0005);
#2374=CIRCLE('',#3250,0.0017);
#2375=CIRCLE('',#3251,0.0017);
#2376=CIRCLE('',#3252,0.0017);
#2377=CIRCLE('',#3253,0.0017);
#2378=CIRCLE('',#3255,0.0017);
#2379=CIRCLE('',#3256,0.0017);
#2380=CIRCLE('',#3257,0.0017);
#2381=CIRCLE('',#3258,0.0017);
#2382=EDGE_LOOP('',(#674,#675,#676,#677));
#2383=EDGE_LOOP('',(#678,#679,#680,#681));
#2384=EDGE_LOOP('',(#682,#683,#684,#685));
#2385=EDGE_LOOP('',(#686,#687,#688,#689));
#2386=EDGE_LOOP('',(#690,#691,#692,#693));
#2387=EDGE_LOOP('',(#694,#695,#696,#697));
#2388=EDGE_LOOP('',(#698,#699,#700,#701));
#2389=EDGE_LOOP('',(#702,#703,#704,#705));
#2390=EDGE_LOOP('',(#706,#707,#708,#709));
#2391=EDGE_LOOP('',(#710,#711,#712,#713));
#2392=EDGE_LOOP('',(#714,#715,#716,#717));
#2393=EDGE_LOOP('',(#718,#719,#720,#721));
#2394=EDGE_LOOP('',(#722,#723,#724,#725));
#2395=EDGE_LOOP('',(#726,#727,#728,#729));
#2396=EDGE_LOOP('',(#730,#731,#732,#733));
#2397=EDGE_LOOP('',(#734,#735,#736,#737));
#2398=EDGE_LOOP('',(#738,#739,#740,#741));
#2399=EDGE_LOOP('',(#742,#743,#744,#745));
#2400=EDGE_LOOP('',(#746,#747,#748,#749));
#2401=EDGE_LOOP('',(#750,#751,#752,#753));
#2402=EDGE_LOOP('',(#754,#755,#756,#757));
#2403=EDGE_LOOP('',(#758,#759,#760,#761));
#2404=EDGE_LOOP('',(#762,#763,#764,#765));
#2405=EDGE_LOOP('',(#766,#767,#768,#769));
#2406=EDGE_LOOP('',(#770,#771,#772,#773));
#2407=EDGE_LOOP('',(#774,#775,#776,#777));
#2408=EDGE_LOOP('',(#778,#779,#780,#781));
#2409=EDGE_LOOP('',(#782,#783,#784,#785));
#2410=EDGE_LOOP('',(#786,#787,#788,#789));
#2411=EDGE_LOOP('',(#790,#791,#792,#793));
#2412=EDGE_LOOP('',(#794,#795,#796,#797));
#2413=EDGE_LOOP('',(#798,#799,#800,#801));
#2414=EDGE_LOOP('',(#802,#803,#804,#805));
#2415=EDGE_LOOP('',(#806,#807,#808,#809));
#2416=EDGE_LOOP('',(#810,#811,#812,#813));
#2417=EDGE_LOOP('',(#814,#815,#816,#817));
#2418=EDGE_LOOP('',(#818,#819,#820,#821));
#2419=EDGE_LOOP('',(#822,#823,#824,#825));
#2420=EDGE_LOOP('',(#826,#827,#828,#829));
#2421=EDGE_LOOP('',(#830,#831,#832,#833));
#2422=EDGE_LOOP('',(#834,#835,#836,#837));
#2423=EDGE_LOOP('',(#838,#839,#840,#841));
#2424=EDGE_LOOP('',(#842,#843,#844,#845));
#2425=EDGE_LOOP('',(#846,#847,#848,#849));
#2426=EDGE_LOOP('',(#850,#851,#852,#853));
#2427=EDGE_LOOP('',(#854,#855,#856,#857));
#2428=EDGE_LOOP('',(#858,#859,#860,#861));
#2429=EDGE_LOOP('',(#862,#863,#864,#865));
#2430=EDGE_LOOP('',(#866,#867,#868,#869));
#2431=EDGE_LOOP('',(#870,#871,#872,#873));
#2432=EDGE_LOOP('',(#874,#875,#876,#877));
#2433=EDGE_LOOP('',(#878,#879,#880,#881));
#2434=EDGE_LOOP('',(#882,#883,#884,#885));
#2435=EDGE_LOOP('',(#886,#887,#888,#889));
#2436=EDGE_LOOP('',(#890,#891,#892,#893));
#2437=EDGE_LOOP('',(#894,#895,#896,#897));
#2438=EDGE_LOOP('',(#898,#899,#900,#901));
#2439=EDGE_LOOP('',(#902,#903,#904,#905));
#2440=EDGE_LOOP('',(#906,#907,#908,#909));
#2441=EDGE_LOOP('',(#910,#911,#912,#913));
#2442=EDGE_LOOP('',(#914,#915,#916,#917));
#2443=EDGE_LOOP('',(#918,#919,#920,#921));
#2444=EDGE_LOOP('',(#922,#923,#924,#925));
#2445=EDGE_LOOP('',(#926,#927,#928,#929));
#2446=EDGE_LOOP('',(#930,#931,#932,#933));
#2447=EDGE_LOOP('',(#934,#935,#936,#937));
#2448=EDGE_LOOP('',(#938,#939,#940,#941));
#2449=EDGE_LOOP('',(#942,#943,#944,#945));
#2450=EDGE_LOOP('',(#946,#947,#948,#949));
#2451=EDGE_LOOP('',(#950,#951,#952,#953));
#2452=EDGE_LOOP('',(#954,#955,#956,#957));
#2453=EDGE_LOOP('',(#958,#959,#960,#961));
#2454=EDGE_LOOP('',(#962,#963,#964,#965));
#2455=EDGE_LOOP('',(#966,#967,#968,#969));
#2456=EDGE_LOOP('',(#970,#971,#972,#973));
#2457=EDGE_LOOP('',(#974,#975,#976,#977));
#2458=EDGE_LOOP('',(#978,#979,#980,#981));
#2459=EDGE_LOOP('',(#982,#983,#984,#985));
#2460=EDGE_LOOP('',(#986,#987,#988,#989));
#2461=EDGE_LOOP('',(#990,#991,#992,#993));
#2462=EDGE_LOOP('',(#994,#995,#996,#997));
#2463=EDGE_LOOP('',(#998,#999,#1000,#1001));
#2464=EDGE_LOOP('',(#1002,#1003,#1004,#1005));
#2465=EDGE_LOOP('',(#1006,#1007,#1008,#1009));
#2466=EDGE_LOOP('',(#1010,#1011,#1012,#1013));
#2467=EDGE_LOOP('',(#1014,#1015,#1016,#1017));
#2468=EDGE_LOOP('',(#1018,#1019,#1020,#1021));
#2469=EDGE_LOOP('',(#1022,#1023,#1024,#1025));
#2470=EDGE_LOOP('',(#1026,#1027,#1028,#1029));
#2471=EDGE_LOOP('',(#1030,#1031,#1032,#1033));
#2472=EDGE_LOOP('',(#1034,#1035,#1036,#1037));
#2473=EDGE_LOOP('',(#1038,#1039,#1040,#1041));
#2474=EDGE_LOOP('',(#1042,#1043,#1044,#1045));
#2475=EDGE_LOOP('',(#1046,#1047,#1048,#1049));
#2476=EDGE_LOOP('',(#1050,#1051,#1052,#1053));
#2477=EDGE_LOOP('',(#1054,#1055,#1056,#1057));
#2478=EDGE_LOOP('',(#1058,#1059,#1060,#1061));
#2479=EDGE_LOOP('',(#1062,#1063,#1064,#1065));
#2480=EDGE_LOOP('',(#1066,#1067,#1068,#1069));
#2481=EDGE_LOOP('',(#1070,#1071,#1072,#1073));
#2482=EDGE_LOOP('',(#1074,#1075,#1076,#1077));
#2483=EDGE_LOOP('',(#1078,#1079,#1080,#1081));
#2484=EDGE_LOOP('',(#1082,#1083,#1084,#1085));
#2485=EDGE_LOOP('',(#1086,#1087,#1088,#1089));
#2486=EDGE_LOOP('',(#1090,#1091,#1092,#1093));
#2487=EDGE_LOOP('',(#1094,#1095,#1096,#1097));
#2488=EDGE_LOOP('',(#1098,#1099,#1100,#1101));
#2489=EDGE_LOOP('',(#1102,#1103,#1104,#1105));
#2490=EDGE_LOOP('',(#1106,#1107,#1108,#1109));
#2491=EDGE_LOOP('',(#1110,#1111,#1112,#1113));
#2492=EDGE_LOOP('',(#1114,#1115,#1116,#1117));
#2493=EDGE_LOOP('',(#1118,#1119,#1120,#1121));
#2494=EDGE_LOOP('',(#1122,#1123,#1124,#1125));
#2495=EDGE_LOOP('',(#1126,#1127,#1128,#1129));
#2496=EDGE_LOOP('',(#1130,#1131,#1132,#1133));
#2497=EDGE_LOOP('',(#1134,#1135,#1136,#1137));
#2498=EDGE_LOOP('',(#1138,#1139,#1140,#1141));
#2499=EDGE_LOOP('',(#1142,#1143,#1144,#1145));
#2500=EDGE_LOOP('',(#1146,#1147,#1148,#1149));
#2501=EDGE_LOOP('',(#1150,#1151,#1152,#1153));
#2502=EDGE_LOOP('',(#1154,#1155,#1156,#1157));
#2503=EDGE_LOOP('',(#1158,#1159,#1160,#1161));
#2504=EDGE_LOOP('',(#1162,#1163,#1164,#1165));
#2505=EDGE_LOOP('',(#1166,#1167,#1168,#1169));
#2506=EDGE_LOOP('',(#1170,#1171,#1172,#1173));
#2507=EDGE_LOOP('',(#1174,#1175,#1176,#1177));
#2508=EDGE_LOOP('',(#1178,#1179,#1180,#1181));
#2509=EDGE_LOOP('',(#1182,#1183,#1184,#1185));
#2510=EDGE_LOOP('',(#1186,#1187,#1188,#1189,#1190,#1191,#1192,#1193));
#2511=EDGE_LOOP('',(#1194,#1195,#1196,#1197,#1198,#1199,#1200,#1201));
#2512=EDGE_LOOP('',(#1202,#1203,#1204,#1205,#1206,#1207,#1208,#1209));
#2513=EDGE_LOOP('',(#1210,#1211,#1212,#1213,#1214,#1215,#1216,#1217));
#2514=EDGE_LOOP('',(#1218,#1219,#1220,#1221,#1222,#1223,#1224,#1225));
#2515=EDGE_LOOP('',(#1226,#1227,#1228,#1229,#1230,#1231,#1232,#1233));
#2516=EDGE_LOOP('',(#1234,#1235,#1236,#1237,#1238,#1239,#1240,#1241));
#2517=EDGE_LOOP('',(#1242,#1243,#1244,#1245,#1246,#1247,#1248,#1249));
#2518=EDGE_LOOP('',(#1250,#1251,#1252,#1253,#1254,#1255,#1256,#1257));
#2519=EDGE_LOOP('',(#1258,#1259,#1260,#1261,#1262,#1263,#1264,#1265));
#2520=EDGE_LOOP('',(#1266,#1267,#1268,#1269,#1270,#1271,#1272,#1273));
#2521=EDGE_LOOP('',(#1274,#1275,#1276,#1277,#1278,#1279,#1280,#1281));
#2522=EDGE_LOOP('',(#1282,#1283,#1284,#1285,#1286,#1287,#1288,#1289));
#2523=EDGE_LOOP('',(#1290,#1291,#1292,#1293,#1294,#1295,#1296,#1297));
#2524=EDGE_LOOP('',(#1298,#1299,#1300,#1301,#1302,#1303,#1304,#1305));
#2525=EDGE_LOOP('',(#1306,#1307,#1308,#1309,#1310,#1311,#1312,#1313));
#2526=EDGE_LOOP('',(#1314,#1315,#1316,#1317,#1318,#1319,#1320,#1321));
#2527=EDGE_LOOP('',(#1322,#1323,#1324,#1325));
#2528=EDGE_LOOP('',(#1326));
#2529=EDGE_LOOP('',(#1327));
#2530=EDGE_LOOP('',(#1328));
#2531=EDGE_LOOP('',(#1329));
#2532=EDGE_LOOP('',(#1330,#1331,#1332,#1333,#1334,#1335,#1336,#1337));
#2533=EDGE_LOOP('',(#1338,#1339,#1340,#1341,#1342,#1343,#1344,#1345));
#2534=EDGE_LOOP('',(#1346,#1347,#1348,#1349,#1350,#1351,#1352,#1353));
#2535=EDGE_LOOP('',(#1354,#1355,#1356,#1357,#1358,#1359,#1360,#1361));
#2536=EDGE_LOOP('',(#1362,#1363,#1364,#1365,#1366,#1367,#1368,#1369));
#2537=EDGE_LOOP('',(#1370,#1371,#1372,#1373,#1374,#1375,#1376,#1377));
#2538=EDGE_LOOP('',(#1378,#1379,#1380,#1381,#1382,#1383,#1384,#1385));
#2539=EDGE_LOOP('',(#1386,#1387,#1388,#1389,#1390,#1391,#1392,#1393));
#2540=EDGE_LOOP('',(#1394,#1395,#1396,#1397,#1398,#1399,#1400,#1401));
#2541=EDGE_LOOP('',(#1402,#1403,#1404,#1405,#1406,#1407,#1408,#1409));
#2542=EDGE_LOOP('',(#1410,#1411,#1412,#1413,#1414,#1415,#1416,#1417));
#2543=EDGE_LOOP('',(#1418,#1419,#1420,#1421,#1422,#1423,#1424,#1425));
#2544=EDGE_LOOP('',(#1426,#1427,#1428,#1429,#1430,#1431,#1432,#1433));
#2545=EDGE_LOOP('',(#1434,#1435,#1436,#1437,#1438,#1439,#1440,#1441));
#2546=EDGE_LOOP('',(#1442,#1443,#1444,#1445,#1446,#1447,#1448,#1449));
#2547=EDGE_LOOP('',(#1450,#1451,#1452,#1453,#1454,#1455,#1456,#1457));
#2548=EDGE_LOOP('',(#1458,#1459,#1460,#1461));
#2549=EDGE_LOOP('',(#1462,#1463,#1464,#1465,#1466,#1467,#1468,#1469));
#2550=EDGE_LOOP('',(#1470));
#2551=EDGE_LOOP('',(#1471));
#2552=EDGE_LOOP('',(#1472));
#2553=EDGE_LOOP('',(#1473));
#2554=EDGE_LOOP('',(#1474,#1475,#1476,#1477));
#2555=EDGE_LOOP('',(#1478,#1479,#1480,#1481));
#2556=EDGE_LOOP('',(#1482,#1483,#1484,#1485));
#2557=EDGE_LOOP('',(#1486,#1487,#1488,#1489));
#2558=EDGE_LOOP('',(#1490,#1491,#1492,#1493));
#2559=EDGE_LOOP('',(#1494,#1495,#1496,#1497));
#2560=EDGE_LOOP('',(#1498,#1499,#1500,#1501));
#2561=EDGE_LOOP('',(#1502));
#2562=EDGE_LOOP('',(#1503));
#2563=EDGE_LOOP('',(#1504));
#2564=EDGE_LOOP('',(#1505));
#2565=EDGE_LOOP('',(#1506));
#2566=EDGE_LOOP('',(#1507));
#2567=EDGE_LOOP('',(#1508));
#2568=EDGE_LOOP('',(#1509));
#2569=EDGE_LOOP('',(#1510,#1511,#1512,#1513));
#2570=EDGE_LOOP('',(#1514,#1515,#1516,#1517));
#2571=EDGE_LOOP('',(#1518,#1519,#1520,#1521));
#2572=EDGE_LOOP('',(#1522,#1523,#1524,#1525));
#2573=EDGE_LOOP('',(#1526,#1527,#1528,#1529));
#2574=FACE_BOUND('',#2382,.T.);
#2575=FACE_BOUND('',#2383,.T.);
#2576=FACE_BOUND('',#2384,.T.);
#2577=FACE_BOUND('',#2385,.T.);
#2578=FACE_BOUND('',#2386,.T.);
#2579=FACE_BOUND('',#2387,.T.);
#2580=FACE_BOUND('',#2388,.T.);
#2581=FACE_BOUND('',#2389,.T.);
#2582=FACE_BOUND('',#2390,.T.);
#2583=FACE_BOUND('',#2391,.T.);
#2584=FACE_BOUND('',#2392,.T.);
#2585=FACE_BOUND('',#2393,.T.);
#2586=FACE_BOUND('',#2394,.T.);
#2587=FACE_BOUND('',#2395,.T.);
#2588=FACE_BOUND('',#2396,.T.);
#2589=FACE_BOUND('',#2397,.T.);
#2590=FACE_BOUND('',#2398,.T.);
#2591=FACE_BOUND('',#2399,.T.);
#2592=FACE_BOUND('',#2400,.T.);
#2593=FACE_BOUND('',#2401,.T.);
#2594=FACE_BOUND('',#2402,.T.);
#2595=FACE_BOUND('',#2403,.T.);
#2596=FACE_BOUND('',#2404,.T.);
#2597=FACE_BOUND('',#2405,.T.);
#2598=FACE_BOUND('',#2406,.T.);
#2599=FACE_BOUND('',#2407,.T.);
#2600=FACE_BOUND('',#2408,.T.);
#2601=FACE_BOUND('',#2409,.T.);
#2602=FACE_BOUND('',#2410,.T.);
#2603=FACE_BOUND('',#2411,.T.);
#2604=FACE_BOUND('',#2412,.T.);
#2605=FACE_BOUND('',#2413,.T.);
#2606=FACE_BOUND('',#2414,.T.);
#2607=FACE_BOUND('',#2415,.T.);
#2608=FACE_BOUND('',#2416,.T.);
#2609=FACE_BOUND('',#2417,.T.);
#2610=FACE_BOUND('',#2418,.T.);
#2611=FACE_BOUND('',#2419,.T.);
#2612=FACE_BOUND('',#2420,.T.);
#2613=FACE_BOUND('',#2421,.T.);
#2614=FACE_BOUND('',#2422,.T.);
#2615=FACE_BOUND('',#2423,.T.);
#2616=FACE_BOUND('',#2424,.T.);
#2617=FACE_BOUND('',#2425,.T.);
#2618=FACE_BOUND('',#2426,.T.);
#2619=FACE_BOUND('',#2427,.T.);
#2620=FACE_BOUND('',#2428,.T.);
#2621=FACE_BOUND('',#2429,.T.);
#2622=FACE_BOUND('',#2430,.T.);
#2623=FACE_BOUND('',#2431,.T.);
#2624=FACE_BOUND('',#2432,.T.);
#2625=FACE_BOUND('',#2433,.T.);
#2626=FACE_BOUND('',#2434,.T.);
#2627=FACE_BOUND('',#2435,.T.);
#2628=FACE_BOUND('',#2436,.T.);
#2629=FACE_BOUND('',#2437,.T.);
#2630=FACE_BOUND('',#2438,.T.);
#2631=FACE_BOUND('',#2439,.T.);
#2632=FACE_BOUND('',#2440,.T.);
#2633=FACE_BOUND('',#2441,.T.);
#2634=FACE_BOUND('',#2442,.T.);
#2635=FACE_BOUND('',#2443,.T.);
#2636=FACE_BOUND('',#2444,.T.);
#2637=FACE_BOUND('',#2445,.T.);
#2638=FACE_BOUND('',#2446,.T.);
#2639=FACE_BOUND('',#2447,.T.);
#2640=FACE_BOUND('',#2448,.T.);
#2641=FACE_BOUND('',#2449,.T.);
#2642=FACE_BOUND('',#2450,.T.);
#2643=FACE_BOUND('',#2451,.T.);
#2644=FACE_BOUND('',#2452,.T.);
#2645=FACE_BOUND('',#2453,.T.);
#2646=FACE_BOUND('',#2454,.T.);
#2647=FACE_BOUND('',#2455,.T.);
#2648=FACE_BOUND('',#2456,.T.);
#2649=FACE_BOUND('',#2457,.T.);
#2650=FACE_BOUND('',#2458,.T.);
#2651=FACE_BOUND('',#2459,.T.);
#2652=FACE_BOUND('',#2460,.T.);
#2653=FACE_BOUND('',#2461,.T.);
#2654=FACE_BOUND('',#2462,.T.);
#2655=FACE_BOUND('',#2463,.T.);
#2656=FACE_BOUND('',#2464,.T.);
#2657=FACE_BOUND('',#2465,.T.);
#2658=FACE_BOUND('',#2466,.T.);
#2659=FACE_BOUND('',#2467,.T.);
#2660=FACE_BOUND('',#2468,.T.);
#2661=FACE_BOUND('',#2469,.T.);
#2662=FACE_BOUND('',#2470,.T.);
#2663=FACE_BOUND('',#2471,.T.);
#2664=FACE_BOUND('',#2472,.T.);
#2665=FACE_BOUND('',#2473,.T.);
#2666=FACE_BOUND('',#2474,.T.);
#2667=FACE_BOUND('',#2475,.T.);
#2668=FACE_BOUND('',#2476,.T.);
#2669=FACE_BOUND('',#2477,.T.);
#2670=FACE_BOUND('',#2478,.T.);
#2671=FACE_BOUND('',#2479,.T.);
#2672=FACE_BOUND('',#2480,.T.);
#2673=FACE_BOUND('',#2481,.T.);
#2674=FACE_BOUND('',#2482,.T.);
#2675=FACE_BOUND('',#2483,.T.);
#2676=FACE_BOUND('',#2484,.T.);
#2677=FACE_BOUND('',#2485,.T.);
#2678=FACE_BOUND('',#2486,.T.);
#2679=FACE_BOUND('',#2487,.T.);
#2680=FACE_BOUND('',#2488,.T.);
#2681=FACE_BOUND('',#2489,.T.);
#2682=FACE_BOUND('',#2490,.T.);
#2683=FACE_BOUND('',#2491,.T.);
#2684=FACE_BOUND('',#2492,.T.);
#2685=FACE_BOUND('',#2493,.T.);
#2686=FACE_BOUND('',#2494,.T.);
#2687=FACE_BOUND('',#2495,.T.);
#2688=FACE_BOUND('',#2496,.T.);
#2689=FACE_BOUND('',#2497,.T.);
#2690=FACE_BOUND('',#2498,.T.);
#2691=FACE_BOUND('',#2499,.T.);
#2692=FACE_BOUND('',#2500,.T.);
#2693=FACE_BOUND('',#2501,.T.);
#2694=FACE_BOUND('',#2502,.T.);
#2695=FACE_BOUND('',#2503,.T.);
#2696=FACE_BOUND('',#2504,.T.);
#2697=FACE_BOUND('',#2505,.T.);
#2698=FACE_BOUND('',#2506,.T.);
#2699=FACE_BOUND('',#2507,.T.);
#2700=FACE_BOUND('',#2508,.T.);
#2701=FACE_BOUND('',#2509,.T.);
#2702=FACE_BOUND('',#2510,.T.);
#2703=FACE_BOUND('',#2511,.T.);
#2704=FACE_BOUND('',#2512,.T.);
#2705=FACE_BOUND('',#2513,.T.);
#2706=FACE_BOUND('',#2514,.T.);
#2707=FACE_BOUND('',#2515,.T.);
#2708=FACE_BOUND('',#2516,.T.);
#2709=FACE_BOUND('',#2517,.T.);
#2710=FACE_BOUND('',#2518,.T.);
#2711=FACE_BOUND('',#2519,.T.);
#2712=FACE_BOUND('',#2520,.T.);
#2713=FACE_BOUND('',#2521,.T.);
#2714=FACE_BOUND('',#2522,.T.);
#2715=FACE_BOUND('',#2523,.T.);
#2716=FACE_BOUND('',#2524,.T.);
#2717=FACE_BOUND('',#2525,.T.);
#2718=FACE_BOUND('',#2526,.T.);
#2719=FACE_BOUND('',#2527,.T.);
#2720=FACE_BOUND('',#2528,.T.);
#2721=FACE_BOUND('',#2529,.T.);
#2722=FACE_BOUND('',#2530,.T.);
#2723=FACE_BOUND('',#2531,.T.);
#2724=FACE_BOUND('',#2532,.T.);
#2725=FACE_BOUND('',#2533,.T.);
#2726=FACE_BOUND('',#2534,.T.);
#2727=FACE_BOUND('',#2535,.T.);
#2728=FACE_BOUND('',#2536,.T.);
#2729=FACE_BOUND('',#2537,.T.);
#2730=FACE_BOUND('',#2538,.T.);
#2731=FACE_BOUND('',#2539,.T.);
#2732=FACE_BOUND('',#2540,.T.);
#2733=FACE_BOUND('',#2541,.T.);
#2734=FACE_BOUND('',#2542,.T.);
#2735=FACE_BOUND('',#2543,.T.);
#2736=FACE_BOUND('',#2544,.T.);
#2737=FACE_BOUND('',#2545,.T.);
#2738=FACE_BOUND('',#2546,.T.);
#2739=FACE_BOUND('',#2547,.T.);
#2740=FACE_BOUND('',#2548,.T.);
#2741=FACE_BOUND('',#2549,.T.);
#2742=FACE_BOUND('',#2550,.T.);
#2743=FACE_BOUND('',#2551,.T.);
#2744=FACE_BOUND('',#2552,.T.);
#2745=FACE_BOUND('',#2553,.T.);
#2746=FACE_BOUND('',#2554,.T.);
#2747=FACE_BOUND('',#2555,.T.);
#2748=FACE_BOUND('',#2556,.T.);
#2749=FACE_BOUND('',#2557,.T.);
#2750=FACE_BOUND('',#2558,.T.);
#2751=FACE_BOUND('',#2559,.T.);
#2752=FACE_BOUND('',#2560,.T.);
#2753=FACE_BOUND('',#2561,.T.);
#2754=FACE_BOUND('',#2562,.T.);
#2755=FACE_BOUND('',#2563,.T.);
#2756=FACE_BOUND('',#2564,.T.);
#2757=FACE_BOUND('',#2565,.T.);
#2758=FACE_BOUND('',#2566,.T.);
#2759=FACE_BOUND('',#2567,.T.);
#2760=FACE_BOUND('',#2568,.T.);
#2761=FACE_BOUND('',#2569,.T.);
#2762=FACE_BOUND('',#2570,.T.);
#2763=FACE_BOUND('',#2571,.T.);
#2764=FACE_BOUND('',#2572,.T.);
#2765=FACE_BOUND('',#2573,.T.);
#2766=CYLINDRICAL_SURFACE('',#2993,0.0005);
#2767=CYLINDRICAL_SURFACE('',#2997,0.0005);
#2768=CYLINDRICAL_SURFACE('',#3001,0.0005);
#2769=CYLINDRICAL_SURFACE('',#3005,0.0005);
#2770=CYLINDRICAL_SURFACE('',#3008,0.0005);
#2771=CYLINDRICAL_SURFACE('',#3012,0.0005);
#2772=CYLINDRICAL_SURFACE('',#3016,0.0005);
#2773=CYLINDRICAL_SURFACE('',#3020,0.0005);
#2774=CYLINDRICAL_SURFACE('',#3023,0.0005);
#2775=CYLINDRICAL_SURFACE('',#3027,0.0005);
#2776=CYLINDRICAL_SURFACE('',#3031,0.0005);
#2777=CYLINDRICAL_SURFACE('',#3035,0.0005);
#2778=CYLINDRICAL_SURFACE('',#3038,0.0005);
#2779=CYLINDRICAL_SURFACE('',#3042,0.0005);
#2780=CYLINDRICAL_SURFACE('',#3046,0.0005);
#2781=CYLINDRICAL_SURFACE('',#3050,0.0005);
#2782=CYLINDRICAL_SURFACE('',#3053,0.0005);
#2783=CYLINDRICAL_SURFACE('',#3057,0.0005);
#2784=CYLINDRICAL_SURFACE('',#3061,0.0005);
#2785=CYLINDRICAL_SURFACE('',#3065,0.0005);
#2786=CYLINDRICAL_SURFACE('',#3068,0.0005);
#2787=CYLINDRICAL_SURFACE('',#3072,0.0005);
#2788=CYLINDRICAL_SURFACE('',#3076,0.0005);
#2789=CYLINDRICAL_SURFACE('',#3080,0.0005);
#2790=CYLINDRICAL_SURFACE('',#3083,0.0005);
#2791=CYLINDRICAL_SURFACE('',#3087,0.0005);
#2792=CYLINDRICAL_SURFACE('',#3091,0.0005);
#2793=CYLINDRICAL_SURFACE('',#3095,0.0005);
#2794=CYLINDRICAL_SURFACE('',#3098,0.0005);
#2795=CYLINDRICAL_SURFACE('',#3102,0.0005);
#2796=CYLINDRICAL_SURFACE('',#3106,0.0005);
#2797=CYLINDRICAL_SURFACE('',#3110,0.0005);
#2798=CYLINDRICAL_SURFACE('',#3113,0.0005);
#2799=CYLINDRICAL_SURFACE('',#3117,0.0005);
#2800=CYLINDRICAL_SURFACE('',#3121,0.0005);
#2801=CYLINDRICAL_SURFACE('',#3125,0.0005);
#2802=CYLINDRICAL_SURFACE('',#3128,0.0005);
#2803=CYLINDRICAL_SURFACE('',#3132,0.0005);
#2804=CYLINDRICAL_SURFACE('',#3136,0.0005);
#2805=CYLINDRICAL_SURFACE('',#3140,0.0005);
#2806=CYLINDRICAL_SURFACE('',#3143,0.0005);
#2807=CYLINDRICAL_SURFACE('',#3147,0.0005);
#2808=CYLINDRICAL_SURFACE('',#3151,0.0005);
#2809=CYLINDRICAL_SURFACE('',#3155,0.0005);
#2810=CYLINDRICAL_SURFACE('',#3158,0.0005);
#2811=CYLINDRICAL_SURFACE('',#3162,0.0005);
#2812=CYLINDRICAL_SURFACE('',#3166,0.0005);
#2813=CYLINDRICAL_SURFACE('',#3170,0.0005);
#2814=CYLINDRICAL_SURFACE('',#3173,0.0005);
#2815=CYLINDRICAL_SURFACE('',#3177,0.0005);
#2816=CYLINDRICAL_SURFACE('',#3181,0.0005);
#2817=CYLINDRICAL_SURFACE('',#3185,0.0005);
#2818=CYLINDRICAL_SURFACE('',#3188,0.0005);
#2819=CYLINDRICAL_SURFACE('',#3192,0.0005);
#2820=CYLINDRICAL_SURFACE('',#3196,0.0005);
#2821=CYLINDRICAL_SURFACE('',#3200,0.0005);
#2822=CYLINDRICAL_SURFACE('',#3203,0.0005);
#2823=CYLINDRICAL_SURFACE('',#3207,0.0005);
#2824=CYLINDRICAL_SURFACE('',#3211,0.0005);
#2825=CYLINDRICAL_SURFACE('',#3215,0.0005);
#2826=CYLINDRICAL_SURFACE('',#3218,0.0005);
#2827=CYLINDRICAL_SURFACE('',#3222,0.0005);
#2828=CYLINDRICAL_SURFACE('',#3226,0.000499999999999994);
#2829=CYLINDRICAL_SURFACE('',#3230,0.0005);
#2830=CYLINDRICAL_SURFACE('',#3266,0.0017);
#2831=CYLINDRICAL_SURFACE('',#3267,0.0017);
#2832=CYLINDRICAL_SURFACE('',#3268,0.0017);
#2833=CYLINDRICAL_SURFACE('',#3269,0.0017);
#2834=ADVANCED_FACE('',(#2574),#2766,.F.);
#2835=ADVANCED_FACE('',(#2575),#12,.F.);
#2836=ADVANCED_FACE('',(#2576),#2767,.F.);
#2837=ADVANCED_FACE('',(#2577),#13,.F.);
#2838=ADVANCED_FACE('',(#2578),#2768,.F.);
#2839=ADVANCED_FACE('',(#2579),#14,.T.);
#2840=ADVANCED_FACE('',(#2580),#2769,.F.);
#2841=ADVANCED_FACE('',(#2581),#2770,.F.);
#2842=ADVANCED_FACE('',(#2582),#15,.F.);
#2843=ADVANCED_FACE('',(#2583),#2771,.F.);
#2844=ADVANCED_FACE('',(#2584),#16,.F.);
#2845=ADVANCED_FACE('',(#2585),#2772,.F.);
#2846=ADVANCED_FACE('',(#2586),#17,.T.);
#2847=ADVANCED_FACE('',(#2587),#2773,.F.);
#2848=ADVANCED_FACE('',(#2588),#2774,.F.);
#2849=ADVANCED_FACE('',(#2589),#18,.F.);
#2850=ADVANCED_FACE('',(#2590),#2775,.F.);
#2851=ADVANCED_FACE('',(#2591),#19,.F.);
#2852=ADVANCED_FACE('',(#2592),#2776,.F.);
#2853=ADVANCED_FACE('',(#2593),#20,.T.);
#2854=ADVANCED_FACE('',(#2594),#2777,.F.);
#2855=ADVANCED_FACE('',(#2595),#2778,.F.);
#2856=ADVANCED_FACE('',(#2596),#21,.F.);
#2857=ADVANCED_FACE('',(#2597),#2779,.F.);
#2858=ADVANCED_FACE('',(#2598),#22,.F.);
#2859=ADVANCED_FACE('',(#2599),#2780,.F.);
#2860=ADVANCED_FACE('',(#2600),#23,.T.);
#2861=ADVANCED_FACE('',(#2601),#2781,.F.);
#2862=ADVANCED_FACE('',(#2602),#2782,.F.);
#2863=ADVANCED_FACE('',(#2603),#24,.F.);
#2864=ADVANCED_FACE('',(#2604),#2783,.F.);
#2865=ADVANCED_FACE('',(#2605),#25,.F.);
#2866=ADVANCED_FACE('',(#2606),#2784,.F.);
#2867=ADVANCED_FACE('',(#2607),#26,.T.);
#2868=ADVANCED_FACE('',(#2608),#2785,.F.);
#2869=ADVANCED_FACE('',(#2609),#2786,.F.);
#2870=ADVANCED_FACE('',(#2610),#27,.F.);
#2871=ADVANCED_FACE('',(#2611),#2787,.F.);
#2872=ADVANCED_FACE('',(#2612),#28,.F.);
#2873=ADVANCED_FACE('',(#2613),#2788,.F.);
#2874=ADVANCED_FACE('',(#2614),#29,.T.);
#2875=ADVANCED_FACE('',(#2615),#2789,.F.);
#2876=ADVANCED_FACE('',(#2616),#2790,.F.);
#2877=ADVANCED_FACE('',(#2617),#30,.F.);
#2878=ADVANCED_FACE('',(#2618),#2791,.F.);
#2879=ADVANCED_FACE('',(#2619),#31,.F.);
#2880=ADVANCED_FACE('',(#2620),#2792,.F.);
#2881=ADVANCED_FACE('',(#2621),#32,.T.);
#2882=ADVANCED_FACE('',(#2622),#2793,.F.);
#2883=ADVANCED_FACE('',(#2623),#2794,.F.);
#2884=ADVANCED_FACE('',(#2624),#33,.F.);
#2885=ADVANCED_FACE('',(#2625),#2795,.F.);
#2886=ADVANCED_FACE('',(#2626),#34,.F.);
#2887=ADVANCED_FACE('',(#2627),#2796,.F.);
#2888=ADVANCED_FACE('',(#2628),#35,.T.);
#2889=ADVANCED_FACE('',(#2629),#2797,.F.);
#2890=ADVANCED_FACE('',(#2630),#2798,.F.);
#2891=ADVANCED_FACE('',(#2631),#36,.F.);
#2892=ADVANCED_FACE('',(#2632),#2799,.F.);
#2893=ADVANCED_FACE('',(#2633),#37,.F.);
#2894=ADVANCED_FACE('',(#2634),#2800,.F.);
#2895=ADVANCED_FACE('',(#2635),#38,.T.);
#2896=ADVANCED_FACE('',(#2636),#2801,.F.);
#2897=ADVANCED_FACE('',(#2637),#2802,.F.);
#2898=ADVANCED_FACE('',(#2638),#39,.F.);
#2899=ADVANCED_FACE('',(#2639),#2803,.F.);
#2900=ADVANCED_FACE('',(#2640),#40,.F.);
#2901=ADVANCED_FACE('',(#2641),#2804,.F.);
#2902=ADVANCED_FACE('',(#2642),#41,.T.);
#2903=ADVANCED_FACE('',(#2643),#2805,.F.);
#2904=ADVANCED_FACE('',(#2644),#2806,.F.);
#2905=ADVANCED_FACE('',(#2645),#42,.F.);
#2906=ADVANCED_FACE('',(#2646),#2807,.F.);
#2907=ADVANCED_FACE('',(#2647),#43,.F.);
#2908=ADVANCED_FACE('',(#2648),#2808,.F.);
#2909=ADVANCED_FACE('',(#2649),#44,.T.);
#2910=ADVANCED_FACE('',(#2650),#2809,.F.);
#2911=ADVANCED_FACE('',(#2651),#2810,.F.);
#2912=ADVANCED_FACE('',(#2652),#45,.F.);
#2913=ADVANCED_FACE('',(#2653),#2811,.F.);
#2914=ADVANCED_FACE('',(#2654),#46,.F.);
#2915=ADVANCED_FACE('',(#2655),#2812,.F.);
#2916=ADVANCED_FACE('',(#2656),#47,.T.);
#2917=ADVANCED_FACE('',(#2657),#2813,.F.);
#2918=ADVANCED_FACE('',(#2658),#2814,.F.);
#2919=ADVANCED_FACE('',(#2659),#48,.F.);
#2920=ADVANCED_FACE('',(#2660),#2815,.F.);
#2921=ADVANCED_FACE('',(#2661),#49,.F.);
#2922=ADVANCED_FACE('',(#2662),#2816,.F.);
#2923=ADVANCED_FACE('',(#2663),#50,.T.);
#2924=ADVANCED_FACE('',(#2664),#2817,.F.);
#2925=ADVANCED_FACE('',(#2665),#2818,.F.);
#2926=ADVANCED_FACE('',(#2666),#51,.F.);
#2927=ADVANCED_FACE('',(#2667),#2819,.F.);
#2928=ADVANCED_FACE('',(#2668),#52,.F.);
#2929=ADVANCED_FACE('',(#2669),#2820,.F.);
#2930=ADVANCED_FACE('',(#2670),#53,.T.);
#2931=ADVANCED_FACE('',(#2671),#2821,.F.);
#2932=ADVANCED_FACE('',(#2672),#2822,.F.);
#2933=ADVANCED_FACE('',(#2673),#54,.F.);
#2934=ADVANCED_FACE('',(#2674),#2823,.F.);
#2935=ADVANCED_FACE('',(#2675),#55,.F.);
#2936=ADVANCED_FACE('',(#2676),#2824,.F.);
#2937=ADVANCED_FACE('',(#2677),#56,.T.);
#2938=ADVANCED_FACE('',(#2678),#2825,.F.);
#2939=ADVANCED_FACE('',(#2679),#2826,.F.);
#2940=ADVANCED_FACE('',(#2680),#57,.F.);
#2941=ADVANCED_FACE('',(#2681),#2827,.F.);
#2942=ADVANCED_FACE('',(#2682),#58,.F.);
#2943=ADVANCED_FACE('',(#2683),#2828,.F.);
#2944=ADVANCED_FACE('',(#2684),#59,.T.);
#2945=ADVANCED_FACE('',(#2685),#2829,.F.);
#2946=ADVANCED_FACE('',(#2686),#60,.T.);
#2947=ADVANCED_FACE('',(#2687),#61,.T.);
#2948=ADVANCED_FACE('',(#2688),#62,.T.);
#2949=ADVANCED_FACE('',(#2689),#63,.T.);
#2950=ADVANCED_FACE('',(#2690),#64,.T.);
#2951=ADVANCED_FACE('',(#2691),#65,.T.);
#2952=ADVANCED_FACE('',(#2692),#66,.T.);
#2953=ADVANCED_FACE('',(#2693),#67,.T.);
#2954=ADVANCED_FACE('',(#2694),#68,.T.);
#2955=ADVANCED_FACE('',(#2695),#69,.T.);
#2956=ADVANCED_FACE('',(#2696),#70,.T.);
#2957=ADVANCED_FACE('',(#2697),#71,.T.);
#2958=ADVANCED_FACE('',(#2698),#72,.T.);
#2959=ADVANCED_FACE('',(#2699),#73,.T.);
#2960=ADVANCED_FACE('',(#2700),#74,.T.);
#2961=ADVANCED_FACE('',(#2701),#75,.T.);
#2962=ADVANCED_FACE('',(#2702,#2703,#2704,#2705,#2706,#2707,#2708,#2709,
#2710,#2711,#2712,#2713,#2714,#2715,#2716,#2717,#2718,#2719,#2720,#2721,
#2722,#2723),#76,.T.);
#2963=ADVANCED_FACE('',(#2724,#2725,#2726,#2727,#2728,#2729,#2730,#2731,
#2732,#2733,#2734,#2735,#2736,#2737,#2738,#2739,#2740,#2741,#2742,#2743,
#2744,#2745),#77,.F.);
#2964=ADVANCED_FACE('',(#2746),#78,.F.);
#2965=ADVANCED_FACE('',(#2747),#79,.F.);
#2966=ADVANCED_FACE('',(#2748),#80,.F.);
#2967=ADVANCED_FACE('',(#2749),#81,.F.);
#2968=ADVANCED_FACE('',(#2750),#82,.T.);
#2969=ADVANCED_FACE('',(#2751),#83,.T.);
#2970=ADVANCED_FACE('',(#2752),#84,.F.);
#2971=ADVANCED_FACE('',(#2753,#2754),#2830,.F.);
#2972=ADVANCED_FACE('',(#2755,#2756),#2831,.F.);
#2973=ADVANCED_FACE('',(#2757,#2758),#2832,.F.);
#2974=ADVANCED_FACE('',(#2759,#2760),#2833,.F.);
#2975=ADVANCED_FACE('',(#2761),#85,.F.);
#2976=ADVANCED_FACE('',(#2762),#86,.F.);
#2977=ADVANCED_FACE('',(#2763),#87,.F.);
#2978=ADVANCED_FACE('',(#2764),#88,.F.);
#2979=ADVANCED_FACE('',(#2765),#89,.F.);
#2980=CLOSED_SHELL('',(#2834,#2835,#2836,#2837,#2838,#2839,#2840,#2841,
#2842,#2843,#2844,#2845,#2846,#2847,#2848,#2849,#2850,#2851,#2852,#2853,
#2854,#2855,#2856,#2857,#2858,#2859,#2860,#2861,#2862,#2863,#2864,#2865,
#2866,#2867,#2868,#2869,#2870,#2871,#2872,#2873,#2874,#2875,#2876,#2877,
#2878,#2879,#2880,#2881,#2882,#2883,#2884,#2885,#2886,#2887,#2888,#2889,
#2890,#2891,#2892,#2893,#2894,#2895,#2896,#2897,#2898,#2899,#2900,#2901,
#2902,#2903,#2904,#2905,#2906,#2907,#2908,#2909,#2910,#2911,#2912,#2913,
#2914,#2915,#2916,#2917,#2918,#2919,#2920,#2921,#2922,#2923,#2924,#2925,
#2926,#2927,#2928,#2929,#2930,#2931,#2932,#2933,#2934,#2935,#2936,#2937,
#2938,#2939,#2940,#2941,#2942,#2943,#2944,#2945,#2946,#2947,#2948,#2949,
#2950,#2951,#2952,#2953,#2954,#2955,#2956,#2957,#2958,#2959,#2960,#2961,
#2962,#2963,#2964,#2965,#2966,#2967,#2968,#2969,#2970,#2971,#2972,#2973,
#2974,#2975,#2976,#2977,#2978,#2979));
#2981=STYLED_ITEM('',(#2982),#2989);
#2982=PRESENTATION_STYLE_ASSIGNMENT((#2983));
#2983=SURFACE_STYLE_USAGE(.BOTH.,#2984);
#2984=SURFACE_SIDE_STYLE('',(#2985));
#2985=SURFACE_STYLE_FILL_AREA(#2986);
#2986=FILL_AREA_STYLE('',(#2987));
#2987=FILL_AREA_STYLE_COLOUR('',#2988);
#2988=COLOUR_RGB('',0.729411764705882,0.250980392156863,0.105882352941176);
#2989=MANIFOLD_SOLID_BREP('Top',#2980);
#2990=SHAPE_DEFINITION_REPRESENTATION(#5002,#2991);
#2991=SHAPE_REPRESENTATION('Top',(#2992),#4997);
#2992=AXIS2_PLACEMENT_3D('',#4133,#3275,#3276);
#2993=AXIS2_PLACEMENT_3D('',#4134,#3277,#3278);
#2994=AXIS2_PLACEMENT_3D('',#4135,#3279,#3280);
#2995=AXIS2_PLACEMENT_3D('',#4140,#3282,#3283);
#2996=AXIS2_PLACEMENT_3D('',#4143,#3285,#3286);
#2997=AXIS2_PLACEMENT_3D('',#4149,#3290,#3291);
#2998=AXIS2_PLACEMENT_3D('',#4150,#3292,#3293);
#2999=AXIS2_PLACEMENT_3D('',#4154,#3295,#3296);
#3000=AXIS2_PLACEMENT_3D('',#4155,#3297,#3298);
#3001=AXIS2_PLACEMENT_3D('',#4161,#3302,#3303);
#3002=AXIS2_PLACEMENT_3D('',#4162,#3304,#3305);
#3003=AXIS2_PLACEMENT_3D('',#4166,#3307,#3308);
#3004=AXIS2_PLACEMENT_3D('',#4167,#3309,#3310);
#3005=AXIS2_PLACEMENT_3D('',#4173,#3314,#3315);
#3006=AXIS2_PLACEMENT_3D('',#4174,#3316,#3317);
#3007=AXIS2_PLACEMENT_3D('',#4178,#3319,#3320);
#3008=AXIS2_PLACEMENT_3D('',#4179,#3321,#3322);
#3009=AXIS2_PLACEMENT_3D('',#4180,#3323,#3324);
#3010=AXIS2_PLACEMENT_3D('',#4185,#3326,#3327);
#3011=AXIS2_PLACEMENT_3D('',#4188,#3329,#3330);
#3012=AXIS2_PLACEMENT_3D('',#4194,#3334,#3335);
#3013=AXIS2_PLACEMENT_3D('',#4195,#3336,#3337);
#3014=AXIS2_PLACEMENT_3D('',#4199,#3339,#3340);
#3015=AXIS2_PLACEMENT_3D('',#4200,#3341,#3342);
#3016=AXIS2_PLACEMENT_3D('',#4206,#3346,#3347);
#3017=AXIS2_PLACEMENT_3D('',#4207,#3348,#3349);
#3018=AXIS2_PLACEMENT_3D('',#4211,#3351,#3352);
#3019=AXIS2_PLACEMENT_3D('',#4212,#3353,#3354);
#3020=AXIS2_PLACEMENT_3D('',#4218,#3358,#3359);
#3021=AXIS2_PLACEMENT_3D('',#4219,#3360,#3361);
#3022=AXIS2_PLACEMENT_3D('',#4223,#3363,#3364);
#3023=AXIS2_PLACEMENT_3D('',#4224,#3365,#3366);
#3024=AXIS2_PLACEMENT_3D('',#4225,#3367,#3368);
#3025=AXIS2_PLACEMENT_3D('',#4230,#3370,#3371);
#3026=AXIS2_PLACEMENT_3D('',#4233,#3373,#3374);
#3027=AXIS2_PLACEMENT_3D('',#4239,#3378,#3379);
#3028=AXIS2_PLACEMENT_3D('',#4240,#3380,#3381);
#3029=AXIS2_PLACEMENT_3D('',#4244,#3383,#3384);
#3030=AXIS2_PLACEMENT_3D('',#4245,#3385,#3386);
#3031=AXIS2_PLACEMENT_3D('',#4251,#3390,#3391);
#3032=AXIS2_PLACEMENT_3D('',#4252,#3392,#3393);
#3033=AXIS2_PLACEMENT_3D('',#4256,#3395,#3396);
#3034=AXIS2_PLACEMENT_3D('',#4257,#3397,#3398);
#3035=AXIS2_PLACEMENT_3D('',#4263,#3402,#3403);
#3036=AXIS2_PLACEMENT_3D('',#4264,#3404,#3405);
#3037=AXIS2_PLACEMENT_3D('',#4268,#3407,#3408);
#3038=AXIS2_PLACEMENT_3D('',#4269,#3409,#3410);
#3039=AXIS2_PLACEMENT_3D('',#4270,#3411,#3412);
#3040=AXIS2_PLACEMENT_3D('',#4275,#3414,#3415);
#3041=AXIS2_PLACEMENT_3D('',#4278,#3417,#3418);
#3042=AXIS2_PLACEMENT_3D('',#4284,#3422,#3423);
#3043=AXIS2_PLACEMENT_3D('',#4285,#3424,#3425);
#3044=AXIS2_PLACEMENT_3D('',#4289,#3427,#3428);
#3045=AXIS2_PLACEMENT_3D('',#4290,#3429,#3430);
#3046=AXIS2_PLACEMENT_3D('',#4296,#3434,#3435);
#3047=AXIS2_PLACEMENT_3D('',#4297,#3436,#3437);
#3048=AXIS2_PLACEMENT_3D('',#4301,#3439,#3440);
#3049=AXIS2_PLACEMENT_3D('',#4302,#3441,#3442);
#3050=AXIS2_PLACEMENT_3D('',#4308,#3446,#3447);
#3051=AXIS2_PLACEMENT_3D('',#4309,#3448,#3449);
#3052=AXIS2_PLACEMENT_3D('',#4313,#3451,#3452);
#3053=AXIS2_PLACEMENT_3D('',#4314,#3453,#3454);
#3054=AXIS2_PLACEMENT_3D('',#4315,#3455,#3456);
#3055=AXIS2_PLACEMENT_3D('',#4320,#3458,#3459);
#3056=AXIS2_PLACEMENT_3D('',#4323,#3461,#3462);
#3057=AXIS2_PLACEMENT_3D('',#4329,#3466,#3467);
#3058=AXIS2_PLACEMENT_3D('',#4330,#3468,#3469);
#3059=AXIS2_PLACEMENT_3D('',#4334,#3471,#3472);
#3060=AXIS2_PLACEMENT_3D('',#4335,#3473,#3474);
#3061=AXIS2_PLACEMENT_3D('',#4341,#3478,#3479);
#3062=AXIS2_PLACEMENT_3D('',#4342,#3480,#3481);
#3063=AXIS2_PLACEMENT_3D('',#4346,#3483,#3484);
#3064=AXIS2_PLACEMENT_3D('',#4347,#3485,#3486);
#3065=AXIS2_PLACEMENT_3D('',#4353,#3490,#3491);
#3066=AXIS2_PLACEMENT_3D('',#4354,#3492,#3493);
#3067=AXIS2_PLACEMENT_3D('',#4358,#3495,#3496);
#3068=AXIS2_PLACEMENT_3D('',#4359,#3497,#3498);
#3069=AXIS2_PLACEMENT_3D('',#4360,#3499,#3500);
#3070=AXIS2_PLACEMENT_3D('',#4365,#3502,#3503);
#3071=AXIS2_PLACEMENT_3D('',#4368,#3505,#3506);
#3072=AXIS2_PLACEMENT_3D('',#4374,#3510,#3511);
#3073=AXIS2_PLACEMENT_3D('',#4375,#3512,#3513);
#3074=AXIS2_PLACEMENT_3D('',#4379,#3515,#3516);
#3075=AXIS2_PLACEMENT_3D('',#4380,#3517,#3518);
#3076=AXIS2_PLACEMENT_3D('',#4386,#3522,#3523);
#3077=AXIS2_PLACEMENT_3D('',#4387,#3524,#3525);
#3078=AXIS2_PLACEMENT_3D('',#4391,#3527,#3528);
#3079=AXIS2_PLACEMENT_3D('',#4392,#3529,#3530);
#3080=AXIS2_PLACEMENT_3D('',#4398,#3534,#3535);
#3081=AXIS2_PLACEMENT_3D('',#4399,#3536,#3537);
#3082=AXIS2_PLACEMENT_3D('',#4403,#3539,#3540);
#3083=AXIS2_PLACEMENT_3D('',#4404,#3541,#3542);
#3084=AXIS2_PLACEMENT_3D('',#4405,#3543,#3544);
#3085=AXIS2_PLACEMENT_3D('',#4410,#3546,#3547);
#3086=AXIS2_PLACEMENT_3D('',#4413,#3549,#3550);
#3087=AXIS2_PLACEMENT_3D('',#4419,#3554,#3555);
#3088=AXIS2_PLACEMENT_3D('',#4420,#3556,#3557);
#3089=AXIS2_PLACEMENT_3D('',#4424,#3559,#3560);
#3090=AXIS2_PLACEMENT_3D('',#4425,#3561,#3562);
#3091=AXIS2_PLACEMENT_3D('',#4431,#3566,#3567);
#3092=AXIS2_PLACEMENT_3D('',#4432,#3568,#3569);
#3093=AXIS2_PLACEMENT_3D('',#4436,#3571,#3572);
#3094=AXIS2_PLACEMENT_3D('',#4437,#3573,#3574);
#3095=AXIS2_PLACEMENT_3D('',#4443,#3578,#3579);
#3096=AXIS2_PLACEMENT_3D('',#4444,#3580,#3581);
#3097=AXIS2_PLACEMENT_3D('',#4448,#3583,#3584);
#3098=AXIS2_PLACEMENT_3D('',#4449,#3585,#3586);
#3099=AXIS2_PLACEMENT_3D('',#4450,#3587,#3588);
#3100=AXIS2_PLACEMENT_3D('',#4455,#3590,#3591);
#3101=AXIS2_PLACEMENT_3D('',#4458,#3593,#3594);
#3102=AXIS2_PLACEMENT_3D('',#4464,#3598,#3599);
#3103=AXIS2_PLACEMENT_3D('',#4465,#3600,#3601);
#3104=AXIS2_PLACEMENT_3D('',#4469,#3603,#3604);
#3105=AXIS2_PLACEMENT_3D('',#4470,#3605,#3606);
#3106=AXIS2_PLACEMENT_3D('',#4476,#3610,#3611);
#3107=AXIS2_PLACEMENT_3D('',#4477,#3612,#3613);
#3108=AXIS2_PLACEMENT_3D('',#4481,#3615,#3616);
#3109=AXIS2_PLACEMENT_3D('',#4482,#3617,#3618);
#3110=AXIS2_PLACEMENT_3D('',#4488,#3622,#3623);
#3111=AXIS2_PLACEMENT_3D('',#4489,#3624,#3625);
#3112=AXIS2_PLACEMENT_3D('',#4493,#3627,#3628);
#3113=AXIS2_PLACEMENT_3D('',#4494,#3629,#3630);
#3114=AXIS2_PLACEMENT_3D('',#4495,#3631,#3632);
#3115=AXIS2_PLACEMENT_3D('',#4500,#3634,#3635);
#3116=AXIS2_PLACEMENT_3D('',#4503,#3637,#3638);
#3117=AXIS2_PLACEMENT_3D('',#4509,#3642,#3643);
#3118=AXIS2_PLACEMENT_3D('',#4510,#3644,#3645);
#3119=AXIS2_PLACEMENT_3D('',#4514,#3647,#3648);
#3120=AXIS2_PLACEMENT_3D('',#4515,#3649,#3650);
#3121=AXIS2_PLACEMENT_3D('',#4521,#3654,#3655);
#3122=AXIS2_PLACEMENT_3D('',#4522,#3656,#3657);
#3123=AXIS2_PLACEMENT_3D('',#4526,#3659,#3660);
#3124=AXIS2_PLACEMENT_3D('',#4527,#3661,#3662);
#3125=AXIS2_PLACEMENT_3D('',#4533,#3666,#3667);
#3126=AXIS2_PLACEMENT_3D('',#4534,#3668,#3669);
#3127=AXIS2_PLACEMENT_3D('',#4538,#3671,#3672);
#3128=AXIS2_PLACEMENT_3D('',#4539,#3673,#3674);
#3129=AXIS2_PLACEMENT_3D('',#4540,#3675,#3676);
#3130=AXIS2_PLACEMENT_3D('',#4545,#3678,#3679);
#3131=AXIS2_PLACEMENT_3D('',#4548,#3681,#3682);
#3132=AXIS2_PLACEMENT_3D('',#4554,#3686,#3687);
#3133=AXIS2_PLACEMENT_3D('',#4555,#3688,#3689);
#3134=AXIS2_PLACEMENT_3D('',#4559,#3691,#3692);
#3135=AXIS2_PLACEMENT_3D('',#4560,#3693,#3694);
#3136=AXIS2_PLACEMENT_3D('',#4566,#3698,#3699);
#3137=AXIS2_PLACEMENT_3D('',#4567,#3700,#3701);
#3138=AXIS2_PLACEMENT_3D('',#4571,#3703,#3704);
#3139=AXIS2_PLACEMENT_3D('',#4572,#3705,#3706);
#3140=AXIS2_PLACEMENT_3D('',#4578,#3710,#3711);
#3141=AXIS2_PLACEMENT_3D('',#4579,#3712,#3713);
#3142=AXIS2_PLACEMENT_3D('',#4583,#3715,#3716);
#3143=AXIS2_PLACEMENT_3D('',#4584,#3717,#3718);
#3144=AXIS2_PLACEMENT_3D('',#4585,#3719,#3720);
#3145=AXIS2_PLACEMENT_3D('',#4590,#3722,#3723);
#3146=AXIS2_PLACEMENT_3D('',#4593,#3725,#3726);
#3147=AXIS2_PLACEMENT_3D('',#4599,#3730,#3731);
#3148=AXIS2_PLACEMENT_3D('',#4600,#3732,#3733);
#3149=AXIS2_PLACEMENT_3D('',#4604,#3735,#3736);
#3150=AXIS2_PLACEMENT_3D('',#4605,#3737,#3738);
#3151=AXIS2_PLACEMENT_3D('',#4611,#3742,#3743);
#3152=AXIS2_PLACEMENT_3D('',#4612,#3744,#3745);
#3153=AXIS2_PLACEMENT_3D('',#4616,#3747,#3748);
#3154=AXIS2_PLACEMENT_3D('',#4617,#3749,#3750);
#3155=AXIS2_PLACEMENT_3D('',#4623,#3754,#3755);
#3156=AXIS2_PLACEMENT_3D('',#4624,#3756,#3757);
#3157=AXIS2_PLACEMENT_3D('',#4628,#3759,#3760);
#3158=AXIS2_PLACEMENT_3D('',#4629,#3761,#3762);
#3159=AXIS2_PLACEMENT_3D('',#4630,#3763,#3764);
#3160=AXIS2_PLACEMENT_3D('',#4635,#3766,#3767);
#3161=AXIS2_PLACEMENT_3D('',#4638,#3769,#3770);
#3162=AXIS2_PLACEMENT_3D('',#4644,#3774,#3775);
#3163=AXIS2_PLACEMENT_3D('',#4645,#3776,#3777);
#3164=AXIS2_PLACEMENT_3D('',#4649,#3779,#3780);
#3165=AXIS2_PLACEMENT_3D('',#4650,#3781,#3782);
#3166=AXIS2_PLACEMENT_3D('',#4656,#3786,#3787);
#3167=AXIS2_PLACEMENT_3D('',#4657,#3788,#3789);
#3168=AXIS2_PLACEMENT_3D('',#4661,#3791,#3792);
#3169=AXIS2_PLACEMENT_3D('',#4662,#3793,#3794);
#3170=AXIS2_PLACEMENT_3D('',#4668,#3798,#3799);
#3171=AXIS2_PLACEMENT_3D('',#4669,#3800,#3801);
#3172=AXIS2_PLACEMENT_3D('',#4673,#3803,#3804);
#3173=AXIS2_PLACEMENT_3D('',#4674,#3805,#3806);
#3174=AXIS2_PLACEMENT_3D('',#4675,#3807,#3808);
#3175=AXIS2_PLACEMENT_3D('',#4680,#3810,#3811);
#3176=AXIS2_PLACEMENT_3D('',#4683,#3813,#3814);
#3177=AXIS2_PLACEMENT_3D('',#4689,#3818,#3819);
#3178=AXIS2_PLACEMENT_3D('',#4690,#3820,#3821);
#3179=AXIS2_PLACEMENT_3D('',#4694,#3823,#3824);
#3180=AXIS2_PLACEMENT_3D('',#4695,#3825,#3826);
#3181=AXIS2_PLACEMENT_3D('',#4701,#3830,#3831);
#3182=AXIS2_PLACEMENT_3D('',#4702,#3832,#3833);
#3183=AXIS2_PLACEMENT_3D('',#4706,#3835,#3836);
#3184=AXIS2_PLACEMENT_3D('',#4707,#3837,#3838);
#3185=AXIS2_PLACEMENT_3D('',#4713,#3842,#3843);
#3186=AXIS2_PLACEMENT_3D('',#4714,#3844,#3845);
#3187=AXIS2_PLACEMENT_3D('',#4718,#3847,#3848);
#3188=AXIS2_PLACEMENT_3D('',#4719,#3849,#3850);
#3189=AXIS2_PLACEMENT_3D('',#4720,#3851,#3852);
#3190=AXIS2_PLACEMENT_3D('',#4725,#3854,#3855);
#3191=AXIS2_PLACEMENT_3D('',#4728,#3857,#3858);
#3192=AXIS2_PLACEMENT_3D('',#4734,#3862,#3863);
#3193=AXIS2_PLACEMENT_3D('',#4735,#3864,#3865);
#3194=AXIS2_PLACEMENT_3D('',#4739,#3867,#3868);
#3195=AXIS2_PLACEMENT_3D('',#4740,#3869,#3870);
#3196=AXIS2_PLACEMENT_3D('',#4746,#3874,#3875);
#3197=AXIS2_PLACEMENT_3D('',#4747,#3876,#3877);
#3198=AXIS2_PLACEMENT_3D('',#4751,#3879,#3880);
#3199=AXIS2_PLACEMENT_3D('',#4752,#3881,#3882);
#3200=AXIS2_PLACEMENT_3D('',#4758,#3886,#3887);
#3201=AXIS2_PLACEMENT_3D('',#4759,#3888,#3889);
#3202=AXIS2_PLACEMENT_3D('',#4763,#3891,#3892);
#3203=AXIS2_PLACEMENT_3D('',#4764,#3893,#3894);
#3204=AXIS2_PLACEMENT_3D('',#4765,#3895,#3896);
#3205=AXIS2_PLACEMENT_3D('',#4770,#3898,#3899);
#3206=AXIS2_PLACEMENT_3D('',#4773,#3901,#3902);
#3207=AXIS2_PLACEMENT_3D('',#4779,#3906,#3907);
#3208=AXIS2_PLACEMENT_3D('',#4780,#3908,#3909);
#3209=AXIS2_PLACEMENT_3D('',#4784,#3911,#3912);
#3210=AXIS2_PLACEMENT_3D('',#4785,#3913,#3914);
#3211=AXIS2_PLACEMENT_3D('',#4791,#3918,#3919);
#3212=AXIS2_PLACEMENT_3D('',#4792,#3920,#3921);
#3213=AXIS2_PLACEMENT_3D('',#4796,#3923,#3924);
#3214=AXIS2_PLACEMENT_3D('',#4797,#3925,#3926);
#3215=AXIS2_PLACEMENT_3D('',#4803,#3930,#3931);
#3216=AXIS2_PLACEMENT_3D('',#4804,#3932,#3933);
#3217=AXIS2_PLACEMENT_3D('',#4808,#3935,#3936);
#3218=AXIS2_PLACEMENT_3D('',#4809,#3937,#3938);
#3219=AXIS2_PLACEMENT_3D('',#4810,#3939,#3940);
#3220=AXIS2_PLACEMENT_3D('',#4815,#3942,#3943);
#3221=AXIS2_PLACEMENT_3D('',#4818,#3945,#3946);
#3222=AXIS2_PLACEMENT_3D('',#4824,#3950,#3951);
#3223=AXIS2_PLACEMENT_3D('',#4825,#3952,#3953);
#3224=AXIS2_PLACEMENT_3D('',#4829,#3955,#3956);
#3225=AXIS2_PLACEMENT_3D('',#4830,#3957,#3958);
#3226=AXIS2_PLACEMENT_3D('',#4836,#3962,#3963);
#3227=AXIS2_PLACEMENT_3D('',#4837,#3964,#3965);
#3228=AXIS2_PLACEMENT_3D('',#4841,#3967,#3968);
#3229=AXIS2_PLACEMENT_3D('',#4842,#3969,#3970);
#3230=AXIS2_PLACEMENT_3D('',#4848,#3974,#3975);
#3231=AXIS2_PLACEMENT_3D('',#4849,#3976,#3977);
#3232=AXIS2_PLACEMENT_3D('',#4853,#3979,#3980);
#3233=AXIS2_PLACEMENT_3D('',#4854,#3981,#3982);
#3234=AXIS2_PLACEMENT_3D('',#4857,#3985,#3986);
#3235=AXIS2_PLACEMENT_3D('',#4860,#3989,#3990);
#3236=AXIS2_PLACEMENT_3D('',#4863,#3993,#3994);
#3237=AXIS2_PLACEMENT_3D('',#4866,#3997,#3998);
#3238=AXIS2_PLACEMENT_3D('',#4869,#4001,#4002);
#3239=AXIS2_PLACEMENT_3D('',#4872,#4005,#4006);
#3240=AXIS2_PLACEMENT_3D('',#4875,#4009,#4010);
#3241=AXIS2_PLACEMENT_3D('',#4878,#4013,#4014);
#3242=AXIS2_PLACEMENT_3D('',#4881,#4017,#4018);
#3243=AXIS2_PLACEMENT_3D('',#4884,#4021,#4022);
#3244=AXIS2_PLACEMENT_3D('',#4887,#4025,#4026);
#3245=AXIS2_PLACEMENT_3D('',#4890,#4029,#4030);
#3246=AXIS2_PLACEMENT_3D('',#4893,#4033,#4034);
#3247=AXIS2_PLACEMENT_3D('',#4896,#4037,#4038);
#3248=AXIS2_PLACEMENT_3D('',#4899,#4041,#4042);
#3249=AXIS2_PLACEMENT_3D('',#4902,#4045,#4046);
#3250=AXIS2_PLACEMENT_3D('',#4927,#4059,#4060);
#3251=AXIS2_PLACEMENT_3D('',#4929,#4061,#4062);
#3252=AXIS2_PLACEMENT_3D('',#4931,#4063,#4064);
#3253=AXIS2_PLACEMENT_3D('',#4933,#4065,#4066);
#3254=AXIS2_PLACEMENT_3D('',#4935,#4067,#4068);
#3255=AXIS2_PLACEMENT_3D('',#4960,#4081,#4082);
#3256=AXIS2_PLACEMENT_3D('',#4962,#4083,#4084);
#3257=AXIS2_PLACEMENT_3D('',#4964,#4085,#4086);
#3258=AXIS2_PLACEMENT_3D('',#4966,#4087,#4088);
#3259=AXIS2_PLACEMENT_3D('',#4968,#4089,#4090);
#3260=AXIS2_PLACEMENT_3D('',#4971,#4093,#4094);
#3261=AXIS2_PLACEMENT_3D('',#4973,#4096,#4097);
#3262=AXIS2_PLACEMENT_3D('',#4975,#4099,#4100);
#3263=AXIS2_PLACEMENT_3D('',#4976,#4101,#4102);
#3264=AXIS2_PLACEMENT_3D('',#4979,#4105,#4106);
#3265=AXIS2_PLACEMENT_3D('',#4981,#4108,#4109);
#3266=AXIS2_PLACEMENT_3D('',#4983,#4111,#4112);
#3267=AXIS2_PLACEMENT_3D('',#4984,#4113,#4114);
#3268=AXIS2_PLACEMENT_3D('',#4985,#4115,#4116);
#3269=AXIS2_PLACEMENT_3D('',#4986,#4117,#4118);
#3270=AXIS2_PLACEMENT_3D('',#4987,#4119,#4120);
#3271=AXIS2_PLACEMENT_3D('',#4990,#4123,#4124);
#3272=AXIS2_PLACEMENT_3D('',#4993,#4127,#4128);
#3273=AXIS2_PLACEMENT_3D('',#4994,#4129,#4130);
#3274=AXIS2_PLACEMENT_3D('',#4995,#4131,#4132);
#3275=DIRECTION('',(0.,0.,1.));
#3276=DIRECTION('',(1.,0.,0.));
#3277=DIRECTION('',(0.,0.,-1.));
#3278=DIRECTION('',(-1.,0.,0.));
#3279=DIRECTION('',(0.,0.,1.));
#3280=DIRECTION('',(1.,0.,0.));
#3281=DIRECTION('',(0.,0.,-1.));
#3282=DIRECTION('',(0.,0.,1.));
#3283=DIRECTION('',(1.,0.,0.));
#3284=DIRECTION('',(0.,0.,-1.));
#3285=DIRECTION('',(0.,1.,0.));
#3286=DIRECTION('',(0.,0.,1.));
#3287=DIRECTION('',(1.,0.,0.));
#3288=DIRECTION('',(0.,0.,-1.));
#3289=DIRECTION('',(1.,0.,0.));
#3290=DIRECTION('',(0.,0.,-1.));
#3291=DIRECTION('',(-1.,0.,0.));
#3292=DIRECTION('',(0.,0.,1.));
#3293=DIRECTION('',(1.,0.,0.));
#3294=DIRECTION('',(0.,0.,-1.));
#3295=DIRECTION('',(0.,0.,1.));
#3296=DIRECTION('',(1.,0.,0.));
#3297=DIRECTION('',(1.,0.,0.));
#3298=DIRECTION('',(0.,0.,-1.));
#3299=DIRECTION('',(0.,-1.,0.));
#3300=DIRECTION('',(0.,0.,-1.));
#3301=DIRECTION('',(0.,-1.,0.));
#3302=DIRECTION('',(0.,0.,-1.));
#3303=DIRECTION('',(-1.,0.,0.));
#3304=DIRECTION('',(0.,0.,1.));
#3305=DIRECTION('',(1.,0.,0.));
#3306=DIRECTION('',(0.,0.,-1.));
#3307=DIRECTION('',(0.,0.,1.));
#3308=DIRECTION('',(1.,0.,0.));
#3309=DIRECTION('',(0.,1.,0.));
#3310=DIRECTION('',(0.,0.,1.));
#3311=DIRECTION('',(1.,0.,0.));
#3312=DIRECTION('',(0.,0.,-1.));
#3313=DIRECTION('',(1.,0.,0.));
#3314=DIRECTION('',(0.,0.,-1.));
#3315=DIRECTION('',(-1.,0.,0.));
#3316=DIRECTION('',(0.,0.,1.));
#3317=DIRECTION('',(1.,0.,0.));
#3318=DIRECTION('',(0.,0.,-1.));
#3319=DIRECTION('',(0.,0.,1.));
#3320=DIRECTION('',(1.,0.,0.));
#3321=DIRECTION('',(0.,0.,-1.));
#3322=DIRECTION('',(-1.,0.,0.));
#3323=DIRECTION('',(0.,0.,1.));
#3324=DIRECTION('',(1.,0.,0.));
#3325=DIRECTION('',(0.,0.,-1.));
#3326=DIRECTION('',(0.,0.,1.));
#3327=DIRECTION('',(1.,0.,0.));
#3328=DIRECTION('',(0.,0.,-1.));
#3329=DIRECTION('',(0.,1.,0.));
#3330=DIRECTION('',(0.,0.,1.));
#3331=DIRECTION('',(1.,0.,0.));
#3332=DIRECTION('',(0.,0.,-1.));
#3333=DIRECTION('',(1.,0.,0.));
#3334=DIRECTION('',(0.,0.,-1.));
#3335=DIRECTION('',(-1.,0.,0.));
#3336=DIRECTION('',(0.,0.,1.));
#3337=DIRECTION('',(1.,0.,0.));
#3338=DIRECTION('',(0.,0.,-1.));
#3339=DIRECTION('',(0.,0.,1.));
#3340=DIRECTION('',(1.,0.,0.));
#3341=DIRECTION('',(1.,0.,0.));
#3342=DIRECTION('',(0.,0.,-1.));
#3343=DIRECTION('',(0.,-1.,0.));
#3344=DIRECTION('',(0.,0.,-1.));
#3345=DIRECTION('',(0.,-1.,0.));
#3346=DIRECTION('',(0.,0.,-1.));
#3347=DIRECTION('',(-1.,0.,0.));
#3348=DIRECTION('',(0.,0.,1.));
#3349=DIRECTION('',(1.,0.,0.));
#3350=DIRECTION('',(0.,0.,-1.));
#3351=DIRECTION('',(0.,0.,1.));
#3352=DIRECTION('',(1.,0.,0.));
#3353=DIRECTION('',(0.,1.,0.));
#3354=DIRECTION('',(0.,0.,1.));
#3355=DIRECTION('',(1.,0.,0.));
#3356=DIRECTION('',(0.,0.,-1.));
#3357=DIRECTION('',(1.,0.,0.));
#3358=DIRECTION('',(0.,0.,-1.));
#3359=DIRECTION('',(-1.,0.,0.));
#3360=DIRECTION('',(0.,0.,1.));
#3361=DIRECTION('',(1.,0.,0.));
#3362=DIRECTION('',(0.,0.,-1.));
#3363=DIRECTION('',(0.,0.,1.));
#3364=DIRECTION('',(1.,0.,0.));
#3365=DIRECTION('',(0.,0.,-1.));
#3366=DIRECTION('',(-1.,0.,0.));
#3367=DIRECTION('',(0.,0.,1.));
#3368=DIRECTION('',(1.,0.,0.));
#3369=DIRECTION('',(0.,0.,-1.));
#3370=DIRECTION('',(0.,0.,1.));
#3371=DIRECTION('',(1.,0.,0.));
#3372=DIRECTION('',(0.,0.,-1.));
#3373=DIRECTION('',(0.,1.,0.));
#3374=DIRECTION('',(0.,0.,1.));
#3375=DIRECTION('',(1.,0.,0.));
#3376=DIRECTION('',(0.,0.,-1.));
#3377=DIRECTION('',(1.,0.,0.));
#3378=DIRECTION('',(0.,0.,-1.));
#3379=DIRECTION('',(-1.,0.,0.));
#3380=DIRECTION('',(0.,0.,1.));
#3381=DIRECTION('',(1.,0.,0.));
#3382=DIRECTION('',(0.,0.,-1.));
#3383=DIRECTION('',(0.,0.,1.));
#3384=DIRECTION('',(1.,0.,0.));
#3385=DIRECTION('',(1.,0.,0.));
#3386=DIRECTION('',(0.,0.,-1.));
#3387=DIRECTION('',(0.,-1.,0.));
#3388=DIRECTION('',(0.,0.,-1.));
#3389=DIRECTION('',(0.,-1.,0.));
#3390=DIRECTION('',(0.,0.,-1.));
#3391=DIRECTION('',(-1.,0.,0.));
#3392=DIRECTION('',(0.,0.,1.));
#3393=DIRECTION('',(1.,0.,0.));
#3394=DIRECTION('',(0.,0.,-1.));
#3395=DIRECTION('',(0.,0.,1.));
#3396=DIRECTION('',(1.,0.,0.));
#3397=DIRECTION('',(0.,1.,0.));
#3398=DIRECTION('',(0.,0.,1.));
#3399=DIRECTION('',(1.,0.,0.));
#3400=DIRECTION('',(0.,0.,-1.));
#3401=DIRECTION('',(1.,0.,0.));
#3402=DIRECTION('',(0.,0.,-1.));
#3403=DIRECTION('',(-1.,0.,0.));
#3404=DIRECTION('',(0.,0.,1.));
#3405=DIRECTION('',(1.,0.,0.));
#3406=DIRECTION('',(0.,0.,-1.));
#3407=DIRECTION('',(0.,0.,1.));
#3408=DIRECTION('',(1.,0.,0.));
#3409=DIRECTION('',(0.,0.,-1.));
#3410=DIRECTION('',(-1.,0.,0.));
#3411=DIRECTION('',(0.,0.,1.));
#3412=DIRECTION('',(1.,0.,0.));
#3413=DIRECTION('',(0.,0.,-1.));
#3414=DIRECTION('',(0.,0.,1.));
#3415=DIRECTION('',(1.,0.,0.));
#3416=DIRECTION('',(0.,0.,-1.));
#3417=DIRECTION('',(0.,1.,0.));
#3418=DIRECTION('',(0.,0.,1.));
#3419=DIRECTION('',(1.,0.,0.));
#3420=DIRECTION('',(0.,0.,-1.));
#3421=DIRECTION('',(1.,0.,0.));
#3422=DIRECTION('',(0.,0.,-1.));
#3423=DIRECTION('',(-1.,0.,0.));
#3424=DIRECTION('',(0.,0.,1.));
#3425=DIRECTION('',(1.,0.,0.));
#3426=DIRECTION('',(0.,0.,-1.));
#3427=DIRECTION('',(0.,0.,1.));
#3428=DIRECTION('',(1.,0.,0.));
#3429=DIRECTION('',(1.,0.,0.));
#3430=DIRECTION('',(0.,0.,-1.));
#3431=DIRECTION('',(0.,-1.,0.));
#3432=DIRECTION('',(0.,0.,-1.));
#3433=DIRECTION('',(0.,-1.,0.));
#3434=DIRECTION('',(0.,0.,-1.));
#3435=DIRECTION('',(-1.,0.,0.));
#3436=DIRECTION('',(0.,0.,1.));
#3437=DIRECTION('',(1.,0.,0.));
#3438=DIRECTION('',(0.,0.,-1.));
#3439=DIRECTION('',(0.,0.,1.));
#3440=DIRECTION('',(1.,0.,0.));
#3441=DIRECTION('',(0.,1.,0.));
#3442=DIRECTION('',(0.,0.,1.));
#3443=DIRECTION('',(1.,0.,0.));
#3444=DIRECTION('',(0.,0.,-1.));
#3445=DIRECTION('',(1.,0.,0.));
#3446=DIRECTION('',(0.,0.,-1.));
#3447=DIRECTION('',(-1.,0.,0.));
#3448=DIRECTION('',(0.,0.,1.));
#3449=DIRECTION('',(1.,0.,0.));
#3450=DIRECTION('',(0.,0.,-1.));
#3451=DIRECTION('',(0.,0.,1.));
#3452=DIRECTION('',(1.,0.,0.));
#3453=DIRECTION('',(0.,0.,-1.));
#3454=DIRECTION('',(-1.,0.,0.));
#3455=DIRECTION('',(0.,0.,1.));
#3456=DIRECTION('',(1.,0.,0.));
#3457=DIRECTION('',(0.,0.,-1.));
#3458=DIRECTION('',(0.,0.,1.));
#3459=DIRECTION('',(1.,0.,0.));
#3460=DIRECTION('',(0.,0.,-1.));
#3461=DIRECTION('',(0.,1.,0.));
#3462=DIRECTION('',(0.,0.,1.));
#3463=DIRECTION('',(1.,0.,0.));
#3464=DIRECTION('',(0.,0.,-1.));
#3465=DIRECTION('',(1.,0.,0.));
#3466=DIRECTION('',(0.,0.,-1.));
#3467=DIRECTION('',(-1.,0.,0.));
#3468=DIRECTION('',(0.,0.,1.));
#3469=DIRECTION('',(1.,0.,0.));
#3470=DIRECTION('',(0.,0.,-1.));
#3471=DIRECTION('',(0.,0.,1.));
#3472=DIRECTION('',(1.,0.,0.));
#3473=DIRECTION('',(1.,0.,0.));
#3474=DIRECTION('',(0.,0.,-1.));
#3475=DIRECTION('',(0.,-1.,0.));
#3476=DIRECTION('',(0.,0.,-1.));
#3477=DIRECTION('',(0.,-1.,0.));
#3478=DIRECTION('',(0.,0.,-1.));
#3479=DIRECTION('',(-1.,0.,0.));
#3480=DIRECTION('',(0.,0.,1.));
#3481=DIRECTION('',(1.,0.,0.));
#3482=DIRECTION('',(0.,0.,-1.));
#3483=DIRECTION('',(0.,0.,1.));
#3484=DIRECTION('',(1.,0.,0.));
#3485=DIRECTION('',(0.,1.,0.));
#3486=DIRECTION('',(0.,0.,1.));
#3487=DIRECTION('',(1.,0.,0.));
#3488=DIRECTION('',(0.,0.,-1.));
#3489=DIRECTION('',(1.,0.,0.));
#3490=DIRECTION('',(0.,0.,-1.));
#3491=DIRECTION('',(-1.,0.,0.));
#3492=DIRECTION('',(0.,0.,1.));
#3493=DIRECTION('',(1.,0.,0.));
#3494=DIRECTION('',(0.,0.,-1.));
#3495=DIRECTION('',(0.,0.,1.));
#3496=DIRECTION('',(1.,0.,0.));
#3497=DIRECTION('',(0.,0.,-1.));
#3498=DIRECTION('',(-1.,0.,0.));
#3499=DIRECTION('',(0.,0.,1.));
#3500=DIRECTION('',(1.,0.,0.));
#3501=DIRECTION('',(0.,0.,-1.));
#3502=DIRECTION('',(0.,0.,1.));
#3503=DIRECTION('',(1.,0.,0.));
#3504=DIRECTION('',(0.,0.,-1.));
#3505=DIRECTION('',(0.,1.,0.));
#3506=DIRECTION('',(0.,0.,1.));
#3507=DIRECTION('',(1.,0.,0.));
#3508=DIRECTION('',(0.,0.,-1.));
#3509=DIRECTION('',(1.,0.,0.));
#3510=DIRECTION('',(0.,0.,-1.));
#3511=DIRECTION('',(-1.,0.,0.));
#3512=DIRECTION('',(0.,0.,1.));
#3513=DIRECTION('',(1.,0.,0.));
#3514=DIRECTION('',(0.,0.,-1.));
#3515=DIRECTION('',(0.,0.,1.));
#3516=DIRECTION('',(1.,0.,0.));
#3517=DIRECTION('',(1.,0.,0.));
#3518=DIRECTION('',(0.,0.,-1.));
#3519=DIRECTION('',(0.,-1.,0.));
#3520=DIRECTION('',(0.,0.,-1.));
#3521=DIRECTION('',(0.,-1.,0.));
#3522=DIRECTION('',(0.,0.,-1.));
#3523=DIRECTION('',(-1.,0.,0.));
#3524=DIRECTION('',(0.,0.,1.));
#3525=DIRECTION('',(1.,0.,0.));
#3526=DIRECTION('',(0.,0.,-1.));
#3527=DIRECTION('',(0.,0.,1.));
#3528=DIRECTION('',(1.,0.,0.));
#3529=DIRECTION('',(0.,1.,0.));
#3530=DIRECTION('',(0.,0.,1.));
#3531=DIRECTION('',(1.,0.,0.));
#3532=DIRECTION('',(0.,0.,-1.));
#3533=DIRECTION('',(1.,0.,0.));
#3534=DIRECTION('',(0.,0.,-1.));
#3535=DIRECTION('',(-1.,0.,0.));
#3536=DIRECTION('',(0.,0.,1.));
#3537=DIRECTION('',(1.,0.,0.));
#3538=DIRECTION('',(0.,0.,-1.));
#3539=DIRECTION('',(0.,0.,1.));
#3540=DIRECTION('',(1.,0.,0.));
#3541=DIRECTION('',(0.,0.,-1.));
#3542=DIRECTION('',(-1.,0.,0.));
#3543=DIRECTION('',(0.,0.,1.));
#3544=DIRECTION('',(1.,0.,0.));
#3545=DIRECTION('',(0.,0.,-1.));
#3546=DIRECTION('',(0.,0.,1.));
#3547=DIRECTION('',(1.,0.,0.));
#3548=DIRECTION('',(0.,0.,-1.));
#3549=DIRECTION('',(0.,1.,0.));
#3550=DIRECTION('',(0.,0.,1.));
#3551=DIRECTION('',(1.,0.,0.));
#3552=DIRECTION('',(0.,0.,-1.));
#3553=DIRECTION('',(1.,0.,0.));
#3554=DIRECTION('',(0.,0.,-1.));
#3555=DIRECTION('',(-1.,0.,0.));
#3556=DIRECTION('',(0.,0.,1.));
#3557=DIRECTION('',(1.,0.,0.));
#3558=DIRECTION('',(0.,0.,-1.));
#3559=DIRECTION('',(0.,0.,1.));
#3560=DIRECTION('',(1.,0.,0.));
#3561=DIRECTION('',(1.,0.,0.));
#3562=DIRECTION('',(0.,0.,-1.));
#3563=DIRECTION('',(0.,-1.,0.));
#3564=DIRECTION('',(0.,0.,-1.));
#3565=DIRECTION('',(0.,-1.,0.));
#3566=DIRECTION('',(0.,0.,-1.));
#3567=DIRECTION('',(-1.,0.,0.));
#3568=DIRECTION('',(0.,0.,1.));
#3569=DIRECTION('',(1.,0.,0.));
#3570=DIRECTION('',(0.,0.,-1.));
#3571=DIRECTION('',(0.,0.,1.));
#3572=DIRECTION('',(1.,0.,0.));
#3573=DIRECTION('',(0.,1.,0.));
#3574=DIRECTION('',(0.,0.,1.));
#3575=DIRECTION('',(1.,0.,0.));
#3576=DIRECTION('',(0.,0.,-1.));
#3577=DIRECTION('',(1.,0.,0.));
#3578=DIRECTION('',(0.,0.,-1.));
#3579=DIRECTION('',(-1.,0.,0.));
#3580=DIRECTION('',(0.,0.,1.));
#3581=DIRECTION('',(1.,0.,0.));
#3582=DIRECTION('',(0.,0.,-1.));
#3583=DIRECTION('',(0.,0.,1.));
#3584=DIRECTION('',(1.,0.,0.));
#3585=DIRECTION('',(0.,0.,-1.));
#3586=DIRECTION('',(-1.,0.,0.));
#3587=DIRECTION('',(0.,0.,1.));
#3588=DIRECTION('',(1.,0.,0.));
#3589=DIRECTION('',(0.,0.,-1.));
#3590=DIRECTION('',(0.,0.,1.));
#3591=DIRECTION('',(1.,0.,0.));
#3592=DIRECTION('',(0.,0.,-1.));
#3593=DIRECTION('',(0.,1.,0.));
#3594=DIRECTION('',(0.,0.,1.));
#3595=DIRECTION('',(1.,0.,0.));
#3596=DIRECTION('',(0.,0.,-1.));
#3597=DIRECTION('',(1.,0.,0.));
#3598=DIRECTION('',(0.,0.,-1.));
#3599=DIRECTION('',(-1.,0.,0.));
#3600=DIRECTION('',(0.,0.,1.));
#3601=DIRECTION('',(1.,0.,0.));
#3602=DIRECTION('',(0.,0.,-1.));
#3603=DIRECTION('',(0.,0.,1.));
#3604=DIRECTION('',(1.,0.,0.));
#3605=DIRECTION('',(1.,0.,0.));
#3606=DIRECTION('',(0.,0.,-1.));
#3607=DIRECTION('',(0.,-1.,0.));
#3608=DIRECTION('',(0.,0.,-1.));
#3609=DIRECTION('',(0.,-1.,0.));
#3610=DIRECTION('',(0.,0.,-1.));
#3611=DIRECTION('',(-1.,0.,0.));
#3612=DIRECTION('',(0.,0.,1.));
#3613=DIRECTION('',(1.,0.,0.));
#3614=DIRECTION('',(0.,0.,-1.));
#3615=DIRECTION('',(0.,0.,1.));
#3616=DIRECTION('',(1.,0.,0.));
#3617=DIRECTION('',(0.,1.,0.));
#3618=DIRECTION('',(0.,0.,1.));
#3619=DIRECTION('',(1.,0.,0.));
#3620=DIRECTION('',(0.,0.,-1.));
#3621=DIRECTION('',(1.,0.,0.));
#3622=DIRECTION('',(0.,0.,-1.));
#3623=DIRECTION('',(-1.,0.,0.));
#3624=DIRECTION('',(0.,0.,1.));
#3625=DIRECTION('',(1.,0.,0.));
#3626=DIRECTION('',(0.,0.,-1.));
#3627=DIRECTION('',(0.,0.,1.));
#3628=DIRECTION('',(1.,0.,0.));
#3629=DIRECTION('',(0.,0.,-1.));
#3630=DIRECTION('',(-1.,0.,0.));
#3631=DIRECTION('',(0.,0.,1.));
#3632=DIRECTION('',(1.,0.,0.));
#3633=DIRECTION('',(0.,0.,-1.));
#3634=DIRECTION('',(0.,0.,1.));
#3635=DIRECTION('',(1.,0.,0.));
#3636=DIRECTION('',(0.,0.,-1.));
#3637=DIRECTION('',(0.,1.,0.));
#3638=DIRECTION('',(0.,0.,1.));
#3639=DIRECTION('',(1.,0.,0.));
#3640=DIRECTION('',(0.,0.,-1.));
#3641=DIRECTION('',(1.,0.,0.));
#3642=DIRECTION('',(0.,0.,-1.));
#3643=DIRECTION('',(-1.,0.,0.));
#3644=DIRECTION('',(0.,0.,1.));
#3645=DIRECTION('',(1.,0.,0.));
#3646=DIRECTION('',(0.,0.,-1.));
#3647=DIRECTION('',(0.,0.,1.));
#3648=DIRECTION('',(1.,0.,0.));
#3649=DIRECTION('',(1.,0.,0.));
#3650=DIRECTION('',(0.,0.,-1.));
#3651=DIRECTION('',(0.,-1.,0.));
#3652=DIRECTION('',(0.,0.,-1.));
#3653=DIRECTION('',(0.,-1.,0.));
#3654=DIRECTION('',(0.,0.,-1.));
#3655=DIRECTION('',(-1.,0.,0.));
#3656=DIRECTION('',(0.,0.,1.));
#3657=DIRECTION('',(1.,0.,0.));
#3658=DIRECTION('',(0.,0.,-1.));
#3659=DIRECTION('',(0.,0.,1.));
#3660=DIRECTION('',(1.,0.,0.));
#3661=DIRECTION('',(0.,1.,0.));
#3662=DIRECTION('',(0.,0.,1.));
#3663=DIRECTION('',(1.,0.,0.));
#3664=DIRECTION('',(0.,0.,-1.));
#3665=DIRECTION('',(1.,0.,0.));
#3666=DIRECTION('',(0.,0.,-1.));
#3667=DIRECTION('',(-1.,0.,0.));
#3668=DIRECTION('',(0.,0.,1.));
#3669=DIRECTION('',(1.,0.,0.));
#3670=DIRECTION('',(0.,0.,-1.));
#3671=DIRECTION('',(0.,0.,1.));
#3672=DIRECTION('',(1.,0.,0.));
#3673=DIRECTION('',(0.,0.,-1.));
#3674=DIRECTION('',(-1.,0.,0.));
#3675=DIRECTION('',(0.,0.,1.));
#3676=DIRECTION('',(1.,0.,0.));
#3677=DIRECTION('',(0.,0.,-1.));
#3678=DIRECTION('',(0.,0.,1.));
#3679=DIRECTION('',(1.,0.,0.));
#3680=DIRECTION('',(0.,0.,-1.));
#3681=DIRECTION('',(0.,1.,0.));
#3682=DIRECTION('',(0.,0.,1.));
#3683=DIRECTION('',(1.,0.,0.));
#3684=DIRECTION('',(0.,0.,-1.));
#3685=DIRECTION('',(1.,0.,0.));
#3686=DIRECTION('',(0.,0.,-1.));
#3687=DIRECTION('',(-1.,0.,0.));
#3688=DIRECTION('',(0.,0.,1.));
#3689=DIRECTION('',(1.,0.,0.));
#3690=DIRECTION('',(0.,0.,-1.));
#3691=DIRECTION('',(0.,0.,1.));
#3692=DIRECTION('',(1.,0.,0.));
#3693=DIRECTION('',(1.,0.,0.));
#3694=DIRECTION('',(0.,0.,-1.));
#3695=DIRECTION('',(0.,-1.,0.));
#3696=DIRECTION('',(0.,0.,-1.));
#3697=DIRECTION('',(0.,-1.,0.));
#3698=DIRECTION('',(0.,0.,-1.));
#3699=DIRECTION('',(-1.,0.,0.));
#3700=DIRECTION('',(0.,0.,1.));
#3701=DIRECTION('',(1.,0.,0.));
#3702=DIRECTION('',(0.,0.,-1.));
#3703=DIRECTION('',(0.,0.,1.));
#3704=DIRECTION('',(1.,0.,0.));
#3705=DIRECTION('',(0.,1.,0.));
#3706=DIRECTION('',(0.,0.,1.));
#3707=DIRECTION('',(1.,0.,0.));
#3708=DIRECTION('',(0.,0.,-1.));
#3709=DIRECTION('',(1.,0.,0.));
#3710=DIRECTION('',(0.,0.,-1.));
#3711=DIRECTION('',(-1.,0.,0.));
#3712=DIRECTION('',(0.,0.,1.));
#3713=DIRECTION('',(1.,0.,0.));
#3714=DIRECTION('',(0.,0.,-1.));
#3715=DIRECTION('',(0.,0.,1.));
#3716=DIRECTION('',(1.,0.,0.));
#3717=DIRECTION('',(0.,0.,-1.));
#3718=DIRECTION('',(-1.,0.,0.));
#3719=DIRECTION('',(0.,0.,1.));
#3720=DIRECTION('',(1.,0.,0.));
#3721=DIRECTION('',(0.,0.,-1.));
#3722=DIRECTION('',(0.,0.,1.));
#3723=DIRECTION('',(1.,0.,0.));
#3724=DIRECTION('',(0.,0.,-1.));
#3725=DIRECTION('',(0.,1.,0.));
#3726=DIRECTION('',(0.,0.,1.));
#3727=DIRECTION('',(1.,0.,0.));
#3728=DIRECTION('',(0.,0.,-1.));
#3729=DIRECTION('',(1.,0.,0.));
#3730=DIRECTION('',(0.,0.,-1.));
#3731=DIRECTION('',(-1.,0.,0.));
#3732=DIRECTION('',(0.,0.,1.));
#3733=DIRECTION('',(1.,0.,0.));
#3734=DIRECTION('',(0.,0.,-1.));
#3735=DIRECTION('',(0.,0.,1.));
#3736=DIRECTION('',(1.,0.,0.));
#3737=DIRECTION('',(1.,0.,0.));
#3738=DIRECTION('',(0.,0.,-1.));
#3739=DIRECTION('',(0.,-1.,0.));
#3740=DIRECTION('',(0.,0.,-1.));
#3741=DIRECTION('',(0.,-1.,0.));
#3742=DIRECTION('',(0.,0.,-1.));
#3743=DIRECTION('',(-1.,0.,0.));
#3744=DIRECTION('',(0.,0.,1.));
#3745=DIRECTION('',(1.,0.,0.));
#3746=DIRECTION('',(0.,0.,-1.));
#3747=DIRECTION('',(0.,0.,1.));
#3748=DIRECTION('',(1.,0.,0.));
#3749=DIRECTION('',(0.,1.,0.));
#3750=DIRECTION('',(0.,0.,1.));
#3751=DIRECTION('',(1.,0.,0.));
#3752=DIRECTION('',(0.,0.,-1.));
#3753=DIRECTION('',(1.,0.,0.));
#3754=DIRECTION('',(0.,0.,-1.));
#3755=DIRECTION('',(-1.,0.,0.));
#3756=DIRECTION('',(0.,0.,1.));
#3757=DIRECTION('',(1.,0.,0.));
#3758=DIRECTION('',(0.,0.,-1.));
#3759=DIRECTION('',(0.,0.,1.));
#3760=DIRECTION('',(1.,0.,0.));
#3761=DIRECTION('',(0.,0.,-1.));
#3762=DIRECTION('',(-1.,0.,0.));
#3763=DIRECTION('',(0.,0.,1.));
#3764=DIRECTION('',(1.,0.,0.));
#3765=DIRECTION('',(0.,0.,-1.));
#3766=DIRECTION('',(0.,0.,1.));
#3767=DIRECTION('',(1.,0.,0.));
#3768=DIRECTION('',(0.,0.,-1.));
#3769=DIRECTION('',(0.,1.,0.));
#3770=DIRECTION('',(0.,0.,1.));
#3771=DIRECTION('',(1.,0.,0.));
#3772=DIRECTION('',(0.,0.,-1.));
#3773=DIRECTION('',(1.,0.,0.));
#3774=DIRECTION('',(0.,0.,-1.));
#3775=DIRECTION('',(-1.,0.,0.));
#3776=DIRECTION('',(0.,0.,1.));
#3777=DIRECTION('',(1.,0.,0.));
#3778=DIRECTION('',(0.,0.,-1.));
#3779=DIRECTION('',(0.,0.,1.));
#3780=DIRECTION('',(1.,0.,0.));
#3781=DIRECTION('',(1.,0.,0.));
#3782=DIRECTION('',(0.,0.,-1.));
#3783=DIRECTION('',(0.,-1.,0.));
#3784=DIRECTION('',(0.,0.,-1.));
#3785=DIRECTION('',(0.,-1.,0.));
#3786=DIRECTION('',(0.,0.,-1.));
#3787=DIRECTION('',(-1.,0.,0.));
#3788=DIRECTION('',(0.,0.,1.));
#3789=DIRECTION('',(1.,0.,0.));
#3790=DIRECTION('',(0.,0.,-1.));
#3791=DIRECTION('',(0.,0.,1.));
#3792=DIRECTION('',(1.,0.,0.));
#3793=DIRECTION('',(0.,1.,0.));
#3794=DIRECTION('',(0.,0.,1.));
#3795=DIRECTION('',(1.,0.,0.));
#3796=DIRECTION('',(0.,0.,-1.));
#3797=DIRECTION('',(1.,0.,0.));
#3798=DIRECTION('',(0.,0.,-1.));
#3799=DIRECTION('',(-1.,0.,0.));
#3800=DIRECTION('',(0.,0.,1.));
#3801=DIRECTION('',(1.,0.,0.));
#3802=DIRECTION('',(0.,0.,-1.));
#3803=DIRECTION('',(0.,0.,1.));
#3804=DIRECTION('',(1.,0.,0.));
#3805=DIRECTION('',(0.,0.,-1.));
#3806=DIRECTION('',(-1.,0.,0.));
#3807=DIRECTION('',(0.,0.,1.));
#3808=DIRECTION('',(1.,0.,0.));
#3809=DIRECTION('',(0.,0.,-1.));
#3810=DIRECTION('',(0.,0.,1.));
#3811=DIRECTION('',(1.,0.,0.));
#3812=DIRECTION('',(0.,0.,-1.));
#3813=DIRECTION('',(0.,1.,0.));
#3814=DIRECTION('',(0.,0.,1.));
#3815=DIRECTION('',(1.,0.,0.));
#3816=DIRECTION('',(0.,0.,-1.));
#3817=DIRECTION('',(1.,0.,0.));
#3818=DIRECTION('',(0.,0.,-1.));
#3819=DIRECTION('',(-1.,0.,0.));
#3820=DIRECTION('',(0.,0.,1.));
#3821=DIRECTION('',(1.,0.,0.));
#3822=DIRECTION('',(0.,0.,-1.));
#3823=DIRECTION('',(0.,0.,1.));
#3824=DIRECTION('',(1.,0.,0.));
#3825=DIRECTION('',(1.,0.,0.));
#3826=DIRECTION('',(0.,0.,-1.));
#3827=DIRECTION('',(0.,-1.,0.));
#3828=DIRECTION('',(0.,0.,-1.));
#3829=DIRECTION('',(0.,-1.,0.));
#3830=DIRECTION('',(0.,0.,-1.));
#3831=DIRECTION('',(-1.,0.,0.));
#3832=DIRECTION('',(0.,0.,1.));
#3833=DIRECTION('',(1.,0.,0.));
#3834=DIRECTION('',(0.,0.,-1.));
#3835=DIRECTION('',(0.,0.,1.));
#3836=DIRECTION('',(1.,0.,0.));
#3837=DIRECTION('',(0.,1.,0.));
#3838=DIRECTION('',(0.,0.,1.));
#3839=DIRECTION('',(1.,0.,0.));
#3840=DIRECTION('',(0.,0.,-1.));
#3841=DIRECTION('',(1.,0.,0.));
#3842=DIRECTION('',(0.,0.,-1.));
#3843=DIRECTION('',(-1.,0.,0.));
#3844=DIRECTION('',(0.,0.,1.));
#3845=DIRECTION('',(1.,0.,0.));
#3846=DIRECTION('',(0.,0.,-1.));
#3847=DIRECTION('',(0.,0.,1.));
#3848=DIRECTION('',(1.,0.,0.));
#3849=DIRECTION('',(0.,0.,-1.));
#3850=DIRECTION('',(-1.,0.,0.));
#3851=DIRECTION('',(0.,0.,1.));
#3852=DIRECTION('',(1.,0.,0.));
#3853=DIRECTION('',(0.,0.,-1.));
#3854=DIRECTION('',(0.,0.,1.));
#3855=DIRECTION('',(1.,0.,0.));
#3856=DIRECTION('',(0.,0.,-1.));
#3857=DIRECTION('',(0.,1.,0.));
#3858=DIRECTION('',(0.,0.,1.));
#3859=DIRECTION('',(1.,0.,0.));
#3860=DIRECTION('',(0.,0.,-1.));
#3861=DIRECTION('',(1.,0.,0.));
#3862=DIRECTION('',(0.,0.,-1.));
#3863=DIRECTION('',(-1.,0.,0.));
#3864=DIRECTION('',(0.,0.,1.));
#3865=DIRECTION('',(1.,0.,0.));
#3866=DIRECTION('',(0.,0.,-1.));
#3867=DIRECTION('',(0.,0.,1.));
#3868=DIRECTION('',(1.,0.,0.));
#3869=DIRECTION('',(1.,0.,0.));
#3870=DIRECTION('',(0.,0.,-1.));
#3871=DIRECTION('',(0.,-1.,0.));
#3872=DIRECTION('',(0.,0.,-1.));
#3873=DIRECTION('',(0.,-1.,0.));
#3874=DIRECTION('',(0.,0.,-1.));
#3875=DIRECTION('',(-1.,0.,0.));
#3876=DIRECTION('',(0.,0.,1.));
#3877=DIRECTION('',(1.,0.,0.));
#3878=DIRECTION('',(0.,0.,-1.));
#3879=DIRECTION('',(0.,0.,1.));
#3880=DIRECTION('',(1.,0.,0.));
#3881=DIRECTION('',(0.,1.,0.));
#3882=DIRECTION('',(0.,0.,1.));
#3883=DIRECTION('',(1.,0.,0.));
#3884=DIRECTION('',(0.,0.,-1.));
#3885=DIRECTION('',(1.,0.,0.));
#3886=DIRECTION('',(0.,0.,-1.));
#3887=DIRECTION('',(-1.,0.,0.));
#3888=DIRECTION('',(0.,0.,1.));
#3889=DIRECTION('',(1.,0.,0.));
#3890=DIRECTION('',(0.,0.,-1.));
#3891=DIRECTION('',(0.,0.,1.));
#3892=DIRECTION('',(1.,0.,0.));
#3893=DIRECTION('',(0.,0.,-1.));
#3894=DIRECTION('',(-1.,0.,0.));
#3895=DIRECTION('',(0.,0.,1.));
#3896=DIRECTION('',(1.,0.,0.));
#3897=DIRECTION('',(0.,0.,-1.));
#3898=DIRECTION('',(0.,0.,1.));
#3899=DIRECTION('',(1.,0.,0.));
#3900=DIRECTION('',(0.,0.,-1.));
#3901=DIRECTION('',(0.,1.,0.));
#3902=DIRECTION('',(0.,0.,1.));
#3903=DIRECTION('',(1.,0.,0.));
#3904=DIRECTION('',(0.,0.,-1.));
#3905=DIRECTION('',(1.,0.,0.));
#3906=DIRECTION('',(0.,0.,-1.));
#3907=DIRECTION('',(-1.,0.,0.));
#3908=DIRECTION('',(0.,0.,1.));
#3909=DIRECTION('',(1.,0.,0.));
#3910=DIRECTION('',(0.,0.,-1.));
#3911=DIRECTION('',(0.,0.,1.));
#3912=DIRECTION('',(1.,0.,0.));
#3913=DIRECTION('',(1.,0.,0.));
#3914=DIRECTION('',(0.,0.,-1.));
#3915=DIRECTION('',(0.,-1.,0.));
#3916=DIRECTION('',(0.,0.,-1.));
#3917=DIRECTION('',(0.,-1.,0.));
#3918=DIRECTION('',(0.,0.,-1.));
#3919=DIRECTION('',(-1.,0.,0.));
#3920=DIRECTION('',(0.,0.,1.));
#3921=DIRECTION('',(1.,0.,0.));
#3922=DIRECTION('',(0.,0.,-1.));
#3923=DIRECTION('',(0.,0.,1.));
#3924=DIRECTION('',(1.,0.,0.));
#3925=DIRECTION('',(0.,1.,0.));
#3926=DIRECTION('',(0.,0.,1.));
#3927=DIRECTION('',(1.,0.,0.));
#3928=DIRECTION('',(0.,0.,-1.));
#3929=DIRECTION('',(1.,0.,0.));
#3930=DIRECTION('',(0.,0.,-1.));
#3931=DIRECTION('',(-1.,0.,0.));
#3932=DIRECTION('',(0.,0.,1.));
#3933=DIRECTION('',(1.,0.,0.));
#3934=DIRECTION('',(0.,0.,-1.));
#3935=DIRECTION('',(0.,0.,1.));
#3936=DIRECTION('',(1.,0.,0.));
#3937=DIRECTION('',(0.,0.,-1.));
#3938=DIRECTION('',(-1.,0.,0.));
#3939=DIRECTION('',(0.,0.,1.));
#3940=DIRECTION('',(1.,0.,0.));
#3941=DIRECTION('',(0.,0.,-1.));
#3942=DIRECTION('',(0.,0.,1.));
#3943=DIRECTION('',(1.,0.,0.));
#3944=DIRECTION('',(0.,0.,-1.));
#3945=DIRECTION('',(0.,1.,0.));
#3946=DIRECTION('',(0.,0.,1.));
#3947=DIRECTION('',(1.,0.,0.));
#3948=DIRECTION('',(0.,0.,-1.));
#3949=DIRECTION('',(1.,0.,0.));
#3950=DIRECTION('',(0.,0.,-1.));
#3951=DIRECTION('',(-1.,0.,0.));
#3952=DIRECTION('',(0.,0.,1.));
#3953=DIRECTION('',(1.,0.,0.));
#3954=DIRECTION('',(0.,0.,-1.));
#3955=DIRECTION('',(0.,0.,1.));
#3956=DIRECTION('',(1.,0.,0.));
#3957=DIRECTION('',(1.,0.,0.));
#3958=DIRECTION('',(0.,0.,-1.));
#3959=DIRECTION('',(0.,-1.,0.));
#3960=DIRECTION('',(0.,0.,-1.));
#3961=DIRECTION('',(0.,-1.,0.));
#3962=DIRECTION('',(0.,0.,-1.));
#3963=DIRECTION('',(-1.,0.,0.));
#3964=DIRECTION('',(0.,0.,1.));
#3965=DIRECTION('',(1.,0.,0.));
#3966=DIRECTION('',(0.,0.,-1.));
#3967=DIRECTION('',(0.,0.,1.));
#3968=DIRECTION('',(1.,0.,0.));
#3969=DIRECTION('',(0.,1.,0.));
#3970=DIRECTION('',(0.,0.,1.));
#3971=DIRECTION('',(1.,0.,0.));
#3972=DIRECTION('',(0.,0.,-1.));
#3973=DIRECTION('',(1.,0.,0.));
#3974=DIRECTION('',(0.,0.,-1.));
#3975=DIRECTION('',(-1.,0.,0.));
#3976=DIRECTION('',(0.,0.,1.));
#3977=DIRECTION('',(1.,0.,0.));
#3978=DIRECTION('',(0.,0.,-1.));
#3979=DIRECTION('',(0.,0.,1.));
#3980=DIRECTION('',(1.,0.,0.));
#3981=DIRECTION('',(1.,0.,0.));
#3982=DIRECTION('',(0.,0.,-1.));
#3983=DIRECTION('',(0.,-1.,0.));
#3984=DIRECTION('',(0.,-1.,0.));
#3985=DIRECTION('',(1.,0.,0.));
#3986=DIRECTION('',(0.,0.,-1.));
#3987=DIRECTION('',(0.,-1.,0.));
#3988=DIRECTION('',(0.,-1.,0.));
#3989=DIRECTION('',(1.,0.,0.));
#3990=DIRECTION('',(0.,0.,-1.));
#3991=DIRECTION('',(0.,-1.,0.));
#3992=DIRECTION('',(0.,-1.,0.));
#3993=DIRECTION('',(1.,0.,0.));
#3994=DIRECTION('',(0.,0.,-1.));
#3995=DIRECTION('',(0.,-1.,0.));
#3996=DIRECTION('',(0.,-1.,0.));
#3997=DIRECTION('',(1.,0.,0.));
#3998=DIRECTION('',(0.,0.,-1.));
#3999=DIRECTION('',(0.,-1.,0.));
#4000=DIRECTION('',(0.,-1.,0.));
#4001=DIRECTION('',(1.,0.,0.));
#4002=DIRECTION('',(0.,0.,-1.));
#4003=DIRECTION('',(0.,-1.,0.));
#4004=DIRECTION('',(0.,-1.,0.));
#4005=DIRECTION('',(1.,0.,0.));
#4006=DIRECTION('',(0.,0.,-1.));
#4007=DIRECTION('',(0.,-1.,0.));
#4008=DIRECTION('',(0.,-1.,0.));
#4009=DIRECTION('',(1.,0.,0.));
#4010=DIRECTION('',(0.,0.,-1.));
#4011=DIRECTION('',(0.,-1.,0.));
#4012=DIRECTION('',(0.,-1.,0.));
#4013=DIRECTION('',(1.,0.,0.));
#4014=DIRECTION('',(0.,0.,-1.));
#4015=DIRECTION('',(0.,-1.,0.));
#4016=DIRECTION('',(0.,-1.,0.));
#4017=DIRECTION('',(1.,0.,0.));
#4018=DIRECTION('',(0.,0.,-1.));
#4019=DIRECTION('',(0.,-1.,0.));
#4020=DIRECTION('',(0.,-1.,0.));
#4021=DIRECTION('',(1.,0.,0.));
#4022=DIRECTION('',(0.,0.,-1.));
#4023=DIRECTION('',(0.,-1.,0.));
#4024=DIRECTION('',(0.,-1.,0.));
#4025=DIRECTION('',(1.,0.,0.));
#4026=DIRECTION('',(0.,0.,-1.));
#4027=DIRECTION('',(0.,-1.,0.));
#4028=DIRECTION('',(0.,-1.,0.));
#4029=DIRECTION('',(1.,0.,0.));
#4030=DIRECTION('',(0.,0.,-1.));
#4031=DIRECTION('',(0.,-1.,0.));
#4032=DIRECTION('',(0.,-1.,0.));
#4033=DIRECTION('',(1.,0.,0.));
#4034=DIRECTION('',(0.,0.,-1.));
#4035=DIRECTION('',(0.,-1.,0.));
#4036=DIRECTION('',(0.,-1.,0.));
#4037=DIRECTION('',(1.,0.,0.));
#4038=DIRECTION('',(0.,0.,-1.));
#4039=DIRECTION('',(0.,-1.,0.));
#4040=DIRECTION('',(0.,-1.,0.));
#4041=DIRECTION('',(1.,0.,0.));
#4042=DIRECTION('',(0.,0.,-1.));
#4043=DIRECTION('',(0.,-1.,0.));
#4044=DIRECTION('',(0.,-1.,0.));
#4045=DIRECTION('',(0.,0.,1.));
#4046=DIRECTION('',(1.,0.,0.));
#4047=DIRECTION('',(1.,0.,0.));
#4048=DIRECTION('',(0.000126254655137494,0.999999992029881,0.));
#4049=DIRECTION('',(-1.,-7.97103889075094E-13,0.));
#4050=DIRECTION('',(-0.000126246685018394,-0.999999992030887,0.));
#4051=DIRECTION('',(0.999999995,9.99999995000848E-5,0.));
#4052=DIRECTION('',(0.000126254655137494,0.999999992029881,0.));
#4053=DIRECTION('',(1.,0.,0.));
#4054=DIRECTION('',(-1.28975723120952E-16,-1.,0.));
#4055=DIRECTION('',(-2.68949376120435E-16,1.,0.));
#4056=DIRECTION('',(1.,1.15136513892266E-16,0.));
#4057=DIRECTION('',(0.,-1.,0.));
#4058=DIRECTION('',(-1.,0.,0.));
#4059=DIRECTION('',(0.,0.,-1.));
#4060=DIRECTION('',(-1.,0.,0.));
#4061=DIRECTION('',(0.,0.,-1.));
#4062=DIRECTION('',(-1.,0.,0.));
#4063=DIRECTION('',(0.,0.,-1.));
#4064=DIRECTION('',(-1.,0.,0.));
#4065=DIRECTION('',(0.,0.,-1.));
#4066=DIRECTION('',(-1.,0.,0.));
#4067=DIRECTION('',(0.,0.,1.));
#4068=DIRECTION('',(1.,0.,0.));
#4069=DIRECTION('',(1.,1.15136513892266E-16,0.));
#4070=DIRECTION('',(-2.68949376120435E-16,1.,0.));
#4071=DIRECTION('',(-1.,0.,0.));
#4072=DIRECTION('',(0.,-1.,0.));
#4073=DIRECTION('',(1.,0.,0.));
#4074=DIRECTION('',(-0.000126254655137494,-0.999999992029881,0.));
#4075=DIRECTION('',(-0.999999995,-9.99999995000848E-5,0.));
#4076=DIRECTION('',(0.000126246685018394,0.999999992030887,0.));
#4077=DIRECTION('',(1.,7.97103889075094E-13,0.));
#4078=DIRECTION('',(-0.000126254655137494,-0.999999992029881,0.));
#4079=DIRECTION('',(1.,0.,0.));
#4080=DIRECTION('',(-1.28975723120952E-16,-1.,0.));
#4081=DIRECTION('',(0.,0.,1.));
#4082=DIRECTION('',(1.,0.,0.));
#4083=DIRECTION('',(0.,0.,1.));
#4084=DIRECTION('',(1.,0.,0.));
#4085=DIRECTION('',(0.,0.,1.));
#4086=DIRECTION('',(1.,0.,0.));
#4087=DIRECTION('',(0.,0.,1.));
#4088=DIRECTION('',(1.,0.,0.));
#4089=DIRECTION('',(1.,2.68949376120435E-16,0.));
#4090=DIRECTION('',(-2.68949376120435E-16,1.,0.));
#4091=DIRECTION('',(0.,0.,1.));
#4092=DIRECTION('',(0.,0.,1.));
#4093=DIRECTION('',(0.,1.,0.));
#4094=DIRECTION('',(0.,0.,1.));
#4095=DIRECTION('',(0.,0.,1.));
#4096=DIRECTION('',(-1.,0.,0.));
#4097=DIRECTION('',(0.,0.,1.));
#4098=DIRECTION('',(0.,0.,1.));
#4099=DIRECTION('',(1.15136513892266E-16,-1.,0.));
#4100=DIRECTION('',(1.,1.15136513892266E-16,0.));
#4101=DIRECTION('',(-1.,1.28975723120952E-16,0.));
#4102=DIRECTION('',(-1.28975723120952E-16,-1.,0.));
#4103=DIRECTION('',(0.,0.,1.));
#4104=DIRECTION('',(0.,0.,1.));
#4105=DIRECTION('',(0.,-1.,0.));
#4106=DIRECTION('',(0.,0.,-1.));
#4107=DIRECTION('',(0.,0.,1.));
#4108=DIRECTION('',(0.,-1.,0.));
#4109=DIRECTION('',(0.,0.,-1.));
#4110=DIRECTION('',(0.,0.,1.));
#4111=DIRECTION('',(0.,0.,-1.));
#4112=DIRECTION('',(-1.,0.,0.));
#4113=DIRECTION('',(0.,0.,-1.));
#4114=DIRECTION('',(-1.,0.,0.));
#4115=DIRECTION('',(0.,0.,-1.));
#4116=DIRECTION('',(-1.,0.,0.));
#4117=DIRECTION('',(0.,0.,-1.));
#4118=DIRECTION('',(-1.,0.,0.));
#4119=DIRECTION('',(9.99999995000848E-5,-0.999999995,0.));
#4120=DIRECTION('',(0.999999995,9.99999995000848E-5,0.));
#4121=DIRECTION('',(0.,0.,1.));
#4122=DIRECTION('',(0.,0.,1.));
#4123=DIRECTION('',(-7.97103889075094E-13,1.,0.));
#4124=DIRECTION('',(-1.,-7.97103889075094E-13,0.));
#4125=DIRECTION('',(0.,0.,1.));
#4126=DIRECTION('',(0.,0.,1.));
#4127=DIRECTION('',(-0.999999992030887,0.000126246685018394,0.));
#4128=DIRECTION('',(-0.000126246685018394,-0.999999992030887,0.));
#4129=DIRECTION('',(0.999999992029881,-0.000126254655137494,0.));
#4130=DIRECTION('',(0.000126254655137494,0.999999992029881,0.));
#4131=DIRECTION('',(0.999999992029881,-0.000126254655137494,0.));
#4132=DIRECTION('',(0.000126254655137494,0.999999992029881,0.));
#4133=CARTESIAN_POINT('',(0.,0.,0.));
#4134=CARTESIAN_POINT('',(0.03398,0.06143,0.003));
#4135=CARTESIAN_POINT('',(0.03398,0.06143,0.));
#4136=CARTESIAN_POINT('',(0.03398,0.06193,0.));
#4137=CARTESIAN_POINT('',(0.03348,0.06143,0.));
#4138=CARTESIAN_POINT('',(0.03398,0.06193,0.003));
#4139=CARTESIAN_POINT('',(0.03398,0.06193,0.003));
#4140=CARTESIAN_POINT('',(0.03398,0.06143,0.003));
#4141=CARTESIAN_POINT('',(0.03348,0.06143,0.003));
#4142=CARTESIAN_POINT('',(0.03348,0.06143,0.003));
#4143=CARTESIAN_POINT('',(0.04048,0.06193,0.003));
#4144=CARTESIAN_POINT('',(0.04048,0.06193,0.));
#4145=CARTESIAN_POINT('',(0.04698,0.06193,0.));
#4146=CARTESIAN_POINT('',(0.04698,0.06193,0.003));
#4147=CARTESIAN_POINT('',(0.04698,0.06193,0.003));
#4148=CARTESIAN_POINT('',(0.04048,0.06193,0.003));
#4149=CARTESIAN_POINT('',(0.04698,0.06143,0.003));
#4150=CARTESIAN_POINT('',(0.04698,0.06143,0.));
#4151=CARTESIAN_POINT('',(0.04748,0.06143,0.));
#4152=CARTESIAN_POINT('',(0.04748,0.06143,0.003));
#4153=CARTESIAN_POINT('',(0.04748,0.06143,0.003));
#4154=CARTESIAN_POINT('',(0.04698,0.06143,0.003));
#4155=CARTESIAN_POINT('',(0.04748,0.05493,0.003));
#4156=CARTESIAN_POINT('',(0.04748,0.05493,0.));
#4157=CARTESIAN_POINT('',(0.04748,0.04843,0.));
#4158=CARTESIAN_POINT('',(0.04748,0.04843,0.003));
#4159=CARTESIAN_POINT('',(0.04748,0.04843,0.003));
#4160=CARTESIAN_POINT('',(0.04748,0.05493,0.003));
#4161=CARTESIAN_POINT('',(0.04698,0.04843,0.003));
#4162=CARTESIAN_POINT('',(0.04698,0.04843,0.));
#4163=CARTESIAN_POINT('',(0.04698,0.04793,0.));
#4164=CARTESIAN_POINT('',(0.04698,0.04793,0.003));
#4165=CARTESIAN_POINT('',(0.04698,0.04793,0.003));
#4166=CARTESIAN_POINT('',(0.04698,0.04843,0.003));
#4167=CARTESIAN_POINT('',(0.04048,0.04793,0.003));
#4168=CARTESIAN_POINT('',(0.04048,0.04793,0.));
#4169=CARTESIAN_POINT('',(0.03398,0.04793,0.));
#4170=CARTESIAN_POINT('',(0.03398,0.04793,0.003));
#4171=CARTESIAN_POINT('',(0.03398,0.04793,0.003));
#4172=CARTESIAN_POINT('',(0.04048,0.04793,0.003));
#4173=CARTESIAN_POINT('',(0.03398,0.04843,0.003));
#4174=CARTESIAN_POINT('',(0.03398,0.04843,0.));
#4175=CARTESIAN_POINT('',(0.03348,0.04843,0.));
#4176=CARTESIAN_POINT('',(0.03348,0.04843,0.003));
#4177=CARTESIAN_POINT('',(0.03348,0.04843,0.003));
#4178=CARTESIAN_POINT('',(0.03398,0.04843,0.003));
#4179=CARTESIAN_POINT('',(0.01493,0.06143,0.003));
#4180=CARTESIAN_POINT('',(0.01493,0.06143,0.));
#4181=CARTESIAN_POINT('',(0.01493,0.06193,0.));
#4182=CARTESIAN_POINT('',(0.01443,0.06143,0.));
#4183=CARTESIAN_POINT('',(0.01493,0.06193,0.003));
#4184=CARTESIAN_POINT('',(0.01493,0.06193,0.003));
#4185=CARTESIAN_POINT('',(0.01493,0.06143,0.003));
#4186=CARTESIAN_POINT('',(0.01443,0.06143,0.003));
#4187=CARTESIAN_POINT('',(0.01443,0.06143,0.003));
#4188=CARTESIAN_POINT('',(0.02143,0.06193,0.003));
#4189=CARTESIAN_POINT('',(0.02143,0.06193,0.));
#4190=CARTESIAN_POINT('',(0.02793,0.06193,0.));
#4191=CARTESIAN_POINT('',(0.02793,0.06193,0.003));
#4192=CARTESIAN_POINT('',(0.02793,0.06193,0.003));
#4193=CARTESIAN_POINT('',(0.02143,0.06193,0.003));
#4194=CARTESIAN_POINT('',(0.02793,0.06143,0.003));
#4195=CARTESIAN_POINT('',(0.02793,0.06143,0.));
#4196=CARTESIAN_POINT('',(0.02843,0.06143,0.));
#4197=CARTESIAN_POINT('',(0.02843,0.06143,0.003));
#4198=CARTESIAN_POINT('',(0.02843,0.06143,0.003));
#4199=CARTESIAN_POINT('',(0.02793,0.06143,0.003));
#4200=CARTESIAN_POINT('',(0.02843,0.05493,0.003));
#4201=CARTESIAN_POINT('',(0.02843,0.05493,0.));
#4202=CARTESIAN_POINT('',(0.02843,0.04843,0.));
#4203=CARTESIAN_POINT('',(0.02843,0.04843,0.003));
#4204=CARTESIAN_POINT('',(0.02843,0.04843,0.003));
#4205=CARTESIAN_POINT('',(0.02843,0.05493,0.003));
#4206=CARTESIAN_POINT('',(0.02793,0.04843,0.003));
#4207=CARTESIAN_POINT('',(0.02793,0.04843,0.));
#4208=CARTESIAN_POINT('',(0.02793,0.04793,0.));
#4209=CARTESIAN_POINT('',(0.02793,0.04793,0.003));
#4210=CARTESIAN_POINT('',(0.02793,0.04793,0.003));
#4211=CARTESIAN_POINT('',(0.02793,0.04843,0.003));
#4212=CARTESIAN_POINT('',(0.02143,0.04793,0.003));
#4213=CARTESIAN_POINT('',(0.02143,0.04793,0.));
#4214=CARTESIAN_POINT('',(0.01493,0.04793,0.));
#4215=CARTESIAN_POINT('',(0.01493,0.04793,0.003));
#4216=CARTESIAN_POINT('',(0.01493,0.04793,0.003));
#4217=CARTESIAN_POINT('',(0.02143,0.04793,0.003));
#4218=CARTESIAN_POINT('',(0.01493,0.04843,0.003));
#4219=CARTESIAN_POINT('',(0.01493,0.04843,0.));
#4220=CARTESIAN_POINT('',(0.01443,0.04843,0.));
#4221=CARTESIAN_POINT('',(0.01443,0.04843,0.003));
#4222=CARTESIAN_POINT('',(0.01443,0.04843,0.003));
#4223=CARTESIAN_POINT('',(0.01493,0.04843,0.003));
#4224=CARTESIAN_POINT('',(-0.00412,0.06143,0.003));
#4225=CARTESIAN_POINT('',(-0.00412,0.06143,0.));
#4226=CARTESIAN_POINT('',(-0.00412,0.06193,0.));
#4227=CARTESIAN_POINT('',(-0.00462,0.06143,0.));
#4228=CARTESIAN_POINT('',(-0.00412,0.06193,0.003));
#4229=CARTESIAN_POINT('',(-0.00412,0.06193,0.003));
#4230=CARTESIAN_POINT('',(-0.00412,0.06143,0.003));
#4231=CARTESIAN_POINT('',(-0.00462,0.06143,0.003));
#4232=CARTESIAN_POINT('',(-0.00462,0.06143,0.003));
#4233=CARTESIAN_POINT('',(0.00238,0.06193,0.003));
#4234=CARTESIAN_POINT('',(0.00238,0.06193,0.));
#4235=CARTESIAN_POINT('',(0.00888,0.06193,0.));
#4236=CARTESIAN_POINT('',(0.00888,0.06193,0.003));
#4237=CARTESIAN_POINT('',(0.00888,0.06193,0.003));
#4238=CARTESIAN_POINT('',(0.00238,0.06193,0.003));
#4239=CARTESIAN_POINT('',(0.00888,0.06143,0.003));
#4240=CARTESIAN_POINT('',(0.00888,0.06143,0.));
#4241=CARTESIAN_POINT('',(0.00938,0.06143,0.));
#4242=CARTESIAN_POINT('',(0.00938,0.06143,0.003));
#4243=CARTESIAN_POINT('',(0.00938,0.06143,0.003));
#4244=CARTESIAN_POINT('',(0.00888,0.06143,0.003));
#4245=CARTESIAN_POINT('',(0.00938,0.05493,0.003));
#4246=CARTESIAN_POINT('',(0.00938,0.05493,0.));
#4247=CARTESIAN_POINT('',(0.00938,0.04843,0.));
#4248=CARTESIAN_POINT('',(0.00938,0.04843,0.003));
#4249=CARTESIAN_POINT('',(0.00938,0.04843,0.003));
#4250=CARTESIAN_POINT('',(0.00938,0.05493,0.003));
#4251=CARTESIAN_POINT('',(0.00888,0.04843,0.003));
#4252=CARTESIAN_POINT('',(0.00888,0.04843,0.));
#4253=CARTESIAN_POINT('',(0.00888,0.04793,0.));
#4254=CARTESIAN_POINT('',(0.00888,0.04793,0.003));
#4255=CARTESIAN_POINT('',(0.00888,0.04793,0.003));
#4256=CARTESIAN_POINT('',(0.00888,0.04843,0.003));
#4257=CARTESIAN_POINT('',(0.00238,0.04793,0.003));
#4258=CARTESIAN_POINT('',(0.00238,0.04793,0.));
#4259=CARTESIAN_POINT('',(-0.00412,0.04793,0.));
#4260=CARTESIAN_POINT('',(-0.00412,0.04793,0.003));
#4261=CARTESIAN_POINT('',(-0.00412,0.04793,0.003));
#4262=CARTESIAN_POINT('',(0.00238,0.04793,0.003));
#4263=CARTESIAN_POINT('',(-0.00412,0.04843,0.003));
#4264=CARTESIAN_POINT('',(-0.00412,0.04843,0.));
#4265=CARTESIAN_POINT('',(-0.00462,0.04843,0.));
#4266=CARTESIAN_POINT('',(-0.00462,0.04843,0.003));
#4267=CARTESIAN_POINT('',(-0.00462,0.04843,0.003));
#4268=CARTESIAN_POINT('',(-0.00412,0.04843,0.003));
#4269=CARTESIAN_POINT('',(-0.02317,0.06143,0.003));
#4270=CARTESIAN_POINT('',(-0.02317,0.06143,0.));
#4271=CARTESIAN_POINT('',(-0.02317,0.06193,0.));
#4272=CARTESIAN_POINT('',(-0.02367,0.06143,0.));
#4273=CARTESIAN_POINT('',(-0.02317,0.06193,0.003));
#4274=CARTESIAN_POINT('',(-0.02317,0.06193,0.003));
#4275=CARTESIAN_POINT('',(-0.02317,0.06143,0.003));
#4276=CARTESIAN_POINT('',(-0.02367,0.06143,0.003));
#4277=CARTESIAN_POINT('',(-0.02367,0.06143,0.003));
#4278=CARTESIAN_POINT('',(-0.01667,0.06193,0.003));
#4279=CARTESIAN_POINT('',(-0.01667,0.06193,0.));
#4280=CARTESIAN_POINT('',(-0.01017,0.06193,0.));
#4281=CARTESIAN_POINT('',(-0.01017,0.06193,0.003));
#4282=CARTESIAN_POINT('',(-0.01017,0.06193,0.003));
#4283=CARTESIAN_POINT('',(-0.01667,0.06193,0.003));
#4284=CARTESIAN_POINT('',(-0.01017,0.06143,0.003));
#4285=CARTESIAN_POINT('',(-0.01017,0.06143,0.));
#4286=CARTESIAN_POINT('',(-0.00967,0.06143,0.));
#4287=CARTESIAN_POINT('',(-0.00967,0.06143,0.003));
#4288=CARTESIAN_POINT('',(-0.00967,0.06143,0.003));
#4289=CARTESIAN_POINT('',(-0.01017,0.06143,0.003));
#4290=CARTESIAN_POINT('',(-0.00967,0.05493,0.003));
#4291=CARTESIAN_POINT('',(-0.00967,0.05493,0.));
#4292=CARTESIAN_POINT('',(-0.00967,0.04843,0.));
#4293=CARTESIAN_POINT('',(-0.00967,0.04843,0.003));
#4294=CARTESIAN_POINT('',(-0.00967,0.04843,0.003));
#4295=CARTESIAN_POINT('',(-0.00967,0.05493,0.003));
#4296=CARTESIAN_POINT('',(-0.01017,0.04843,0.003));
#4297=CARTESIAN_POINT('',(-0.01017,0.04843,0.));
#4298=CARTESIAN_POINT('',(-0.01017,0.04793,0.));
#4299=CARTESIAN_POINT('',(-0.01017,0.04793,0.003));
#4300=CARTESIAN_POINT('',(-0.01017,0.04793,0.003));
#4301=CARTESIAN_POINT('',(-0.01017,0.04843,0.003));
#4302=CARTESIAN_POINT('',(-0.01667,0.04793,0.003));
#4303=CARTESIAN_POINT('',(-0.01667,0.04793,0.));
#4304=CARTESIAN_POINT('',(-0.02317,0.04793,0.));
#4305=CARTESIAN_POINT('',(-0.02317,0.04793,0.003));
#4306=CARTESIAN_POINT('',(-0.02317,0.04793,0.003));
#4307=CARTESIAN_POINT('',(-0.01667,0.04793,0.003));
#4308=CARTESIAN_POINT('',(-0.02317,0.04843,0.003));
#4309=CARTESIAN_POINT('',(-0.02317,0.04843,0.));
#4310=CARTESIAN_POINT('',(-0.02367,0.04843,0.));
#4311=CARTESIAN_POINT('',(-0.02367,0.04843,0.003));
#4312=CARTESIAN_POINT('',(-0.02367,0.04843,0.003));
#4313=CARTESIAN_POINT('',(-0.02317,0.04843,0.003));
#4314=CARTESIAN_POINT('',(0.03398,0.08048,0.003));
#4315=CARTESIAN_POINT('',(0.03398,0.08048,0.));
#4316=CARTESIAN_POINT('',(0.03398,0.08098,0.));
#4317=CARTESIAN_POINT('',(0.03348,0.08048,0.));
#4318=CARTESIAN_POINT('',(0.03398,0.08098,0.003));
#4319=CARTESIAN_POINT('',(0.03398,0.08098,0.003));
#4320=CARTESIAN_POINT('',(0.03398,0.08048,0.003));
#4321=CARTESIAN_POINT('',(0.03348,0.08048,0.003));
#4322=CARTESIAN_POINT('',(0.03348,0.08048,0.003));
#4323=CARTESIAN_POINT('',(0.04048,0.08098,0.003));
#4324=CARTESIAN_POINT('',(0.04048,0.08098,0.));
#4325=CARTESIAN_POINT('',(0.04698,0.08098,0.));
#4326=CARTESIAN_POINT('',(0.04698,0.08098,0.003));
#4327=CARTESIAN_POINT('',(0.04698,0.08098,0.003));
#4328=CARTESIAN_POINT('',(0.04048,0.08098,0.003));
#4329=CARTESIAN_POINT('',(0.04698,0.08048,0.003));
#4330=CARTESIAN_POINT('',(0.04698,0.08048,0.));
#4331=CARTESIAN_POINT('',(0.04748,0.08048,0.));
#4332=CARTESIAN_POINT('',(0.04748,0.08048,0.003));
#4333=CARTESIAN_POINT('',(0.04748,0.08048,0.003));
#4334=CARTESIAN_POINT('',(0.04698,0.08048,0.003));
#4335=CARTESIAN_POINT('',(0.04748,0.07398,0.003));
#4336=CARTESIAN_POINT('',(0.04748,0.07398,0.));
#4337=CARTESIAN_POINT('',(0.04748,0.06748,0.));
#4338=CARTESIAN_POINT('',(0.04748,0.06748,0.003));
#4339=CARTESIAN_POINT('',(0.04748,0.06748,0.003));
#4340=CARTESIAN_POINT('',(0.04748,0.07398,0.003));
#4341=CARTESIAN_POINT('',(0.04698,0.06748,0.003));
#4342=CARTESIAN_POINT('',(0.04698,0.06748,0.));
#4343=CARTESIAN_POINT('',(0.04698,0.06698,0.));
#4344=CARTESIAN_POINT('',(0.04698,0.06698,0.003));
#4345=CARTESIAN_POINT('',(0.04698,0.06698,0.003));
#4346=CARTESIAN_POINT('',(0.04698,0.06748,0.003));
#4347=CARTESIAN_POINT('',(0.04048,0.06698,0.003));
#4348=CARTESIAN_POINT('',(0.04048,0.06698,0.));
#4349=CARTESIAN_POINT('',(0.03398,0.06698,0.));
#4350=CARTESIAN_POINT('',(0.03398,0.06698,0.003));
#4351=CARTESIAN_POINT('',(0.03398,0.06698,0.003));
#4352=CARTESIAN_POINT('',(0.04048,0.06698,0.003));
#4353=CARTESIAN_POINT('',(0.03398,0.06748,0.003));
#4354=CARTESIAN_POINT('',(0.03398,0.06748,0.));
#4355=CARTESIAN_POINT('',(0.03348,0.06748,0.));
#4356=CARTESIAN_POINT('',(0.03348,0.06748,0.003));
#4357=CARTESIAN_POINT('',(0.03348,0.06748,0.003));
#4358=CARTESIAN_POINT('',(0.03398,0.06748,0.003));
#4359=CARTESIAN_POINT('',(0.01493,0.08048,0.003));
#4360=CARTESIAN_POINT('',(0.01493,0.08048,0.));
#4361=CARTESIAN_POINT('',(0.01493,0.08098,0.));
#4362=CARTESIAN_POINT('',(0.01443,0.08048,0.));
#4363=CARTESIAN_POINT('',(0.01493,0.08098,0.003));
#4364=CARTESIAN_POINT('',(0.01493,0.08098,0.003));
#4365=CARTESIAN_POINT('',(0.01493,0.08048,0.003));
#4366=CARTESIAN_POINT('',(0.01443,0.08048,0.003));
#4367=CARTESIAN_POINT('',(0.01443,0.08048,0.003));
#4368=CARTESIAN_POINT('',(0.02143,0.08098,0.003));
#4369=CARTESIAN_POINT('',(0.02143,0.08098,0.));
#4370=CARTESIAN_POINT('',(0.02793,0.08098,0.));
#4371=CARTESIAN_POINT('',(0.02793,0.08098,0.003));
#4372=CARTESIAN_POINT('',(0.02793,0.08098,0.003));
#4373=CARTESIAN_POINT('',(0.02143,0.08098,0.003));
#4374=CARTESIAN_POINT('',(0.02793,0.08048,0.003));
#4375=CARTESIAN_POINT('',(0.02793,0.08048,0.));
#4376=CARTESIAN_POINT('',(0.02843,0.08048,0.));
#4377=CARTESIAN_POINT('',(0.02843,0.08048,0.003));
#4378=CARTESIAN_POINT('',(0.02843,0.08048,0.003));
#4379=CARTESIAN_POINT('',(0.02793,0.08048,0.003));
#4380=CARTESIAN_POINT('',(0.02843,0.07398,0.003));
#4381=CARTESIAN_POINT('',(0.02843,0.07398,0.));
#4382=CARTESIAN_POINT('',(0.02843,0.06748,0.));
#4383=CARTESIAN_POINT('',(0.02843,0.06748,0.003));
#4384=CARTESIAN_POINT('',(0.02843,0.06748,0.003));
#4385=CARTESIAN_POINT('',(0.02843,0.07398,0.003));
#4386=CARTESIAN_POINT('',(0.02793,0.06748,0.003));
#4387=CARTESIAN_POINT('',(0.02793,0.06748,0.));
#4388=CARTESIAN_POINT('',(0.02793,0.06698,0.));
#4389=CARTESIAN_POINT('',(0.02793,0.06698,0.003));
#4390=CARTESIAN_POINT('',(0.02793,0.06698,0.003));
#4391=CARTESIAN_POINT('',(0.02793,0.06748,0.003));
#4392=CARTESIAN_POINT('',(0.02143,0.06698,0.003));
#4393=CARTESIAN_POINT('',(0.02143,0.06698,0.));
#4394=CARTESIAN_POINT('',(0.01493,0.06698,0.));
#4395=CARTESIAN_POINT('',(0.01493,0.06698,0.003));
#4396=CARTESIAN_POINT('',(0.01493,0.06698,0.003));
#4397=CARTESIAN_POINT('',(0.02143,0.06698,0.003));
#4398=CARTESIAN_POINT('',(0.01493,0.06748,0.003));
#4399=CARTESIAN_POINT('',(0.01493,0.06748,0.));
#4400=CARTESIAN_POINT('',(0.01443,0.06748,0.));
#4401=CARTESIAN_POINT('',(0.01443,0.06748,0.003));
#4402=CARTESIAN_POINT('',(0.01443,0.06748,0.003));
#4403=CARTESIAN_POINT('',(0.01493,0.06748,0.003));
#4404=CARTESIAN_POINT('',(-0.00412,0.08048,0.003));
#4405=CARTESIAN_POINT('',(-0.00412,0.08048,0.));
#4406=CARTESIAN_POINT('',(-0.00412,0.08098,0.));
#4407=CARTESIAN_POINT('',(-0.00462,0.08048,0.));
#4408=CARTESIAN_POINT('',(-0.00412,0.08098,0.003));
#4409=CARTESIAN_POINT('',(-0.00412,0.08098,0.003));
#4410=CARTESIAN_POINT('',(-0.00412,0.08048,0.003));
#4411=CARTESIAN_POINT('',(-0.00462,0.08048,0.003));
#4412=CARTESIAN_POINT('',(-0.00462,0.08048,0.003));
#4413=CARTESIAN_POINT('',(0.00238,0.08098,0.003));
#4414=CARTESIAN_POINT('',(0.00238,0.08098,0.));
#4415=CARTESIAN_POINT('',(0.00888,0.08098,0.));
#4416=CARTESIAN_POINT('',(0.00888,0.08098,0.003));
#4417=CARTESIAN_POINT('',(0.00888,0.08098,0.003));
#4418=CARTESIAN_POINT('',(0.00238,0.08098,0.003));
#4419=CARTESIAN_POINT('',(0.00888,0.08048,0.003));
#4420=CARTESIAN_POINT('',(0.00888,0.08048,0.));
#4421=CARTESIAN_POINT('',(0.00938,0.08048,0.));
#4422=CARTESIAN_POINT('',(0.00938,0.08048,0.003));
#4423=CARTESIAN_POINT('',(0.00938,0.08048,0.003));
#4424=CARTESIAN_POINT('',(0.00888,0.08048,0.003));
#4425=CARTESIAN_POINT('',(0.00938,0.07398,0.003));
#4426=CARTESIAN_POINT('',(0.00938,0.07398,0.));
#4427=CARTESIAN_POINT('',(0.00938,0.06748,0.));
#4428=CARTESIAN_POINT('',(0.00938,0.06748,0.003));
#4429=CARTESIAN_POINT('',(0.00938,0.06748,0.003));
#4430=CARTESIAN_POINT('',(0.00938,0.07398,0.003));
#4431=CARTESIAN_POINT('',(0.00888,0.06748,0.003));
#4432=CARTESIAN_POINT('',(0.00888,0.06748,0.));
#4433=CARTESIAN_POINT('',(0.00888,0.06698,0.));
#4434=CARTESIAN_POINT('',(0.00888,0.06698,0.003));
#4435=CARTESIAN_POINT('',(0.00888,0.06698,0.003));
#4436=CARTESIAN_POINT('',(0.00888,0.06748,0.003));
#4437=CARTESIAN_POINT('',(0.00238,0.06698,0.003));
#4438=CARTESIAN_POINT('',(0.00238,0.06698,0.));
#4439=CARTESIAN_POINT('',(-0.00412,0.06698,0.));
#4440=CARTESIAN_POINT('',(-0.00412,0.06698,0.003));
#4441=CARTESIAN_POINT('',(-0.00412,0.06698,0.003));
#4442=CARTESIAN_POINT('',(0.00238,0.06698,0.003));
#4443=CARTESIAN_POINT('',(-0.00412,0.06748,0.003));
#4444=CARTESIAN_POINT('',(-0.00412,0.06748,0.));
#4445=CARTESIAN_POINT('',(-0.00462,0.06748,0.));
#4446=CARTESIAN_POINT('',(-0.00462,0.06748,0.003));
#4447=CARTESIAN_POINT('',(-0.00462,0.06748,0.003));
#4448=CARTESIAN_POINT('',(-0.00412,0.06748,0.003));
#4449=CARTESIAN_POINT('',(-0.02317,0.08048,0.003));
#4450=CARTESIAN_POINT('',(-0.02317,0.08048,0.));
#4451=CARTESIAN_POINT('',(-0.02317,0.08098,0.));
#4452=CARTESIAN_POINT('',(-0.02367,0.08048,0.));
#4453=CARTESIAN_POINT('',(-0.02317,0.08098,0.003));
#4454=CARTESIAN_POINT('',(-0.02317,0.08098,0.003));
#4455=CARTESIAN_POINT('',(-0.02317,0.08048,0.003));
#4456=CARTESIAN_POINT('',(-0.02367,0.08048,0.003));
#4457=CARTESIAN_POINT('',(-0.02367,0.08048,0.003));
#4458=CARTESIAN_POINT('',(-0.01667,0.08098,0.003));
#4459=CARTESIAN_POINT('',(-0.01667,0.08098,0.));
#4460=CARTESIAN_POINT('',(-0.01017,0.08098,0.));
#4461=CARTESIAN_POINT('',(-0.01017,0.08098,0.003));
#4462=CARTESIAN_POINT('',(-0.01017,0.08098,0.003));
#4463=CARTESIAN_POINT('',(-0.01667,0.08098,0.003));
#4464=CARTESIAN_POINT('',(-0.01017,0.08048,0.003));
#4465=CARTESIAN_POINT('',(-0.01017,0.08048,0.));
#4466=CARTESIAN_POINT('',(-0.00967,0.08048,0.));
#4467=CARTESIAN_POINT('',(-0.00967,0.08048,0.003));
#4468=CARTESIAN_POINT('',(-0.00967,0.08048,0.003));
#4469=CARTESIAN_POINT('',(-0.01017,0.08048,0.003));
#4470=CARTESIAN_POINT('',(-0.00967,0.07398,0.003));
#4471=CARTESIAN_POINT('',(-0.00967,0.07398,0.));
#4472=CARTESIAN_POINT('',(-0.00967,0.06748,0.));
#4473=CARTESIAN_POINT('',(-0.00967,0.06748,0.003));
#4474=CARTESIAN_POINT('',(-0.00967,0.06748,0.003));
#4475=CARTESIAN_POINT('',(-0.00967,0.07398,0.003));
#4476=CARTESIAN_POINT('',(-0.01017,0.06748,0.003));
#4477=CARTESIAN_POINT('',(-0.01017,0.06748,0.));
#4478=CARTESIAN_POINT('',(-0.01017,0.06698,0.));
#4479=CARTESIAN_POINT('',(-0.01017,0.06698,0.003));
#4480=CARTESIAN_POINT('',(-0.01017,0.06698,0.003));
#4481=CARTESIAN_POINT('',(-0.01017,0.06748,0.003));
#4482=CARTESIAN_POINT('',(-0.01667,0.06698,0.003));
#4483=CARTESIAN_POINT('',(-0.01667,0.06698,0.));
#4484=CARTESIAN_POINT('',(-0.02317,0.06698,0.));
#4485=CARTESIAN_POINT('',(-0.02317,0.06698,0.003));
#4486=CARTESIAN_POINT('',(-0.02317,0.06698,0.003));
#4487=CARTESIAN_POINT('',(-0.01667,0.06698,0.003));
#4488=CARTESIAN_POINT('',(-0.02317,0.06748,0.003));
#4489=CARTESIAN_POINT('',(-0.02317,0.06748,0.));
#4490=CARTESIAN_POINT('',(-0.02367,0.06748,0.));
#4491=CARTESIAN_POINT('',(-0.02367,0.06748,0.003));
#4492=CARTESIAN_POINT('',(-0.02367,0.06748,0.003));
#4493=CARTESIAN_POINT('',(-0.02317,0.06748,0.003));
#4494=CARTESIAN_POINT('',(0.03398,0.09953,0.003));
#4495=CARTESIAN_POINT('',(0.03398,0.09953,0.));
#4496=CARTESIAN_POINT('',(0.03398,0.10003,0.));
#4497=CARTESIAN_POINT('',(0.03348,0.09953,0.));
#4498=CARTESIAN_POINT('',(0.03398,0.10003,0.003));
#4499=CARTESIAN_POINT('',(0.03398,0.10003,0.003));
#4500=CARTESIAN_POINT('',(0.03398,0.09953,0.003));
#4501=CARTESIAN_POINT('',(0.03348,0.09953,0.003));
#4502=CARTESIAN_POINT('',(0.03348,0.09953,0.003));
#4503=CARTESIAN_POINT('',(0.04048,0.10003,0.003));
#4504=CARTESIAN_POINT('',(0.04048,0.10003,0.));
#4505=CARTESIAN_POINT('',(0.04698,0.10003,0.));
#4506=CARTESIAN_POINT('',(0.04698,0.10003,0.003));
#4507=CARTESIAN_POINT('',(0.04698,0.10003,0.003));
#4508=CARTESIAN_POINT('',(0.04048,0.10003,0.003));
#4509=CARTESIAN_POINT('',(0.04698,0.09953,0.003));
#4510=CARTESIAN_POINT('',(0.04698,0.09953,0.));
#4511=CARTESIAN_POINT('',(0.04748,0.09953,0.));
#4512=CARTESIAN_POINT('',(0.04748,0.09953,0.003));
#4513=CARTESIAN_POINT('',(0.04748,0.09953,0.003));
#4514=CARTESIAN_POINT('',(0.04698,0.09953,0.003));
#4515=CARTESIAN_POINT('',(0.04748,0.09303,0.003));
#4516=CARTESIAN_POINT('',(0.04748,0.09303,0.));
#4517=CARTESIAN_POINT('',(0.04748,0.08653,0.));
#4518=CARTESIAN_POINT('',(0.04748,0.08653,0.003));
#4519=CARTESIAN_POINT('',(0.04748,0.08653,0.003));
#4520=CARTESIAN_POINT('',(0.04748,0.09303,0.003));
#4521=CARTESIAN_POINT('',(0.04698,0.08653,0.003));
#4522=CARTESIAN_POINT('',(0.04698,0.08653,0.));
#4523=CARTESIAN_POINT('',(0.04698,0.08603,0.));
#4524=CARTESIAN_POINT('',(0.04698,0.08603,0.003));
#4525=CARTESIAN_POINT('',(0.04698,0.08603,0.003));
#4526=CARTESIAN_POINT('',(0.04698,0.08653,0.003));
#4527=CARTESIAN_POINT('',(0.04048,0.08603,0.003));
#4528=CARTESIAN_POINT('',(0.04048,0.08603,0.));
#4529=CARTESIAN_POINT('',(0.03398,0.08603,0.));
#4530=CARTESIAN_POINT('',(0.03398,0.08603,0.003));
#4531=CARTESIAN_POINT('',(0.03398,0.08603,0.003));
#4532=CARTESIAN_POINT('',(0.04048,0.08603,0.003));
#4533=CARTESIAN_POINT('',(0.03398,0.08653,0.003));
#4534=CARTESIAN_POINT('',(0.03398,0.08653,0.));
#4535=CARTESIAN_POINT('',(0.03348,0.08653,0.));
#4536=CARTESIAN_POINT('',(0.03348,0.08653,0.003));
#4537=CARTESIAN_POINT('',(0.03348,0.08653,0.003));
#4538=CARTESIAN_POINT('',(0.03398,0.08653,0.003));
#4539=CARTESIAN_POINT('',(0.01493,0.09953,0.003));
#4540=CARTESIAN_POINT('',(0.01493,0.09953,0.));
#4541=CARTESIAN_POINT('',(0.01493,0.10003,0.));
#4542=CARTESIAN_POINT('',(0.01443,0.09953,0.));
#4543=CARTESIAN_POINT('',(0.01493,0.10003,0.003));
#4544=CARTESIAN_POINT('',(0.01493,0.10003,0.003));
#4545=CARTESIAN_POINT('',(0.01493,0.09953,0.003));
#4546=CARTESIAN_POINT('',(0.01443,0.09953,0.003));
#4547=CARTESIAN_POINT('',(0.01443,0.09953,0.003));
#4548=CARTESIAN_POINT('',(0.02143,0.10003,0.003));
#4549=CARTESIAN_POINT('',(0.02143,0.10003,0.));
#4550=CARTESIAN_POINT('',(0.02793,0.10003,0.));
#4551=CARTESIAN_POINT('',(0.02793,0.10003,0.003));
#4552=CARTESIAN_POINT('',(0.02793,0.10003,0.003));
#4553=CARTESIAN_POINT('',(0.02143,0.10003,0.003));
#4554=CARTESIAN_POINT('',(0.02793,0.09953,0.003));
#4555=CARTESIAN_POINT('',(0.02793,0.09953,0.));
#4556=CARTESIAN_POINT('',(0.02843,0.09953,0.));
#4557=CARTESIAN_POINT('',(0.02843,0.09953,0.003));
#4558=CARTESIAN_POINT('',(0.02843,0.09953,0.003));
#4559=CARTESIAN_POINT('',(0.02793,0.09953,0.003));
#4560=CARTESIAN_POINT('',(0.02843,0.09303,0.003));
#4561=CARTESIAN_POINT('',(0.02843,0.09303,0.));
#4562=CARTESIAN_POINT('',(0.02843,0.08653,0.));
#4563=CARTESIAN_POINT('',(0.02843,0.08653,0.003));
#4564=CARTESIAN_POINT('',(0.02843,0.08653,0.003));
#4565=CARTESIAN_POINT('',(0.02843,0.09303,0.003));
#4566=CARTESIAN_POINT('',(0.02793,0.08653,0.003));
#4567=CARTESIAN_POINT('',(0.02793,0.08653,0.));
#4568=CARTESIAN_POINT('',(0.02793,0.08603,0.));
#4569=CARTESIAN_POINT('',(0.02793,0.08603,0.003));
#4570=CARTESIAN_POINT('',(0.02793,0.08603,0.003));
#4571=CARTESIAN_POINT('',(0.02793,0.08653,0.003));
#4572=CARTESIAN_POINT('',(0.02143,0.08603,0.003));
#4573=CARTESIAN_POINT('',(0.02143,0.08603,0.));
#4574=CARTESIAN_POINT('',(0.01493,0.08603,0.));
#4575=CARTESIAN_POINT('',(0.01493,0.08603,0.003));
#4576=CARTESIAN_POINT('',(0.01493,0.08603,0.003));
#4577=CARTESIAN_POINT('',(0.02143,0.08603,0.003));
#4578=CARTESIAN_POINT('',(0.01493,0.08653,0.003));
#4579=CARTESIAN_POINT('',(0.01493,0.08653,0.));
#4580=CARTESIAN_POINT('',(0.01443,0.08653,0.));
#4581=CARTESIAN_POINT('',(0.01443,0.08653,0.003));
#4582=CARTESIAN_POINT('',(0.01443,0.08653,0.003));
#4583=CARTESIAN_POINT('',(0.01493,0.08653,0.003));
#4584=CARTESIAN_POINT('',(-0.00412,0.09953,0.003));
#4585=CARTESIAN_POINT('',(-0.00412,0.09953,0.));
#4586=CARTESIAN_POINT('',(-0.00412,0.10003,0.));
#4587=CARTESIAN_POINT('',(-0.00462,0.09953,0.));
#4588=CARTESIAN_POINT('',(-0.00412,0.10003,0.003));
#4589=CARTESIAN_POINT('',(-0.00412,0.10003,0.003));
#4590=CARTESIAN_POINT('',(-0.00412,0.09953,0.003));
#4591=CARTESIAN_POINT('',(-0.00462,0.09953,0.003));
#4592=CARTESIAN_POINT('',(-0.00462,0.09953,0.003));
#4593=CARTESIAN_POINT('',(0.00238,0.10003,0.003));
#4594=CARTESIAN_POINT('',(0.00238,0.10003,0.));
#4595=CARTESIAN_POINT('',(0.00888,0.10003,0.));
#4596=CARTESIAN_POINT('',(0.00888,0.10003,0.003));
#4597=CARTESIAN_POINT('',(0.00888,0.10003,0.003));
#4598=CARTESIAN_POINT('',(0.00238,0.10003,0.003));
#4599=CARTESIAN_POINT('',(0.00888,0.09953,0.003));
#4600=CARTESIAN_POINT('',(0.00888,0.09953,0.));
#4601=CARTESIAN_POINT('',(0.00938,0.09953,0.));
#4602=CARTESIAN_POINT('',(0.00938,0.09953,0.003));
#4603=CARTESIAN_POINT('',(0.00938,0.09953,0.003));
#4604=CARTESIAN_POINT('',(0.00888,0.09953,0.003));
#4605=CARTESIAN_POINT('',(0.00938,0.09303,0.003));
#4606=CARTESIAN_POINT('',(0.00938,0.09303,0.));
#4607=CARTESIAN_POINT('',(0.00938,0.08653,0.));
#4608=CARTESIAN_POINT('',(0.00938,0.08653,0.003));
#4609=CARTESIAN_POINT('',(0.00938,0.08653,0.003));
#4610=CARTESIAN_POINT('',(0.00938,0.09303,0.003));
#4611=CARTESIAN_POINT('',(0.00888,0.08653,0.003));
#4612=CARTESIAN_POINT('',(0.00888,0.08653,0.));
#4613=CARTESIAN_POINT('',(0.00888,0.08603,0.));
#4614=CARTESIAN_POINT('',(0.00888,0.08603,0.003));
#4615=CARTESIAN_POINT('',(0.00888,0.08603,0.003));
#4616=CARTESIAN_POINT('',(0.00888,0.08653,0.003));
#4617=CARTESIAN_POINT('',(0.00238,0.08603,0.003));
#4618=CARTESIAN_POINT('',(0.00238,0.08603,0.));
#4619=CARTESIAN_POINT('',(-0.00412,0.08603,0.));
#4620=CARTESIAN_POINT('',(-0.00412,0.08603,0.003));
#4621=CARTESIAN_POINT('',(-0.00412,0.08603,0.003));
#4622=CARTESIAN_POINT('',(0.00238,0.08603,0.003));
#4623=CARTESIAN_POINT('',(-0.00412,0.08653,0.003));
#4624=CARTESIAN_POINT('',(-0.00412,0.08653,0.));
#4625=CARTESIAN_POINT('',(-0.00462,0.08653,0.));
#4626=CARTESIAN_POINT('',(-0.00462,0.08653,0.003));
#4627=CARTESIAN_POINT('',(-0.00462,0.08653,0.003));
#4628=CARTESIAN_POINT('',(-0.00412,0.08653,0.003));
#4629=CARTESIAN_POINT('',(-0.02317,0.09953,0.003));
#4630=CARTESIAN_POINT('',(-0.02317,0.09953,0.));
#4631=CARTESIAN_POINT('',(-0.02317,0.10003,0.));
#4632=CARTESIAN_POINT('',(-0.02367,0.09953,0.));
#4633=CARTESIAN_POINT('',(-0.02317,0.10003,0.003));
#4634=CARTESIAN_POINT('',(-0.02317,0.10003,0.003));
#4635=CARTESIAN_POINT('',(-0.02317,0.09953,0.003));
#4636=CARTESIAN_POINT('',(-0.02367,0.09953,0.003));
#4637=CARTESIAN_POINT('',(-0.02367,0.09953,0.003));
#4638=CARTESIAN_POINT('',(-0.01667,0.10003,0.003));
#4639=CARTESIAN_POINT('',(-0.01667,0.10003,0.));
#4640=CARTESIAN_POINT('',(-0.01017,0.10003,0.));
#4641=CARTESIAN_POINT('',(-0.01017,0.10003,0.003));
#4642=CARTESIAN_POINT('',(-0.01017,0.10003,0.003));
#4643=CARTESIAN_POINT('',(-0.01667,0.10003,0.003));
#4644=CARTESIAN_POINT('',(-0.01017,0.09953,0.003));
#4645=CARTESIAN_POINT('',(-0.01017,0.09953,0.));
#4646=CARTESIAN_POINT('',(-0.00967,0.09953,0.));
#4647=CARTESIAN_POINT('',(-0.00967,0.09953,0.003));
#4648=CARTESIAN_POINT('',(-0.00967,0.09953,0.003));
#4649=CARTESIAN_POINT('',(-0.01017,0.09953,0.003));
#4650=CARTESIAN_POINT('',(-0.00967,0.09303,0.003));
#4651=CARTESIAN_POINT('',(-0.00967,0.09303,0.));
#4652=CARTESIAN_POINT('',(-0.00967,0.08653,0.));
#4653=CARTESIAN_POINT('',(-0.00967,0.08653,0.003));
#4654=CARTESIAN_POINT('',(-0.00967,0.08653,0.003));
#4655=CARTESIAN_POINT('',(-0.00967,0.09303,0.003));
#4656=CARTESIAN_POINT('',(-0.01017,0.08653,0.003));
#4657=CARTESIAN_POINT('',(-0.01017,0.08653,0.));
#4658=CARTESIAN_POINT('',(-0.01017,0.08603,0.));
#4659=CARTESIAN_POINT('',(-0.01017,0.08603,0.003));
#4660=CARTESIAN_POINT('',(-0.01017,0.08603,0.003));
#4661=CARTESIAN_POINT('',(-0.01017,0.08653,0.003));
#4662=CARTESIAN_POINT('',(-0.01667,0.08603,0.003));
#4663=CARTESIAN_POINT('',(-0.01667,0.08603,0.));
#4664=CARTESIAN_POINT('',(-0.02317,0.08603,0.));
#4665=CARTESIAN_POINT('',(-0.02317,0.08603,0.003));
#4666=CARTESIAN_POINT('',(-0.02317,0.08603,0.003));
#4667=CARTESIAN_POINT('',(-0.01667,0.08603,0.003));
#4668=CARTESIAN_POINT('',(-0.02317,0.08653,0.003));
#4669=CARTESIAN_POINT('',(-0.02317,0.08653,0.));
#4670=CARTESIAN_POINT('',(-0.02367,0.08653,0.));
#4671=CARTESIAN_POINT('',(-0.02367,0.08653,0.003));
#4672=CARTESIAN_POINT('',(-0.02367,0.08653,0.003));
#4673=CARTESIAN_POINT('',(-0.02317,0.08653,0.003));
#4674=CARTESIAN_POINT('',(0.03398,0.11858,0.003));
#4675=CARTESIAN_POINT('',(0.03398,0.11858,0.));
#4676=CARTESIAN_POINT('',(0.03398,0.11908,0.));
#4677=CARTESIAN_POINT('',(0.03348,0.11858,0.));
#4678=CARTESIAN_POINT('',(0.03398,0.11908,0.003));
#4679=CARTESIAN_POINT('',(0.03398,0.11908,0.003));
#4680=CARTESIAN_POINT('',(0.03398,0.11858,0.003));
#4681=CARTESIAN_POINT('',(0.03348,0.11858,0.003));
#4682=CARTESIAN_POINT('',(0.03348,0.11858,0.003));
#4683=CARTESIAN_POINT('',(0.04048,0.11908,0.003));
#4684=CARTESIAN_POINT('',(0.04048,0.11908,0.));
#4685=CARTESIAN_POINT('',(0.04698,0.11908,0.));
#4686=CARTESIAN_POINT('',(0.04698,0.11908,0.003));
#4687=CARTESIAN_POINT('',(0.04698,0.11908,0.003));
#4688=CARTESIAN_POINT('',(0.04048,0.11908,0.003));
#4689=CARTESIAN_POINT('',(0.04698,0.11858,0.003));
#4690=CARTESIAN_POINT('',(0.04698,0.11858,0.));
#4691=CARTESIAN_POINT('',(0.04748,0.11858,0.));
#4692=CARTESIAN_POINT('',(0.04748,0.11858,0.003));
#4693=CARTESIAN_POINT('',(0.04748,0.11858,0.003));
#4694=CARTESIAN_POINT('',(0.04698,0.11858,0.003));
#4695=CARTESIAN_POINT('',(0.04748,0.11208,0.003));
#4696=CARTESIAN_POINT('',(0.04748,0.11208,0.));
#4697=CARTESIAN_POINT('',(0.04748,0.10558,0.));
#4698=CARTESIAN_POINT('',(0.04748,0.10558,0.003));
#4699=CARTESIAN_POINT('',(0.04748,0.10558,0.003));
#4700=CARTESIAN_POINT('',(0.04748,0.11208,0.003));
#4701=CARTESIAN_POINT('',(0.04698,0.10558,0.003));
#4702=CARTESIAN_POINT('',(0.04698,0.10558,0.));
#4703=CARTESIAN_POINT('',(0.04698,0.10508,0.));
#4704=CARTESIAN_POINT('',(0.04698,0.10508,0.003));
#4705=CARTESIAN_POINT('',(0.04698,0.10508,0.003));
#4706=CARTESIAN_POINT('',(0.04698,0.10558,0.003));
#4707=CARTESIAN_POINT('',(0.04048,0.10508,0.003));
#4708=CARTESIAN_POINT('',(0.04048,0.10508,0.));
#4709=CARTESIAN_POINT('',(0.03398,0.10508,0.));
#4710=CARTESIAN_POINT('',(0.03398,0.10508,0.003));
#4711=CARTESIAN_POINT('',(0.03398,0.10508,0.003));
#4712=CARTESIAN_POINT('',(0.04048,0.10508,0.003));
#4713=CARTESIAN_POINT('',(0.03398,0.10558,0.003));
#4714=CARTESIAN_POINT('',(0.03398,0.10558,0.));
#4715=CARTESIAN_POINT('',(0.03348,0.10558,0.));
#4716=CARTESIAN_POINT('',(0.03348,0.10558,0.003));
#4717=CARTESIAN_POINT('',(0.03348,0.10558,0.003));
#4718=CARTESIAN_POINT('',(0.03398,0.10558,0.003));
#4719=CARTESIAN_POINT('',(0.01493,0.11858,0.003));
#4720=CARTESIAN_POINT('',(0.01493,0.11858,0.));
#4721=CARTESIAN_POINT('',(0.01493,0.11908,0.));
#4722=CARTESIAN_POINT('',(0.01443,0.11858,0.));
#4723=CARTESIAN_POINT('',(0.01493,0.11908,0.003));
#4724=CARTESIAN_POINT('',(0.01493,0.11908,0.003));
#4725=CARTESIAN_POINT('',(0.01493,0.11858,0.003));
#4726=CARTESIAN_POINT('',(0.01443,0.11858,0.003));
#4727=CARTESIAN_POINT('',(0.01443,0.11858,0.003));
#4728=CARTESIAN_POINT('',(0.02143,0.11908,0.003));
#4729=CARTESIAN_POINT('',(0.02143,0.11908,0.));
#4730=CARTESIAN_POINT('',(0.02793,0.11908,0.));
#4731=CARTESIAN_POINT('',(0.02793,0.11908,0.003));
#4732=CARTESIAN_POINT('',(0.02793,0.11908,0.003));
#4733=CARTESIAN_POINT('',(0.02143,0.11908,0.003));
#4734=CARTESIAN_POINT('',(0.02793,0.11858,0.003));
#4735=CARTESIAN_POINT('',(0.02793,0.11858,0.));
#4736=CARTESIAN_POINT('',(0.02843,0.11858,0.));
#4737=CARTESIAN_POINT('',(0.02843,0.11858,0.003));
#4738=CARTESIAN_POINT('',(0.02843,0.11858,0.003));
#4739=CARTESIAN_POINT('',(0.02793,0.11858,0.003));
#4740=CARTESIAN_POINT('',(0.02843,0.11208,0.003));
#4741=CARTESIAN_POINT('',(0.02843,0.11208,0.));
#4742=CARTESIAN_POINT('',(0.02843,0.10558,0.));
#4743=CARTESIAN_POINT('',(0.02843,0.10558,0.003));
#4744=CARTESIAN_POINT('',(0.02843,0.10558,0.003));
#4745=CARTESIAN_POINT('',(0.02843,0.11208,0.003));
#4746=CARTESIAN_POINT('',(0.02793,0.10558,0.003));
#4747=CARTESIAN_POINT('',(0.02793,0.10558,0.));
#4748=CARTESIAN_POINT('',(0.02793,0.10508,0.));
#4749=CARTESIAN_POINT('',(0.02793,0.10508,0.003));
#4750=CARTESIAN_POINT('',(0.02793,0.10508,0.003));
#4751=CARTESIAN_POINT('',(0.02793,0.10558,0.003));
#4752=CARTESIAN_POINT('',(0.02143,0.10508,0.003));
#4753=CARTESIAN_POINT('',(0.02143,0.10508,0.));
#4754=CARTESIAN_POINT('',(0.01493,0.10508,0.));
#4755=CARTESIAN_POINT('',(0.01493,0.10508,0.003));
#4756=CARTESIAN_POINT('',(0.01493,0.10508,0.003));
#4757=CARTESIAN_POINT('',(0.02143,0.10508,0.003));
#4758=CARTESIAN_POINT('',(0.01493,0.10558,0.003));
#4759=CARTESIAN_POINT('',(0.01493,0.10558,0.));
#4760=CARTESIAN_POINT('',(0.01443,0.10558,0.));
#4761=CARTESIAN_POINT('',(0.01443,0.10558,0.003));
#4762=CARTESIAN_POINT('',(0.01443,0.10558,0.003));
#4763=CARTESIAN_POINT('',(0.01493,0.10558,0.003));
#4764=CARTESIAN_POINT('',(-0.00412,0.11858,0.003));
#4765=CARTESIAN_POINT('',(-0.00412,0.11858,0.));
#4766=CARTESIAN_POINT('',(-0.00412,0.11908,0.));
#4767=CARTESIAN_POINT('',(-0.00462,0.11858,0.));
#4768=CARTESIAN_POINT('',(-0.00412,0.11908,0.003));
#4769=CARTESIAN_POINT('',(-0.00412,0.11908,0.003));
#4770=CARTESIAN_POINT('',(-0.00412,0.11858,0.003));
#4771=CARTESIAN_POINT('',(-0.00462,0.11858,0.003));
#4772=CARTESIAN_POINT('',(-0.00462,0.11858,0.003));
#4773=CARTESIAN_POINT('',(0.00238,0.11908,0.003));
#4774=CARTESIAN_POINT('',(0.00238,0.11908,0.));
#4775=CARTESIAN_POINT('',(0.00888,0.11908,0.));
#4776=CARTESIAN_POINT('',(0.00888,0.11908,0.003));
#4777=CARTESIAN_POINT('',(0.00888,0.11908,0.003));
#4778=CARTESIAN_POINT('',(0.00238,0.11908,0.003));
#4779=CARTESIAN_POINT('',(0.00888,0.11858,0.003));
#4780=CARTESIAN_POINT('',(0.00888,0.11858,0.));
#4781=CARTESIAN_POINT('',(0.00938,0.11858,0.));
#4782=CARTESIAN_POINT('',(0.00938,0.11858,0.003));
#4783=CARTESIAN_POINT('',(0.00938,0.11858,0.003));
#4784=CARTESIAN_POINT('',(0.00888,0.11858,0.003));
#4785=CARTESIAN_POINT('',(0.00938,0.11208,0.003));
#4786=CARTESIAN_POINT('',(0.00938,0.11208,0.));
#4787=CARTESIAN_POINT('',(0.00938,0.10558,0.));
#4788=CARTESIAN_POINT('',(0.00938,0.10558,0.003));
#4789=CARTESIAN_POINT('',(0.00938,0.10558,0.003));
#4790=CARTESIAN_POINT('',(0.00938,0.11208,0.003));
#4791=CARTESIAN_POINT('',(0.00888,0.10558,0.003));
#4792=CARTESIAN_POINT('',(0.00888,0.10558,0.));
#4793=CARTESIAN_POINT('',(0.00888,0.10508,0.));
#4794=CARTESIAN_POINT('',(0.00888,0.10508,0.003));
#4795=CARTESIAN_POINT('',(0.00888,0.10508,0.003));
#4796=CARTESIAN_POINT('',(0.00888,0.10558,0.003));
#4797=CARTESIAN_POINT('',(0.00238,0.10508,0.003));
#4798=CARTESIAN_POINT('',(0.00238,0.10508,0.));
#4799=CARTESIAN_POINT('',(-0.00412,0.10508,0.));
#4800=CARTESIAN_POINT('',(-0.00412,0.10508,0.003));
#4801=CARTESIAN_POINT('',(-0.00412,0.10508,0.003));
#4802=CARTESIAN_POINT('',(0.00238,0.10508,0.003));
#4803=CARTESIAN_POINT('',(-0.00412,0.10558,0.003));
#4804=CARTESIAN_POINT('',(-0.00412,0.10558,0.));
#4805=CARTESIAN_POINT('',(-0.00462,0.10558,0.));
#4806=CARTESIAN_POINT('',(-0.00462,0.10558,0.003));
#4807=CARTESIAN_POINT('',(-0.00462,0.10558,0.003));
#4808=CARTESIAN_POINT('',(-0.00412,0.10558,0.003));
#4809=CARTESIAN_POINT('',(-0.02317,0.11858,0.003));
#4810=CARTESIAN_POINT('',(-0.02317,0.11858,0.));
#4811=CARTESIAN_POINT('',(-0.02317,0.11908,0.));
#4812=CARTESIAN_POINT('',(-0.02367,0.11858,0.));
#4813=CARTESIAN_POINT('',(-0.02317,0.11908,0.003));
#4814=CARTESIAN_POINT('',(-0.02317,0.11908,0.003));
#4815=CARTESIAN_POINT('',(-0.02317,0.11858,0.003));
#4816=CARTESIAN_POINT('',(-0.02367,0.11858,0.003));
#4817=CARTESIAN_POINT('',(-0.02367,0.11858,0.003));
#4818=CARTESIAN_POINT('',(-0.01667,0.11908,0.003));
#4819=CARTESIAN_POINT('',(-0.01667,0.11908,0.));
#4820=CARTESIAN_POINT('',(-0.01017,0.11908,0.));
#4821=CARTESIAN_POINT('',(-0.01017,0.11908,0.003));
#4822=CARTESIAN_POINT('',(-0.01017,0.11908,0.003));
#4823=CARTESIAN_POINT('',(-0.01667,0.11908,0.003));
#4824=CARTESIAN_POINT('',(-0.01017,0.11858,0.003));
#4825=CARTESIAN_POINT('',(-0.01017,0.11858,0.));
#4826=CARTESIAN_POINT('',(-0.00967,0.11858,0.));
#4827=CARTESIAN_POINT('',(-0.00967,0.11858,0.003));
#4828=CARTESIAN_POINT('',(-0.00967,0.11858,0.003));
#4829=CARTESIAN_POINT('',(-0.01017,0.11858,0.003));
#4830=CARTESIAN_POINT('',(-0.00967,0.11208,0.003));
#4831=CARTESIAN_POINT('',(-0.00967,0.11208,0.));
#4832=CARTESIAN_POINT('',(-0.00967,0.10558,0.));
#4833=CARTESIAN_POINT('',(-0.00967,0.10558,0.003));
#4834=CARTESIAN_POINT('',(-0.00967,0.10558,0.003));
#4835=CARTESIAN_POINT('',(-0.00967,0.11208,0.003));
#4836=CARTESIAN_POINT('',(-0.01017,0.10558,0.003));
#4837=CARTESIAN_POINT('',(-0.01017,0.10558,0.));
#4838=CARTESIAN_POINT('',(-0.01017,0.10508,0.));
#4839=CARTESIAN_POINT('',(-0.01017,0.10508,0.003));
#4840=CARTESIAN_POINT('',(-0.01017,0.10508,0.003));
#4841=CARTESIAN_POINT('',(-0.01017,0.10558,0.003));
#4842=CARTESIAN_POINT('',(-0.01667,0.10508,0.003));
#4843=CARTESIAN_POINT('',(-0.01667,0.10508,0.));
#4844=CARTESIAN_POINT('',(-0.02317,0.10508,0.));
#4845=CARTESIAN_POINT('',(-0.02317,0.10508,0.003));
#4846=CARTESIAN_POINT('',(-0.02317,0.10508,0.003));
#4847=CARTESIAN_POINT('',(-0.01667,0.10508,0.003));
#4848=CARTESIAN_POINT('',(-0.02317,0.10558,0.003));
#4849=CARTESIAN_POINT('',(-0.02317,0.10558,0.));
#4850=CARTESIAN_POINT('',(-0.02367,0.10558,0.));
#4851=CARTESIAN_POINT('',(-0.02367,0.10558,0.003));
#4852=CARTESIAN_POINT('',(-0.02367,0.10558,0.003));
#4853=CARTESIAN_POINT('',(-0.02317,0.10558,0.003));
#4854=CARTESIAN_POINT('',(0.03348,0.05493,0.003));
#4855=CARTESIAN_POINT('',(0.03348,0.05493,0.));
#4856=CARTESIAN_POINT('',(0.03348,0.05493,0.003));
#4857=CARTESIAN_POINT('',(0.01443,0.05493,0.003));
#4858=CARTESIAN_POINT('',(0.01443,0.05493,0.));
#4859=CARTESIAN_POINT('',(0.01443,0.05493,0.003));
#4860=CARTESIAN_POINT('',(-0.00462,0.05493,0.003));
#4861=CARTESIAN_POINT('',(-0.00462,0.05493,0.));
#4862=CARTESIAN_POINT('',(-0.00462,0.05493,0.003));
#4863=CARTESIAN_POINT('',(-0.02367,0.05493,0.003));
#4864=CARTESIAN_POINT('',(-0.02367,0.05493,0.));
#4865=CARTESIAN_POINT('',(-0.02367,0.05493,0.003));
#4866=CARTESIAN_POINT('',(0.03348,0.07398,0.003));
#4867=CARTESIAN_POINT('',(0.03348,0.07398,0.));
#4868=CARTESIAN_POINT('',(0.03348,0.07398,0.003));
#4869=CARTESIAN_POINT('',(0.01443,0.07398,0.003));
#4870=CARTESIAN_POINT('',(0.01443,0.07398,0.));
#4871=CARTESIAN_POINT('',(0.01443,0.07398,0.003));
#4872=CARTESIAN_POINT('',(-0.00462,0.07398,0.003));
#4873=CARTESIAN_POINT('',(-0.00462,0.07398,0.));
#4874=CARTESIAN_POINT('',(-0.00462,0.07398,0.003));
#4875=CARTESIAN_POINT('',(-0.02367,0.07398,0.003));
#4876=CARTESIAN_POINT('',(-0.02367,0.07398,0.));
#4877=CARTESIAN_POINT('',(-0.02367,0.07398,0.003));
#4878=CARTESIAN_POINT('',(0.03348,0.09303,0.003));
#4879=CARTESIAN_POINT('',(0.03348,0.09303,0.));
#4880=CARTESIAN_POINT('',(0.03348,0.09303,0.003));
#4881=CARTESIAN_POINT('',(0.01443,0.09303,0.003));
#4882=CARTESIAN_POINT('',(0.01443,0.09303,0.));
#4883=CARTESIAN_POINT('',(0.01443,0.09303,0.003));
#4884=CARTESIAN_POINT('',(-0.00462,0.09303,0.003));
#4885=CARTESIAN_POINT('',(-0.00462,0.09303,0.));
#4886=CARTESIAN_POINT('',(-0.00462,0.09303,0.003));
#4887=CARTESIAN_POINT('',(-0.02367,0.09303,0.003));
#4888=CARTESIAN_POINT('',(-0.02367,0.09303,0.));
#4889=CARTESIAN_POINT('',(-0.02367,0.09303,0.003));
#4890=CARTESIAN_POINT('',(0.03348,0.11208,0.003));
#4891=CARTESIAN_POINT('',(0.03348,0.11208,0.));
#4892=CARTESIAN_POINT('',(0.03348,0.11208,0.003));
#4893=CARTESIAN_POINT('',(0.01443,0.11208,0.003));
#4894=CARTESIAN_POINT('',(0.01443,0.11208,0.));
#4895=CARTESIAN_POINT('',(0.01443,0.11208,0.003));
#4896=CARTESIAN_POINT('',(-0.00462,0.11208,0.003));
#4897=CARTESIAN_POINT('',(-0.00462,0.11208,0.));
#4898=CARTESIAN_POINT('',(-0.00462,0.11208,0.003));
#4899=CARTESIAN_POINT('',(-0.02367,0.11208,0.003));
#4900=CARTESIAN_POINT('',(-0.02367,0.11208,0.));
#4901=CARTESIAN_POINT('',(-0.02367,0.11208,0.003));
#4902=CARTESIAN_POINT('',(0.011905,0.083505,0.003));
#4903=CARTESIAN_POINT('',(-0.04130108362763,0.046509999999998,0.003));
#4904=CARTESIAN_POINT('',(-0.0559027817527281,0.0465100002143942,0.003));
#4905=CARTESIAN_POINT('',(-0.02670108362763,0.046509999999998,0.003));
#4906=CARTESIAN_POINT('',(-0.0558999997686456,0.0819947050519468,0.003));
#4907=CARTESIAN_POINT('',(-0.0559057443182616,0.0364949999999156,0.003));
#4908=CARTESIAN_POINT('',(-5.74456334566376E-6,0.0364949999999601,0.003));
#4909=CARTESIAN_POINT('',(0.0558942551915702,0.0364950000000047,0.003));
#4910=CARTESIAN_POINT('',(0.0559000000842671,0.0820002950520012,0.003));
#4911=CARTESIAN_POINT('',(0.055905744976964,0.127505590103998,0.003));
#4912=CARTESIAN_POINT('',(5.74487896719267E-6,0.127500000103988,0.003));
#4913=CARTESIAN_POINT('',(-0.0558942552190296,0.127494410103978,0.003));
#4914=CARTESIAN_POINT('',(-0.0558999997686456,0.0819947050519468,0.003));
#4915=CARTESIAN_POINT('',(-0.05590108362763,0.073409999999998,0.003));
#4916=CARTESIAN_POINT('',(-0.04130108362763,0.073409999999998,0.003));
#4917=CARTESIAN_POINT('',(-0.02670108362763,0.073409999999998,0.003));
#4918=CARTESIAN_POINT('',(-0.02670108362763,0.059959999999998,0.003));
#4919=CARTESIAN_POINT('',(-0.032585,0.096625,0.003));
#4920=CARTESIAN_POINT('',(-0.032585,0.083725,0.003));
#4921=CARTESIAN_POINT('',(-0.032585,0.109525,0.003));
#4922=CARTESIAN_POINT('',(-0.038235,0.083725,0.003));
#4923=CARTESIAN_POINT('',(-0.043885,0.083725,0.003));
#4924=CARTESIAN_POINT('',(-0.043885,0.096625,0.003));
#4925=CARTESIAN_POINT('',(-0.043885,0.109525,0.003));
#4926=CARTESIAN_POINT('',(-0.038235,0.109525,0.003));
#4927=CARTESIAN_POINT('',(-0.0531553970960393,0.0392449999999178,0.003));
#4928=CARTESIAN_POINT('',(-0.0548553970960393,0.0392449999999178,0.003));
#4929=CARTESIAN_POINT('',(0.0531446023480417,0.0392450000000025,0.003));
#4930=CARTESIAN_POINT('',(0.0514446023480417,0.0392450000000025,0.003));
#4931=CARTESIAN_POINT('',(0.0531553977419384,0.124755315055524,0.003));
#4932=CARTESIAN_POINT('',(0.0514553977419384,0.124755315055524,0.003));
#4933=CARTESIAN_POINT('',(-0.0531446023627022,0.124744685055514,0.003));
#4934=CARTESIAN_POINT('',(-0.0548446023627022,0.124744685055514,0.003));
#4935=CARTESIAN_POINT('',(0.011905,0.083505,0.));
#4936=CARTESIAN_POINT('',(-0.038235,0.083725,0.));
#4937=CARTESIAN_POINT('',(-0.043885,0.083725,0.));
#4938=CARTESIAN_POINT('',(-0.032585,0.083725,0.));
#4939=CARTESIAN_POINT('',(-0.032585,0.096625,0.));
#4940=CARTESIAN_POINT('',(-0.032585,0.109525,0.));
#4941=CARTESIAN_POINT('',(-0.038235,0.109525,0.));
#4942=CARTESIAN_POINT('',(-0.043885,0.109525,0.));
#4943=CARTESIAN_POINT('',(-0.043885,0.096625,0.));
#4944=CARTESIAN_POINT('',(3.29351212968731E-10,0.073409999999998,0.));
#4945=CARTESIAN_POINT('',(-0.05590108362763,0.073409999999998,0.));
#4946=CARTESIAN_POINT('',(-0.02670108362763,0.073409999999998,0.));
#4947=CARTESIAN_POINT('',(-0.0558999997686456,0.0819947050519468,0.));
#4948=CARTESIAN_POINT('',(-0.0558942552190296,0.127494410103978,0.));
#4949=CARTESIAN_POINT('',(5.74487896719267E-6,0.127500000103988,0.));
#4950=CARTESIAN_POINT('',(0.055905744976964,0.127505590103998,0.));
#4951=CARTESIAN_POINT('',(0.0559000000842671,0.0820002950520012,0.));
#4952=CARTESIAN_POINT('',(0.0558942551915702,0.0364950000000047,0.));
#4953=CARTESIAN_POINT('',(-5.74456334566376E-6,0.0364949999999601,0.));
#4954=CARTESIAN_POINT('',(-0.0559057443182616,0.0364949999999156,0.));
#4955=CARTESIAN_POINT('',(-0.0558999997686456,0.0819947050519468,0.));
#4956=CARTESIAN_POINT('',(-0.0559044798778803,0.046509999999998,0.));
#4957=CARTESIAN_POINT('',(3.29351212968731E-10,0.046509999999998,0.));
#4958=CARTESIAN_POINT('',(-0.02670108362763,0.046509999999998,-3.46944695195361E-18));
#4959=CARTESIAN_POINT('',(-0.02670108362763,0.0820002950519566,0.));
#4960=CARTESIAN_POINT('',(-0.0531446023627022,0.124744685055514,0.));
#4961=CARTESIAN_POINT('',(-0.0514446023627022,0.124744685055514,0.));
#4962=CARTESIAN_POINT('',(0.0531553977419384,0.124755315055524,0.));
#4963=CARTESIAN_POINT('',(0.0548553977419384,0.124755315055524,0.));
#4964=CARTESIAN_POINT('',(0.0531446023480417,0.0392450000000025,0.));
#4965=CARTESIAN_POINT('',(0.0548446023480417,0.0392450000000025,0.));
#4966=CARTESIAN_POINT('',(-0.0531553970960393,0.0392449999999178,0.));
#4967=CARTESIAN_POINT('',(-0.0514553970960393,0.0392449999999178,0.));
#4968=CARTESIAN_POINT('',(-0.032585,0.096625,0.));
#4969=CARTESIAN_POINT('',(-0.032585,0.109525,0.));
#4970=CARTESIAN_POINT('',(-0.032585,0.083725,0.));
#4971=CARTESIAN_POINT('',(-0.038235,0.109525,0.));
#4972=CARTESIAN_POINT('',(-0.043885,0.109525,0.));
#4973=CARTESIAN_POINT('',(-0.043885,0.096625,0.));
#4974=CARTESIAN_POINT('',(-0.043885,0.083725,0.));
#4975=CARTESIAN_POINT('',(-0.038235,0.083725,0.));
#4976=CARTESIAN_POINT('',(-0.02670108362763,0.059959999999998,-0.00474));
#4977=CARTESIAN_POINT('',(-0.02670108362763,0.046509999999998,-0.00474));
#4978=CARTESIAN_POINT('',(-0.02670108362763,0.073409999999998,-0.00474));
#4979=CARTESIAN_POINT('',(-0.04130108362763,0.073409999999998,-0.00474));
#4980=CARTESIAN_POINT('',(-0.05590108362763,0.073409999999998,-0.00474));
#4981=CARTESIAN_POINT('',(-0.04130108362763,0.046509999999998,-0.00474));
#4982=CARTESIAN_POINT('',(-0.0559044798778803,0.046509999999998,-0.00474));
#4983=CARTESIAN_POINT('',(-0.0531446023627022,0.124744685055514,0.003));
#4984=CARTESIAN_POINT('',(0.0531553977419384,0.124755315055524,0.003));
#4985=CARTESIAN_POINT('',(0.0531446023480417,0.0392450000000025,0.003));
#4986=CARTESIAN_POINT('',(-0.0531553970960393,0.0392449999999178,0.003));
#4987=CARTESIAN_POINT('',(5.74487896719267E-6,0.127500000103988,-0.013));
#4988=CARTESIAN_POINT('',(0.055905744976964,0.127505590103998,-0.013));
#4989=CARTESIAN_POINT('',(-0.0558942552190296,0.127494410103978,-0.013));
#4990=CARTESIAN_POINT('',(-5.74456334566376E-6,0.0364949999999601,-0.013));
#4991=CARTESIAN_POINT('',(-0.0559057443182616,0.0364949999999156,-0.013));
#4992=CARTESIAN_POINT('',(0.0558942551915702,0.0364950000000047,-0.013));
#4993=CARTESIAN_POINT('',(0.0559000000842671,0.0820002950520012,-0.013));
#4994=CARTESIAN_POINT('',(-0.0558999997686456,0.0819947050519468,-0.013));
#4995=CARTESIAN_POINT('',(-0.0558999997686456,0.0819947050519468,-0.013));
#4996=MECHANICAL_DESIGN_GEOMETRIC_PRESENTATION_REPRESENTATION('',(#2981),
#4997);
#4997=(
GEOMETRIC_REPRESENTATION_CONTEXT(3)
GLOBAL_UNCERTAINTY_ASSIGNED_CONTEXT((#4998))
GLOBAL_UNIT_ASSIGNED_CONTEXT((#5001,#5000,#4999))
REPRESENTATION_CONTEXT('Top','TOP_LEVEL_ASSEMBLY_PART')
);
#4998=UNCERTAINTY_MEASURE_WITH_UNIT(LENGTH_MEASURE(2.33962502232002E-5),
#5001,'DISTANCE_ACCURACY_VALUE','Maximum Tolerance applied to model');
#4999=(
NAMED_UNIT(*)
SI_UNIT($,.STERADIAN.)
SOLID_ANGLE_UNIT()
);
#5000=(
NAMED_UNIT(*)
PLANE_ANGLE_UNIT()
SI_UNIT($,.RADIAN.)
);
#5001=(
LENGTH_UNIT()
NAMED_UNIT(*)
SI_UNIT($,.METRE.)
);
#5002=PRODUCT_DEFINITION_SHAPE('','',#5003);
#5003=PRODUCT_DEFINITION('','',#5005,#5004);
#5004=PRODUCT_DEFINITION_CONTEXT('',#5011,'design');
#5005=PRODUCT_DEFINITION_FORMATION_WITH_SPECIFIED_SOURCE('','',#5007,
 .NOT_KNOWN.);
#5006=PRODUCT_RELATED_PRODUCT_CATEGORY('','',(#5007));
#5007=PRODUCT('Top','Top','Top',(#5009));
#5008=PRODUCT_CATEGORY('','');
#5009=PRODUCT_CONTEXT('',#5011,'mechanical');
#5010=APPLICATION_PROTOCOL_DEFINITION('international standard',
'ap242_managed_model_based_3d_engineering',2020,#5011);
#5011=APPLICATION_CONTEXT('managed model based 3d engineering');
ENDSEC;
END-ISO-10303-21;
