ISO-10303-21;
HEADER;
/* Generated by software containing ST-Developer
 * from STEP Tools, Inc. (www.steptools.com) 
 */
/* OPTION: using custom renumber hook */

FILE_DESCRIPTION(
/* description */ ('STEP AP242 Edition 2',
'CAx-IF Rec.Pracs.---Representation and Presentation of Product Manufa
cturing Information (PMI)---4.0---2014-10-13',
'CAx-IF Rec.Pracs.---3D Tessellated Geometry---0.4---2014-09-14','2;1',
'CAx-IF Rec.Pracs.---User Defined Attributes---1.5---2016-08-15'),
/* implementation_level */ '2;1');

FILE_NAME(
/* name */ 'Part Studio 1',
/* time_stamp */ '2026-08-07T21:00:25Z',
/* author */ (''),
/* organization */ (''),
/* preprocessor_version */ 'ST-DEVELOPER v20',
/* originating_system */ 'ONSHAPE BY PTC INC, 1.219',
/* authorisation */ '  ');

FILE_SCHEMA (('AP242_MANAGED_MODEL_BASED_3D_ENGINEERING_MIM_LF { 1 0 10303 442 3 1 4 }'));
ENDSEC;

DATA;
#10=SHAPE_REPRESENTATION_RELATIONSHIP('','',#4647,#13);
#11=SHAPE_REPRESENTATION_RELATIONSHIP('','',#4648,#14);
#12=SHAPE_REPRESENTATION_RELATIONSHIP('','',#4649,#15);
#13=ADVANCED_BREP_SHAPE_REPRESENTATION('',(#4641),#7707);
#14=ADVANCED_BREP_SHAPE_REPRESENTATION('',(#4642),#7708);
#15=ADVANCED_BREP_SHAPE_REPRESENTATION('',(#4643),#7709);
#16=SPHERICAL_SURFACE('',#4733,0.0004);
#17=SPHERICAL_SURFACE('',#4734,0.0004);
#18=SPHERICAL_SURFACE('',#5067,0.0004);
#19=SPHERICAL_SURFACE('',#5068,0.0004);
#20=CONICAL_SURFACE('',#4700,0.00235,1.02974425867665);
#21=CONICAL_SURFACE('',#4703,0.00235,1.02974425867665);
#22=CONICAL_SURFACE('',#4706,0.00235,1.02974425867665);
#23=CONICAL_SURFACE('',#4709,0.00235,1.02974425867665);
#24=CYLINDRICAL_SURFACE('',#4666,0.0017);
#25=CYLINDRICAL_SURFACE('',#4669,0.0017);
#26=CYLINDRICAL_SURFACE('',#4672,0.0017);
#27=CYLINDRICAL_SURFACE('',#4675,0.0017);
#28=CYLINDRICAL_SURFACE('',#4684,0.00125);
#29=CYLINDRICAL_SURFACE('',#4687,0.00125);
#30=CYLINDRICAL_SURFACE('',#4690,0.00125);
#31=CYLINDRICAL_SURFACE('',#4693,0.00125);
#32=CYLINDRICAL_SURFACE('',#4702,0.00235);
#33=CYLINDRICAL_SURFACE('',#4705,0.00235);
#34=CYLINDRICAL_SURFACE('',#4708,0.00235);
#35=CYLINDRICAL_SURFACE('',#4711,0.00235);
#36=CYLINDRICAL_SURFACE('',#4712,0.0028);
#37=CYLINDRICAL_SURFACE('',#4715,0.0028);
#38=CYLINDRICAL_SURFACE('',#4718,0.0028);
#39=CYLINDRICAL_SURFACE('',#4721,0.0028);
#40=CYLINDRICAL_SURFACE('',#4753,0.002);
#41=CYLINDRICAL_SURFACE('',#4756,0.002);
#42=CYLINDRICAL_SURFACE('',#4759,0.002);
#43=CYLINDRICAL_SURFACE('',#4762,0.002);
#44=CYLINDRICAL_SURFACE('',#4766,0.0005);
#45=CYLINDRICAL_SURFACE('',#4770,0.0005);
#46=CYLINDRICAL_SURFACE('',#4774,0.0005);
#47=CYLINDRICAL_SURFACE('',#4778,0.0005);
#48=CYLINDRICAL_SURFACE('',#4781,0.0005);
#49=CYLINDRICAL_SURFACE('',#4785,0.0005);
#50=CYLINDRICAL_SURFACE('',#4789,0.0005);
#51=CYLINDRICAL_SURFACE('',#4793,0.0005);
#52=CYLINDRICAL_SURFACE('',#4796,0.0005);
#53=CYLINDRICAL_SURFACE('',#4800,0.0005);
#54=CYLINDRICAL_SURFACE('',#4804,0.0005);
#55=CYLINDRICAL_SURFACE('',#4808,0.0005);
#56=CYLINDRICAL_SURFACE('',#4811,0.0005);
#57=CYLINDRICAL_SURFACE('',#4815,0.0005);
#58=CYLINDRICAL_SURFACE('',#4819,0.0005);
#59=CYLINDRICAL_SURFACE('',#4823,0.0005);
#60=CYLINDRICAL_SURFACE('',#4826,0.0005);
#61=CYLINDRICAL_SURFACE('',#4830,0.0005);
#62=CYLINDRICAL_SURFACE('',#4834,0.0005);
#63=CYLINDRICAL_SURFACE('',#4838,0.0005);
#64=CYLINDRICAL_SURFACE('',#4841,0.0005);
#65=CYLINDRICAL_SURFACE('',#4845,0.0005);
#66=CYLINDRICAL_SURFACE('',#4849,0.0005);
#67=CYLINDRICAL_SURFACE('',#4853,0.0005);
#68=CYLINDRICAL_SURFACE('',#4856,0.0005);
#69=CYLINDRICAL_SURFACE('',#4860,0.0005);
#70=CYLINDRICAL_SURFACE('',#4864,0.0005);
#71=CYLINDRICAL_SURFACE('',#4868,0.0005);
#72=CYLINDRICAL_SURFACE('',#4871,0.0005);
#73=CYLINDRICAL_SURFACE('',#4875,0.0005);
#74=CYLINDRICAL_SURFACE('',#4879,0.0005);
#75=CYLINDRICAL_SURFACE('',#4883,0.0005);
#76=CYLINDRICAL_SURFACE('',#4886,0.0005);
#77=CYLINDRICAL_SURFACE('',#4890,0.0005);
#78=CYLINDRICAL_SURFACE('',#4894,0.0005);
#79=CYLINDRICAL_SURFACE('',#4898,0.0005);
#80=CYLINDRICAL_SURFACE('',#4901,0.0005);
#81=CYLINDRICAL_SURFACE('',#4905,0.0005);
#82=CYLINDRICAL_SURFACE('',#4909,0.0005);
#83=CYLINDRICAL_SURFACE('',#4913,0.0005);
#84=CYLINDRICAL_SURFACE('',#4916,0.0005);
#85=CYLINDRICAL_SURFACE('',#4920,0.0005);
#86=CYLINDRICAL_SURFACE('',#4924,0.0005);
#87=CYLINDRICAL_SURFACE('',#4928,0.0005);
#88=CYLINDRICAL_SURFACE('',#4931,0.0005);
#89=CYLINDRICAL_SURFACE('',#4935,0.0005);
#90=CYLINDRICAL_SURFACE('',#4939,0.0005);
#91=CYLINDRICAL_SURFACE('',#4943,0.0005);
#92=CYLINDRICAL_SURFACE('',#4946,0.0005);
#93=CYLINDRICAL_SURFACE('',#4950,0.0005);
#94=CYLINDRICAL_SURFACE('',#4954,0.0005);
#95=CYLINDRICAL_SURFACE('',#4958,0.0005);
#96=CYLINDRICAL_SURFACE('',#4961,0.0005);
#97=CYLINDRICAL_SURFACE('',#4965,0.0005);
#98=CYLINDRICAL_SURFACE('',#4969,0.0005);
#99=CYLINDRICAL_SURFACE('',#4973,0.0005);
#100=CYLINDRICAL_SURFACE('',#4976,0.0005);
#101=CYLINDRICAL_SURFACE('',#4980,0.0005);
#102=CYLINDRICAL_SURFACE('',#4984,0.0005);
#103=CYLINDRICAL_SURFACE('',#4988,0.0005);
#104=CYLINDRICAL_SURFACE('',#4991,0.0005);
#105=CYLINDRICAL_SURFACE('',#4995,0.0005);
#106=CYLINDRICAL_SURFACE('',#4999,0.000499999999999994);
#107=CYLINDRICAL_SURFACE('',#5003,0.0005);
#108=CYLINDRICAL_SURFACE('',#5039,0.0017);
#109=CYLINDRICAL_SURFACE('',#5040,0.0017);
#110=CYLINDRICAL_SURFACE('',#5041,0.0017);
#111=CYLINDRICAL_SURFACE('',#5042,0.0017);
#112=CIRCLE('',#4652,0.00125);
#113=CIRCLE('',#4653,0.00125);
#114=CIRCLE('',#4654,0.00125);
#115=CIRCLE('',#4655,0.00125);
#116=CIRCLE('',#4662,0.0028);
#117=CIRCLE('',#4663,0.0028);
#118=CIRCLE('',#4664,0.0028);
#119=CIRCLE('',#4665,0.0028);
#120=CIRCLE('',#4667,0.0017);
#121=CIRCLE('',#4668,0.0017);
#122=CIRCLE('',#4670,0.0017);
#123=CIRCLE('',#4671,0.0017);
#124=CIRCLE('',#4673,0.0017);
#125=CIRCLE('',#4674,0.0017);
#126=CIRCLE('',#4676,0.0017);
#127=CIRCLE('',#4677,0.0017);
#128=CIRCLE('',#4685,0.00125);
#129=CIRCLE('',#4688,0.00125);
#130=CIRCLE('',#4691,0.00125);
#131=CIRCLE('',#4694,0.00125);
#132=CIRCLE('',#4696,0.00235);
#133=CIRCLE('',#4697,0.00235);
#134=CIRCLE('',#4698,0.00235);
#135=CIRCLE('',#4699,0.00235);
#136=CIRCLE('',#4701,0.00235);
#137=CIRCLE('',#4704,0.00235);
#138=CIRCLE('',#4707,0.00235);
#139=CIRCLE('',#4710,0.00235);
#140=CIRCLE('',#4713,0.0028);
#141=CIRCLE('',#4716,0.0028);
#142=CIRCLE('',#4719,0.0028);
#143=CIRCLE('',#4722,0.0028);
#144=CIRCLE('',#4726,0.0004);
#145=CIRCLE('',#4730,0.0004);
#146=CIRCLE('',#4737,0.002);
#147=CIRCLE('',#4738,0.002);
#148=CIRCLE('',#4739,0.002);
#149=CIRCLE('',#4740,0.002);
#150=CIRCLE('',#4754,0.002);
#151=CIRCLE('',#4757,0.002);
#152=CIRCLE('',#4760,0.002);
#153=CIRCLE('',#4763,0.002);
#154=CIRCLE('',#4767,0.0005);
#155=CIRCLE('',#4768,0.0005);
#156=CIRCLE('',#4771,0.0005);
#157=CIRCLE('',#4772,0.0005);
#158=CIRCLE('',#4775,0.0005);
#159=CIRCLE('',#4776,0.0005);
#160=CIRCLE('',#4779,0.0005);
#161=CIRCLE('',#4780,0.0005);
#162=CIRCLE('',#4782,0.0005);
#163=CIRCLE('',#4783,0.0005);
#164=CIRCLE('',#4786,0.0005);
#165=CIRCLE('',#4787,0.0005);
#166=CIRCLE('',#4790,0.0005);
#167=CIRCLE('',#4791,0.0005);
#168=CIRCLE('',#4794,0.0005);
#169=CIRCLE('',#4795,0.0005);
#170=CIRCLE('',#4797,0.0005);
#171=CIRCLE('',#4798,0.0005);
#172=CIRCLE('',#4801,0.0005);
#173=CIRCLE('',#4802,0.0005);
#174=CIRCLE('',#4805,0.0005);
#175=CIRCLE('',#4806,0.0005);
#176=CIRCLE('',#4809,0.0005);
#177=CIRCLE('',#4810,0.0005);
#178=CIRCLE('',#4812,0.0005);
#179=CIRCLE('',#4813,0.0005);
#180=CIRCLE('',#4816,0.0005);
#181=CIRCLE('',#4817,0.0005);
#182=CIRCLE('',#4820,0.0005);
#183=CIRCLE('',#4821,0.0005);
#184=CIRCLE('',#4824,0.0005);
#185=CIRCLE('',#4825,0.0005);
#186=CIRCLE('',#4827,0.0005);
#187=CIRCLE('',#4828,0.0005);
#188=CIRCLE('',#4831,0.0005);
#189=CIRCLE('',#4832,0.0005);
#190=CIRCLE('',#4835,0.0005);
#191=CIRCLE('',#4836,0.0005);
#192=CIRCLE('',#4839,0.0005);
#193=CIRCLE('',#4840,0.0005);
#194=CIRCLE('',#4842,0.0005);
#195=CIRCLE('',#4843,0.0005);
#196=CIRCLE('',#4846,0.0005);
#197=CIRCLE('',#4847,0.0005);
#198=CIRCLE('',#4850,0.0005);
#199=CIRCLE('',#4851,0.0005);
#200=CIRCLE('',#4854,0.0005);
#201=CIRCLE('',#4855,0.0005);
#202=CIRCLE('',#4857,0.0005);
#203=CIRCLE('',#4858,0.0005);
#204=CIRCLE('',#4861,0.0005);
#205=CIRCLE('',#4862,0.0005);
#206=CIRCLE('',#4865,0.0005);
#207=CIRCLE('',#4866,0.0005);
#208=CIRCLE('',#4869,0.0005);
#209=CIRCLE('',#4870,0.0005);
#210=CIRCLE('',#4872,0.0005);
#211=CIRCLE('',#4873,0.0005);
#212=CIRCLE('',#4876,0.0005);
#213=CIRCLE('',#4877,0.0005);
#214=CIRCLE('',#4880,0.0005);
#215=CIRCLE('',#4881,0.0005);
#216=CIRCLE('',#4884,0.0005);
#217=CIRCLE('',#4885,0.0005);
#218=CIRCLE('',#4887,0.0005);
#219=CIRCLE('',#4888,0.0005);
#220=CIRCLE('',#4891,0.0005);
#221=CIRCLE('',#4892,0.0005);
#222=CIRCLE('',#4895,0.0005);
#223=CIRCLE('',#4896,0.0005);
#224=CIRCLE('',#4899,0.0005);
#225=CIRCLE('',#4900,0.0005);
#226=CIRCLE('',#4902,0.0005);
#227=CIRCLE('',#4903,0.0005);
#228=CIRCLE('',#4906,0.0005);
#229=CIRCLE('',#4907,0.0005);
#230=CIRCLE('',#4910,0.0005);
#231=CIRCLE('',#4911,0.0005);
#232=CIRCLE('',#4914,0.0005);
#233=CIRCLE('',#4915,0.0005);
#234=CIRCLE('',#4917,0.0005);
#235=CIRCLE('',#4918,0.0005);
#236=CIRCLE('',#4921,0.0005);
#237=CIRCLE('',#4922,0.0005);
#238=CIRCLE('',#4925,0.0005);
#239=CIRCLE('',#4926,0.0005);
#240=CIRCLE('',#4929,0.0005);
#241=CIRCLE('',#4930,0.0005);
#242=CIRCLE('',#4932,0.0005);
#243=CIRCLE('',#4933,0.0005);
#244=CIRCLE('',#4936,0.0005);
#245=CIRCLE('',#4937,0.0005);
#246=CIRCLE('',#4940,0.0005);
#247=CIRCLE('',#4941,0.0005);
#248=CIRCLE('',#4944,0.0005);
#249=CIRCLE('',#4945,0.0005);
#250=CIRCLE('',#4947,0.0005);
#251=CIRCLE('',#4948,0.0005);
#252=CIRCLE('',#4951,0.0005);
#253=CIRCLE('',#4952,0.0005);
#254=CIRCLE('',#4955,0.0005);
#255=CIRCLE('',#4956,0.0005);
#256=CIRCLE('',#4959,0.0005);
#257=CIRCLE('',#4960,0.0005);
#258=CIRCLE('',#4962,0.0005);
#259=CIRCLE('',#4963,0.0005);
#260=CIRCLE('',#4966,0.0005);
#261=CIRCLE('',#4967,0.0005);
#262=CIRCLE('',#4970,0.0005);
#263=CIRCLE('',#4971,0.0005);
#264=CIRCLE('',#4974,0.0005);
#265=CIRCLE('',#4975,0.0005);
#266=CIRCLE('',#4977,0.0005);
#267=CIRCLE('',#4978,0.0005);
#268=CIRCLE('',#4981,0.0005);
#269=CIRCLE('',#4982,0.0005);
#270=CIRCLE('',#4985,0.0005);
#271=CIRCLE('',#4986,0.0005);
#272=CIRCLE('',#4989,0.0005);
#273=CIRCLE('',#4990,0.0005);
#274=CIRCLE('',#4992,0.0005);
#275=CIRCLE('',#4993,0.0005);
#276=CIRCLE('',#4996,0.0005);
#277=CIRCLE('',#4997,0.0005);
#278=CIRCLE('',#5000,0.000499999999999994);
#279=CIRCLE('',#5001,0.000499999999999994);
#280=CIRCLE('',#5004,0.0005);
#281=CIRCLE('',#5005,0.0005);
#282=CIRCLE('',#5023,0.0017);
#283=CIRCLE('',#5024,0.0017);
#284=CIRCLE('',#5025,0.0017);
#285=CIRCLE('',#5026,0.0017);
#286=CIRCLE('',#5028,0.0017);
#287=CIRCLE('',#5029,0.0017);
#288=CIRCLE('',#5030,0.0017);
#289=CIRCLE('',#5031,0.0017);
#290=CIRCLE('',#5056,0.0004);
#291=CIRCLE('',#5060,0.0004);
#292=ORIENTED_EDGE('',*,*,#1588,.F.);
#293=ORIENTED_EDGE('',*,*,#1589,.F.);
#294=ORIENTED_EDGE('',*,*,#1590,.F.);
#295=ORIENTED_EDGE('',*,*,#1591,.F.);
#296=ORIENTED_EDGE('',*,*,#1592,.F.);
#297=ORIENTED_EDGE('',*,*,#1593,.F.);
#298=ORIENTED_EDGE('',*,*,#1594,.F.);
#299=ORIENTED_EDGE('',*,*,#1595,.F.);
#300=ORIENTED_EDGE('',*,*,#1596,.F.);
#301=ORIENTED_EDGE('',*,*,#1597,.T.);
#302=ORIENTED_EDGE('',*,*,#1598,.T.);
#303=ORIENTED_EDGE('',*,*,#1599,.T.);
#304=ORIENTED_EDGE('',*,*,#1600,.T.);
#305=ORIENTED_EDGE('',*,*,#1601,.F.);
#306=ORIENTED_EDGE('',*,*,#1602,.F.);
#307=ORIENTED_EDGE('',*,*,#1603,.T.);
#308=ORIENTED_EDGE('',*,*,#1604,.T.);
#309=ORIENTED_EDGE('',*,*,#1605,.T.);
#310=ORIENTED_EDGE('',*,*,#1606,.F.);
#311=ORIENTED_EDGE('',*,*,#1607,.F.);
#312=ORIENTED_EDGE('',*,*,#1608,.T.);
#313=ORIENTED_EDGE('',*,*,#1609,.T.);
#314=ORIENTED_EDGE('',*,*,#1610,.F.);
#315=ORIENTED_EDGE('',*,*,#1611,.T.);
#316=ORIENTED_EDGE('',*,*,#1612,.F.);
#317=ORIENTED_EDGE('',*,*,#1613,.T.);
#318=ORIENTED_EDGE('',*,*,#1614,.T.);
#319=ORIENTED_EDGE('',*,*,#1615,.T.);
#320=ORIENTED_EDGE('',*,*,#1598,.F.);
#321=ORIENTED_EDGE('',*,*,#1616,.T.);
#322=ORIENTED_EDGE('',*,*,#1617,.F.);
#323=ORIENTED_EDGE('',*,*,#1618,.F.);
#324=ORIENTED_EDGE('',*,*,#1614,.F.);
#325=ORIENTED_EDGE('',*,*,#1619,.T.);
#326=ORIENTED_EDGE('',*,*,#1620,.T.);
#327=ORIENTED_EDGE('',*,*,#1621,.T.);
#328=ORIENTED_EDGE('',*,*,#1620,.F.);
#329=ORIENTED_EDGE('',*,*,#1622,.T.);
#330=ORIENTED_EDGE('',*,*,#1596,.T.);
#331=ORIENTED_EDGE('',*,*,#1623,.T.);
#332=ORIENTED_EDGE('',*,*,#1624,.F.);
#333=ORIENTED_EDGE('',*,*,#1610,.T.);
#334=ORIENTED_EDGE('',*,*,#1625,.F.);
#335=ORIENTED_EDGE('',*,*,#1626,.T.);
#336=ORIENTED_EDGE('',*,*,#1600,.F.);
#337=ORIENTED_EDGE('',*,*,#1627,.T.);
#338=ORIENTED_EDGE('',*,*,#1628,.F.);
#339=ORIENTED_EDGE('',*,*,#1629,.T.);
#340=ORIENTED_EDGE('',*,*,#1630,.F.);
#341=ORIENTED_EDGE('',*,*,#1631,.F.);
#342=ORIENTED_EDGE('',*,*,#1632,.F.);
#343=ORIENTED_EDGE('',*,*,#1633,.T.);
#344=ORIENTED_EDGE('',*,*,#1634,.F.);
#345=ORIENTED_EDGE('',*,*,#1626,.F.);
#346=ORIENTED_EDGE('',*,*,#1635,.F.);
#347=ORIENTED_EDGE('',*,*,#1636,.T.);
#348=ORIENTED_EDGE('',*,*,#1637,.T.);
#349=ORIENTED_EDGE('',*,*,#1638,.F.);
#350=ORIENTED_EDGE('',*,*,#1639,.F.);
#351=ORIENTED_EDGE('',*,*,#1640,.F.);
#352=ORIENTED_EDGE('',*,*,#1641,.F.);
#353=ORIENTED_EDGE('',*,*,#1642,.F.);
#354=ORIENTED_EDGE('',*,*,#1643,.F.);
#355=ORIENTED_EDGE('',*,*,#1644,.F.);
#356=ORIENTED_EDGE('',*,*,#1645,.F.);
#357=ORIENTED_EDGE('',*,*,#1646,.F.);
#358=ORIENTED_EDGE('',*,*,#1647,.F.);
#359=ORIENTED_EDGE('',*,*,#1648,.T.);
#360=ORIENTED_EDGE('',*,*,#1649,.F.);
#361=ORIENTED_EDGE('',*,*,#1650,.F.);
#362=ORIENTED_EDGE('',*,*,#1651,.T.);
#363=ORIENTED_EDGE('',*,*,#1628,.T.);
#364=ORIENTED_EDGE('',*,*,#1652,.T.);
#365=ORIENTED_EDGE('',*,*,#1653,.T.);
#366=ORIENTED_EDGE('',*,*,#1654,.T.);
#367=ORIENTED_EDGE('',*,*,#1655,.T.);
#368=ORIENTED_EDGE('',*,*,#1656,.T.);
#369=ORIENTED_EDGE('',*,*,#1657,.T.);
#370=ORIENTED_EDGE('',*,*,#1658,.T.);
#371=ORIENTED_EDGE('',*,*,#1659,.T.);
#372=ORIENTED_EDGE('',*,*,#1660,.F.);
#373=ORIENTED_EDGE('',*,*,#1661,.F.);
#374=ORIENTED_EDGE('',*,*,#1662,.F.);
#375=ORIENTED_EDGE('',*,*,#1663,.T.);
#376=ORIENTED_EDGE('',*,*,#1664,.F.);
#377=ORIENTED_EDGE('',*,*,#1663,.F.);
#378=ORIENTED_EDGE('',*,*,#1665,.F.);
#379=ORIENTED_EDGE('',*,*,#1631,.T.);
#380=ORIENTED_EDGE('',*,*,#1666,.F.);
#381=ORIENTED_EDGE('',*,*,#1633,.F.);
#382=ORIENTED_EDGE('',*,*,#1667,.F.);
#383=ORIENTED_EDGE('',*,*,#1661,.T.);
#384=ORIENTED_EDGE('',*,*,#1668,.F.);
#385=ORIENTED_EDGE('',*,*,#1606,.T.);
#386=ORIENTED_EDGE('',*,*,#1669,.F.);
#387=ORIENTED_EDGE('',*,*,#1638,.T.);
#388=ORIENTED_EDGE('',*,*,#1670,.F.);
#389=ORIENTED_EDGE('',*,*,#1604,.F.);
#390=ORIENTED_EDGE('',*,*,#1671,.T.);
#391=ORIENTED_EDGE('',*,*,#1672,.T.);
#392=ORIENTED_EDGE('',*,*,#1648,.F.);
#393=ORIENTED_EDGE('',*,*,#1673,.T.);
#394=ORIENTED_EDGE('',*,*,#1674,.T.);
#395=ORIENTED_EDGE('',*,*,#1675,.F.);
#396=ORIENTED_EDGE('',*,*,#1588,.T.);
#397=ORIENTED_EDGE('',*,*,#1676,.T.);
#398=ORIENTED_EDGE('',*,*,#1677,.T.);
#399=ORIENTED_EDGE('',*,*,#1678,.F.);
#400=ORIENTED_EDGE('',*,*,#1589,.T.);
#401=ORIENTED_EDGE('',*,*,#1675,.T.);
#402=ORIENTED_EDGE('',*,*,#1679,.T.);
#403=ORIENTED_EDGE('',*,*,#1680,.F.);
#404=ORIENTED_EDGE('',*,*,#1590,.T.);
#405=ORIENTED_EDGE('',*,*,#1678,.T.);
#406=ORIENTED_EDGE('',*,*,#1681,.T.);
#407=ORIENTED_EDGE('',*,*,#1682,.F.);
#408=ORIENTED_EDGE('',*,*,#1591,.T.);
#409=ORIENTED_EDGE('',*,*,#1680,.T.);
#410=ORIENTED_EDGE('',*,*,#1683,.T.);
#411=ORIENTED_EDGE('',*,*,#1684,.F.);
#412=ORIENTED_EDGE('',*,*,#1592,.T.);
#413=ORIENTED_EDGE('',*,*,#1682,.T.);
#414=ORIENTED_EDGE('',*,*,#1685,.T.);
#415=ORIENTED_EDGE('',*,*,#1686,.F.);
#416=ORIENTED_EDGE('',*,*,#1593,.T.);
#417=ORIENTED_EDGE('',*,*,#1684,.T.);
#418=ORIENTED_EDGE('',*,*,#1687,.T.);
#419=ORIENTED_EDGE('',*,*,#1688,.F.);
#420=ORIENTED_EDGE('',*,*,#1594,.T.);
#421=ORIENTED_EDGE('',*,*,#1686,.T.);
#422=ORIENTED_EDGE('',*,*,#1689,.T.);
#423=ORIENTED_EDGE('',*,*,#1676,.F.);
#424=ORIENTED_EDGE('',*,*,#1595,.T.);
#425=ORIENTED_EDGE('',*,*,#1688,.T.);
#426=ORIENTED_EDGE('',*,*,#1690,.T.);
#427=ORIENTED_EDGE('',*,*,#1691,.T.);
#428=ORIENTED_EDGE('',*,*,#1692,.T.);
#429=ORIENTED_EDGE('',*,*,#1693,.T.);
#430=ORIENTED_EDGE('',*,*,#1662,.T.);
#431=ORIENTED_EDGE('',*,*,#1667,.T.);
#432=ORIENTED_EDGE('',*,*,#1632,.T.);
#433=ORIENTED_EDGE('',*,*,#1665,.T.);
#434=ORIENTED_EDGE('',*,*,#1658,.F.);
#435=ORIENTED_EDGE('',*,*,#1694,.F.);
#436=ORIENTED_EDGE('',*,*,#1694,.T.);
#437=ORIENTED_EDGE('',*,*,#1693,.F.);
#438=ORIENTED_EDGE('',*,*,#1656,.F.);
#439=ORIENTED_EDGE('',*,*,#1695,.F.);
#440=ORIENTED_EDGE('',*,*,#1695,.T.);
#441=ORIENTED_EDGE('',*,*,#1692,.F.);
#442=ORIENTED_EDGE('',*,*,#1654,.F.);
#443=ORIENTED_EDGE('',*,*,#1696,.F.);
#444=ORIENTED_EDGE('',*,*,#1696,.T.);
#445=ORIENTED_EDGE('',*,*,#1691,.F.);
#446=ORIENTED_EDGE('',*,*,#1652,.F.);
#447=ORIENTED_EDGE('',*,*,#1697,.F.);
#448=ORIENTED_EDGE('',*,*,#1697,.T.);
#449=ORIENTED_EDGE('',*,*,#1690,.F.);
#450=ORIENTED_EDGE('',*,*,#1646,.T.);
#451=ORIENTED_EDGE('',*,*,#1698,.F.);
#452=ORIENTED_EDGE('',*,*,#1699,.F.);
#453=ORIENTED_EDGE('',*,*,#1700,.T.);
#454=ORIENTED_EDGE('',*,*,#1645,.T.);
#455=ORIENTED_EDGE('',*,*,#1701,.F.);
#456=ORIENTED_EDGE('',*,*,#1702,.F.);
#457=ORIENTED_EDGE('',*,*,#1698,.T.);
#458=ORIENTED_EDGE('',*,*,#1644,.T.);
#459=ORIENTED_EDGE('',*,*,#1703,.F.);
#460=ORIENTED_EDGE('',*,*,#1704,.F.);
#461=ORIENTED_EDGE('',*,*,#1701,.T.);
#462=ORIENTED_EDGE('',*,*,#1643,.T.);
#463=ORIENTED_EDGE('',*,*,#1705,.F.);
#464=ORIENTED_EDGE('',*,*,#1706,.F.);
#465=ORIENTED_EDGE('',*,*,#1703,.T.);
#466=ORIENTED_EDGE('',*,*,#1642,.T.);
#467=ORIENTED_EDGE('',*,*,#1707,.F.);
#468=ORIENTED_EDGE('',*,*,#1708,.F.);
#469=ORIENTED_EDGE('',*,*,#1705,.T.);
#470=ORIENTED_EDGE('',*,*,#1641,.T.);
#471=ORIENTED_EDGE('',*,*,#1709,.F.);
#472=ORIENTED_EDGE('',*,*,#1710,.F.);
#473=ORIENTED_EDGE('',*,*,#1707,.T.);
#474=ORIENTED_EDGE('',*,*,#1640,.T.);
#475=ORIENTED_EDGE('',*,*,#1711,.F.);
#476=ORIENTED_EDGE('',*,*,#1712,.F.);
#477=ORIENTED_EDGE('',*,*,#1709,.T.);
#478=ORIENTED_EDGE('',*,*,#1677,.F.);
#479=ORIENTED_EDGE('',*,*,#1674,.F.);
#480=ORIENTED_EDGE('',*,*,#1689,.F.);
#481=ORIENTED_EDGE('',*,*,#1687,.F.);
#482=ORIENTED_EDGE('',*,*,#1685,.F.);
#483=ORIENTED_EDGE('',*,*,#1683,.F.);
#484=ORIENTED_EDGE('',*,*,#1681,.F.);
#485=ORIENTED_EDGE('',*,*,#1679,.F.);
#486=ORIENTED_EDGE('',*,*,#1713,.T.);
#487=ORIENTED_EDGE('',*,*,#1699,.T.);
#488=ORIENTED_EDGE('',*,*,#1702,.T.);
#489=ORIENTED_EDGE('',*,*,#1704,.T.);
#490=ORIENTED_EDGE('',*,*,#1706,.T.);
#491=ORIENTED_EDGE('',*,*,#1708,.T.);
#492=ORIENTED_EDGE('',*,*,#1710,.T.);
#493=ORIENTED_EDGE('',*,*,#1712,.T.);
#494=ORIENTED_EDGE('',*,*,#1713,.F.);
#495=ORIENTED_EDGE('',*,*,#1711,.T.);
#496=ORIENTED_EDGE('',*,*,#1639,.T.);
#497=ORIENTED_EDGE('',*,*,#1669,.T.);
#498=ORIENTED_EDGE('',*,*,#1605,.F.);
#499=ORIENTED_EDGE('',*,*,#1673,.F.);
#500=ORIENTED_EDGE('',*,*,#1647,.T.);
#501=ORIENTED_EDGE('',*,*,#1700,.F.);
#502=ORIENTED_EDGE('',*,*,#1672,.F.);
#503=ORIENTED_EDGE('',*,*,#1714,.T.);
#504=ORIENTED_EDGE('',*,*,#1671,.F.);
#505=ORIENTED_EDGE('',*,*,#1603,.F.);
#506=ORIENTED_EDGE('',*,*,#1715,.T.);
#507=ORIENTED_EDGE('',*,*,#1649,.T.);
#508=ORIENTED_EDGE('',*,*,#1629,.F.);
#509=ORIENTED_EDGE('',*,*,#1651,.F.);
#510=ORIENTED_EDGE('',*,*,#1716,.T.);
#511=ORIENTED_EDGE('',*,*,#1601,.T.);
#512=ORIENTED_EDGE('',*,*,#1715,.F.);
#513=ORIENTED_EDGE('',*,*,#1602,.T.);
#514=ORIENTED_EDGE('',*,*,#1716,.F.);
#515=ORIENTED_EDGE('',*,*,#1650,.T.);
#516=ORIENTED_EDGE('',*,*,#1668,.T.);
#517=ORIENTED_EDGE('',*,*,#1717,.T.);
#518=ORIENTED_EDGE('',*,*,#1670,.T.);
#519=ORIENTED_EDGE('',*,*,#1637,.F.);
#520=ORIENTED_EDGE('',*,*,#1718,.F.);
#521=ORIENTED_EDGE('',*,*,#1607,.T.);
#522=ORIENTED_EDGE('',*,*,#1625,.T.);
#523=ORIENTED_EDGE('',*,*,#1609,.F.);
#524=ORIENTED_EDGE('',*,*,#1719,.F.);
#525=ORIENTED_EDGE('',*,*,#1635,.T.);
#526=ORIENTED_EDGE('',*,*,#1718,.T.);
#527=ORIENTED_EDGE('',*,*,#1636,.F.);
#528=ORIENTED_EDGE('',*,*,#1719,.T.);
#529=ORIENTED_EDGE('',*,*,#1608,.F.);
#530=ORIENTED_EDGE('',*,*,#1717,.F.);
#531=ORIENTED_EDGE('',*,*,#1714,.F.);
#532=ORIENTED_EDGE('',*,*,#1653,.F.);
#533=ORIENTED_EDGE('',*,*,#1655,.F.);
#534=ORIENTED_EDGE('',*,*,#1657,.F.);
#535=ORIENTED_EDGE('',*,*,#1659,.F.);
#536=ORIENTED_EDGE('',*,*,#1599,.F.);
#537=ORIENTED_EDGE('',*,*,#1615,.F.);
#538=ORIENTED_EDGE('',*,*,#1621,.F.);
#539=ORIENTED_EDGE('',*,*,#1623,.F.);
#540=ORIENTED_EDGE('',*,*,#1611,.F.);
#541=ORIENTED_EDGE('',*,*,#1624,.T.);
#542=ORIENTED_EDGE('',*,*,#1634,.T.);
#543=ORIENTED_EDGE('',*,*,#1666,.T.);
#544=ORIENTED_EDGE('',*,*,#1660,.T.);
#545=ORIENTED_EDGE('',*,*,#1664,.T.);
#546=ORIENTED_EDGE('',*,*,#1630,.T.);
#547=ORIENTED_EDGE('',*,*,#1627,.F.);
#548=ORIENTED_EDGE('',*,*,#1720,.F.);
#549=ORIENTED_EDGE('',*,*,#1721,.F.);
#550=ORIENTED_EDGE('',*,*,#1722,.F.);
#551=ORIENTED_EDGE('',*,*,#1723,.F.);
#552=ORIENTED_EDGE('',*,*,#1613,.F.);
#553=ORIENTED_EDGE('',*,*,#1724,.T.);
#554=ORIENTED_EDGE('',*,*,#1725,.T.);
#555=ORIENTED_EDGE('',*,*,#1726,.F.);
#556=ORIENTED_EDGE('',*,*,#1727,.F.);
#557=ORIENTED_EDGE('',*,*,#1728,.T.);
#558=ORIENTED_EDGE('',*,*,#1729,.F.);
#559=ORIENTED_EDGE('',*,*,#1730,.F.);
#560=ORIENTED_EDGE('',*,*,#1731,.F.);
#561=ORIENTED_EDGE('',*,*,#1732,.F.);
#562=ORIENTED_EDGE('',*,*,#1733,.F.);
#563=ORIENTED_EDGE('',*,*,#1734,.T.);
#564=ORIENTED_EDGE('',*,*,#1616,.F.);
#565=ORIENTED_EDGE('',*,*,#1597,.F.);
#566=ORIENTED_EDGE('',*,*,#1622,.F.);
#567=ORIENTED_EDGE('',*,*,#1619,.F.);
#568=ORIENTED_EDGE('',*,*,#1724,.F.);
#569=ORIENTED_EDGE('',*,*,#1612,.T.);
#570=ORIENTED_EDGE('',*,*,#1735,.T.);
#571=ORIENTED_EDGE('',*,*,#1736,.T.);
#572=ORIENTED_EDGE('',*,*,#1737,.T.);
#573=ORIENTED_EDGE('',*,*,#1617,.T.);
#574=ORIENTED_EDGE('',*,*,#1734,.F.);
#575=ORIENTED_EDGE('',*,*,#1738,.F.);
#576=ORIENTED_EDGE('',*,*,#1733,.T.);
#577=ORIENTED_EDGE('',*,*,#1739,.F.);
#578=ORIENTED_EDGE('',*,*,#1740,.F.);
#579=ORIENTED_EDGE('',*,*,#1738,.T.);
#580=ORIENTED_EDGE('',*,*,#1732,.T.);
#581=ORIENTED_EDGE('',*,*,#1741,.F.);
#582=ORIENTED_EDGE('',*,*,#1742,.F.);
#583=ORIENTED_EDGE('',*,*,#1739,.T.);
#584=ORIENTED_EDGE('',*,*,#1731,.T.);
#585=ORIENTED_EDGE('',*,*,#1743,.F.);
#586=ORIENTED_EDGE('',*,*,#1744,.F.);
#587=ORIENTED_EDGE('',*,*,#1741,.T.);
#588=ORIENTED_EDGE('',*,*,#1730,.T.);
#589=ORIENTED_EDGE('',*,*,#1745,.F.);
#590=ORIENTED_EDGE('',*,*,#1746,.F.);
#591=ORIENTED_EDGE('',*,*,#1743,.T.);
#592=ORIENTED_EDGE('',*,*,#1729,.T.);
#593=ORIENTED_EDGE('',*,*,#1747,.F.);
#594=ORIENTED_EDGE('',*,*,#1748,.F.);
#595=ORIENTED_EDGE('',*,*,#1745,.T.);
#596=ORIENTED_EDGE('',*,*,#1728,.F.);
#597=ORIENTED_EDGE('',*,*,#1749,.F.);
#598=ORIENTED_EDGE('',*,*,#1750,.T.);
#599=ORIENTED_EDGE('',*,*,#1747,.T.);
#600=ORIENTED_EDGE('',*,*,#1727,.T.);
#601=ORIENTED_EDGE('',*,*,#1751,.F.);
#602=ORIENTED_EDGE('',*,*,#1752,.F.);
#603=ORIENTED_EDGE('',*,*,#1749,.T.);
#604=ORIENTED_EDGE('',*,*,#1726,.T.);
#605=ORIENTED_EDGE('',*,*,#1753,.F.);
#606=ORIENTED_EDGE('',*,*,#1754,.F.);
#607=ORIENTED_EDGE('',*,*,#1751,.T.);
#608=ORIENTED_EDGE('',*,*,#1725,.F.);
#609=ORIENTED_EDGE('',*,*,#1736,.F.);
#610=ORIENTED_EDGE('',*,*,#1755,.T.);
#611=ORIENTED_EDGE('',*,*,#1753,.T.);
#612=ORIENTED_EDGE('',*,*,#1735,.F.);
#613=ORIENTED_EDGE('',*,*,#1618,.T.);
#614=ORIENTED_EDGE('',*,*,#1737,.F.);
#615=ORIENTED_EDGE('',*,*,#1740,.T.);
#616=ORIENTED_EDGE('',*,*,#1742,.T.);
#617=ORIENTED_EDGE('',*,*,#1744,.T.);
#618=ORIENTED_EDGE('',*,*,#1746,.T.);
#619=ORIENTED_EDGE('',*,*,#1748,.T.);
#620=ORIENTED_EDGE('',*,*,#1750,.F.);
#621=ORIENTED_EDGE('',*,*,#1752,.T.);
#622=ORIENTED_EDGE('',*,*,#1754,.T.);
#623=ORIENTED_EDGE('',*,*,#1755,.F.);
#624=ORIENTED_EDGE('',*,*,#1756,.F.);
#625=ORIENTED_EDGE('',*,*,#1723,.T.);
#626=ORIENTED_EDGE('',*,*,#1756,.T.);
#627=ORIENTED_EDGE('',*,*,#1757,.F.);
#628=ORIENTED_EDGE('',*,*,#1722,.T.);
#629=ORIENTED_EDGE('',*,*,#1757,.T.);
#630=ORIENTED_EDGE('',*,*,#1758,.F.);
#631=ORIENTED_EDGE('',*,*,#1721,.T.);
#632=ORIENTED_EDGE('',*,*,#1758,.T.);
#633=ORIENTED_EDGE('',*,*,#1759,.F.);
#634=ORIENTED_EDGE('',*,*,#1720,.T.);
#635=ORIENTED_EDGE('',*,*,#1759,.T.);
#636=ORIENTED_EDGE('',*,*,#1760,.F.);
#637=ORIENTED_EDGE('',*,*,#1761,.F.);
#638=ORIENTED_EDGE('',*,*,#1762,.T.);
#639=ORIENTED_EDGE('',*,*,#1763,.T.);
#640=ORIENTED_EDGE('',*,*,#1764,.T.);
#641=ORIENTED_EDGE('',*,*,#1765,.F.);
#642=ORIENTED_EDGE('',*,*,#1766,.F.);
#643=ORIENTED_EDGE('',*,*,#1761,.T.);
#644=ORIENTED_EDGE('',*,*,#1767,.F.);
#645=ORIENTED_EDGE('',*,*,#1768,.F.);
#646=ORIENTED_EDGE('',*,*,#1769,.T.);
#647=ORIENTED_EDGE('',*,*,#1765,.T.);
#648=ORIENTED_EDGE('',*,*,#1770,.T.);
#649=ORIENTED_EDGE('',*,*,#1771,.F.);
#650=ORIENTED_EDGE('',*,*,#1772,.F.);
#651=ORIENTED_EDGE('',*,*,#1768,.T.);
#652=ORIENTED_EDGE('',*,*,#1773,.F.);
#653=ORIENTED_EDGE('',*,*,#1774,.F.);
#654=ORIENTED_EDGE('',*,*,#1775,.T.);
#655=ORIENTED_EDGE('',*,*,#1771,.T.);
#656=ORIENTED_EDGE('',*,*,#1776,.F.);
#657=ORIENTED_EDGE('',*,*,#1777,.F.);
#658=ORIENTED_EDGE('',*,*,#1778,.T.);
#659=ORIENTED_EDGE('',*,*,#1774,.T.);
#660=ORIENTED_EDGE('',*,*,#1779,.F.);
#661=ORIENTED_EDGE('',*,*,#1780,.F.);
#662=ORIENTED_EDGE('',*,*,#1781,.T.);
#663=ORIENTED_EDGE('',*,*,#1777,.T.);
#664=ORIENTED_EDGE('',*,*,#1782,.F.);
#665=ORIENTED_EDGE('',*,*,#1783,.F.);
#666=ORIENTED_EDGE('',*,*,#1784,.T.);
#667=ORIENTED_EDGE('',*,*,#1785,.T.);
#668=ORIENTED_EDGE('',*,*,#1786,.T.);
#669=ORIENTED_EDGE('',*,*,#1787,.F.);
#670=ORIENTED_EDGE('',*,*,#1788,.F.);
#671=ORIENTED_EDGE('',*,*,#1783,.T.);
#672=ORIENTED_EDGE('',*,*,#1789,.F.);
#673=ORIENTED_EDGE('',*,*,#1790,.F.);
#674=ORIENTED_EDGE('',*,*,#1791,.T.);
#675=ORIENTED_EDGE('',*,*,#1787,.T.);
#676=ORIENTED_EDGE('',*,*,#1792,.T.);
#677=ORIENTED_EDGE('',*,*,#1793,.F.);
#678=ORIENTED_EDGE('',*,*,#1794,.F.);
#679=ORIENTED_EDGE('',*,*,#1790,.T.);
#680=ORIENTED_EDGE('',*,*,#1795,.F.);
#681=ORIENTED_EDGE('',*,*,#1796,.F.);
#682=ORIENTED_EDGE('',*,*,#1797,.T.);
#683=ORIENTED_EDGE('',*,*,#1793,.T.);
#684=ORIENTED_EDGE('',*,*,#1798,.F.);
#685=ORIENTED_EDGE('',*,*,#1799,.F.);
#686=ORIENTED_EDGE('',*,*,#1800,.T.);
#687=ORIENTED_EDGE('',*,*,#1796,.T.);
#688=ORIENTED_EDGE('',*,*,#1801,.F.);
#689=ORIENTED_EDGE('',*,*,#1802,.F.);
#690=ORIENTED_EDGE('',*,*,#1803,.T.);
#691=ORIENTED_EDGE('',*,*,#1799,.T.);
#692=ORIENTED_EDGE('',*,*,#1804,.F.);
#693=ORIENTED_EDGE('',*,*,#1805,.F.);
#694=ORIENTED_EDGE('',*,*,#1806,.T.);
#695=ORIENTED_EDGE('',*,*,#1807,.T.);
#696=ORIENTED_EDGE('',*,*,#1808,.T.);
#697=ORIENTED_EDGE('',*,*,#1809,.F.);
#698=ORIENTED_EDGE('',*,*,#1810,.F.);
#699=ORIENTED_EDGE('',*,*,#1805,.T.);
#700=ORIENTED_EDGE('',*,*,#1811,.F.);
#701=ORIENTED_EDGE('',*,*,#1812,.F.);
#702=ORIENTED_EDGE('',*,*,#1813,.T.);
#703=ORIENTED_EDGE('',*,*,#1809,.T.);
#704=ORIENTED_EDGE('',*,*,#1814,.T.);
#705=ORIENTED_EDGE('',*,*,#1815,.F.);
#706=ORIENTED_EDGE('',*,*,#1816,.F.);
#707=ORIENTED_EDGE('',*,*,#1812,.T.);
#708=ORIENTED_EDGE('',*,*,#1817,.F.);
#709=ORIENTED_EDGE('',*,*,#1818,.F.);
#710=ORIENTED_EDGE('',*,*,#1819,.T.);
#711=ORIENTED_EDGE('',*,*,#1815,.T.);
#712=ORIENTED_EDGE('',*,*,#1820,.F.);
#713=ORIENTED_EDGE('',*,*,#1821,.F.);
#714=ORIENTED_EDGE('',*,*,#1822,.T.);
#715=ORIENTED_EDGE('',*,*,#1818,.T.);
#716=ORIENTED_EDGE('',*,*,#1823,.F.);
#717=ORIENTED_EDGE('',*,*,#1824,.F.);
#718=ORIENTED_EDGE('',*,*,#1825,.T.);
#719=ORIENTED_EDGE('',*,*,#1821,.T.);
#720=ORIENTED_EDGE('',*,*,#1826,.F.);
#721=ORIENTED_EDGE('',*,*,#1827,.F.);
#722=ORIENTED_EDGE('',*,*,#1828,.T.);
#723=ORIENTED_EDGE('',*,*,#1829,.T.);
#724=ORIENTED_EDGE('',*,*,#1830,.T.);
#725=ORIENTED_EDGE('',*,*,#1831,.F.);
#726=ORIENTED_EDGE('',*,*,#1832,.F.);
#727=ORIENTED_EDGE('',*,*,#1827,.T.);
#728=ORIENTED_EDGE('',*,*,#1833,.F.);
#729=ORIENTED_EDGE('',*,*,#1834,.F.);
#730=ORIENTED_EDGE('',*,*,#1835,.T.);
#731=ORIENTED_EDGE('',*,*,#1831,.T.);
#732=ORIENTED_EDGE('',*,*,#1836,.T.);
#733=ORIENTED_EDGE('',*,*,#1837,.F.);
#734=ORIENTED_EDGE('',*,*,#1838,.F.);
#735=ORIENTED_EDGE('',*,*,#1834,.T.);
#736=ORIENTED_EDGE('',*,*,#1839,.F.);
#737=ORIENTED_EDGE('',*,*,#1840,.F.);
#738=ORIENTED_EDGE('',*,*,#1841,.T.);
#739=ORIENTED_EDGE('',*,*,#1837,.T.);
#740=ORIENTED_EDGE('',*,*,#1842,.F.);
#741=ORIENTED_EDGE('',*,*,#1843,.F.);
#742=ORIENTED_EDGE('',*,*,#1844,.T.);
#743=ORIENTED_EDGE('',*,*,#1840,.T.);
#744=ORIENTED_EDGE('',*,*,#1845,.F.);
#745=ORIENTED_EDGE('',*,*,#1846,.F.);
#746=ORIENTED_EDGE('',*,*,#1847,.T.);
#747=ORIENTED_EDGE('',*,*,#1843,.T.);
#748=ORIENTED_EDGE('',*,*,#1848,.F.);
#749=ORIENTED_EDGE('',*,*,#1849,.F.);
#750=ORIENTED_EDGE('',*,*,#1850,.T.);
#751=ORIENTED_EDGE('',*,*,#1851,.T.);
#752=ORIENTED_EDGE('',*,*,#1852,.T.);
#753=ORIENTED_EDGE('',*,*,#1853,.F.);
#754=ORIENTED_EDGE('',*,*,#1854,.F.);
#755=ORIENTED_EDGE('',*,*,#1849,.T.);
#756=ORIENTED_EDGE('',*,*,#1855,.F.);
#757=ORIENTED_EDGE('',*,*,#1856,.F.);
#758=ORIENTED_EDGE('',*,*,#1857,.T.);
#759=ORIENTED_EDGE('',*,*,#1853,.T.);
#760=ORIENTED_EDGE('',*,*,#1858,.T.);
#761=ORIENTED_EDGE('',*,*,#1859,.F.);
#762=ORIENTED_EDGE('',*,*,#1860,.F.);
#763=ORIENTED_EDGE('',*,*,#1856,.T.);
#764=ORIENTED_EDGE('',*,*,#1861,.F.);
#765=ORIENTED_EDGE('',*,*,#1862,.F.);
#766=ORIENTED_EDGE('',*,*,#1863,.T.);
#767=ORIENTED_EDGE('',*,*,#1859,.T.);
#768=ORIENTED_EDGE('',*,*,#1864,.F.);
#769=ORIENTED_EDGE('',*,*,#1865,.F.);
#770=ORIENTED_EDGE('',*,*,#1866,.T.);
#771=ORIENTED_EDGE('',*,*,#1862,.T.);
#772=ORIENTED_EDGE('',*,*,#1867,.F.);
#773=ORIENTED_EDGE('',*,*,#1868,.F.);
#774=ORIENTED_EDGE('',*,*,#1869,.T.);
#775=ORIENTED_EDGE('',*,*,#1865,.T.);
#776=ORIENTED_EDGE('',*,*,#1870,.F.);
#777=ORIENTED_EDGE('',*,*,#1871,.F.);
#778=ORIENTED_EDGE('',*,*,#1872,.T.);
#779=ORIENTED_EDGE('',*,*,#1873,.T.);
#780=ORIENTED_EDGE('',*,*,#1874,.T.);
#781=ORIENTED_EDGE('',*,*,#1875,.F.);
#782=ORIENTED_EDGE('',*,*,#1876,.F.);
#783=ORIENTED_EDGE('',*,*,#1871,.T.);
#784=ORIENTED_EDGE('',*,*,#1877,.F.);
#785=ORIENTED_EDGE('',*,*,#1878,.F.);
#786=ORIENTED_EDGE('',*,*,#1879,.T.);
#787=ORIENTED_EDGE('',*,*,#1875,.T.);
#788=ORIENTED_EDGE('',*,*,#1880,.T.);
#789=ORIENTED_EDGE('',*,*,#1881,.F.);
#790=ORIENTED_EDGE('',*,*,#1882,.F.);
#791=ORIENTED_EDGE('',*,*,#1878,.T.);
#792=ORIENTED_EDGE('',*,*,#1883,.F.);
#793=ORIENTED_EDGE('',*,*,#1884,.F.);
#794=ORIENTED_EDGE('',*,*,#1885,.T.);
#795=ORIENTED_EDGE('',*,*,#1881,.T.);
#796=ORIENTED_EDGE('',*,*,#1886,.F.);
#797=ORIENTED_EDGE('',*,*,#1887,.F.);
#798=ORIENTED_EDGE('',*,*,#1888,.T.);
#799=ORIENTED_EDGE('',*,*,#1884,.T.);
#800=ORIENTED_EDGE('',*,*,#1889,.F.);
#801=ORIENTED_EDGE('',*,*,#1890,.F.);
#802=ORIENTED_EDGE('',*,*,#1891,.T.);
#803=ORIENTED_EDGE('',*,*,#1887,.T.);
#804=ORIENTED_EDGE('',*,*,#1892,.F.);
#805=ORIENTED_EDGE('',*,*,#1893,.F.);
#806=ORIENTED_EDGE('',*,*,#1894,.T.);
#807=ORIENTED_EDGE('',*,*,#1895,.T.);
#808=ORIENTED_EDGE('',*,*,#1896,.T.);
#809=ORIENTED_EDGE('',*,*,#1897,.F.);
#810=ORIENTED_EDGE('',*,*,#1898,.F.);
#811=ORIENTED_EDGE('',*,*,#1893,.T.);
#812=ORIENTED_EDGE('',*,*,#1899,.F.);
#813=ORIENTED_EDGE('',*,*,#1900,.F.);
#814=ORIENTED_EDGE('',*,*,#1901,.T.);
#815=ORIENTED_EDGE('',*,*,#1897,.T.);
#816=ORIENTED_EDGE('',*,*,#1902,.T.);
#817=ORIENTED_EDGE('',*,*,#1903,.F.);
#818=ORIENTED_EDGE('',*,*,#1904,.F.);
#819=ORIENTED_EDGE('',*,*,#1900,.T.);
#820=ORIENTED_EDGE('',*,*,#1905,.F.);
#821=ORIENTED_EDGE('',*,*,#1906,.F.);
#822=ORIENTED_EDGE('',*,*,#1907,.T.);
#823=ORIENTED_EDGE('',*,*,#1903,.T.);
#824=ORIENTED_EDGE('',*,*,#1908,.F.);
#825=ORIENTED_EDGE('',*,*,#1909,.F.);
#826=ORIENTED_EDGE('',*,*,#1910,.T.);
#827=ORIENTED_EDGE('',*,*,#1906,.T.);
#828=ORIENTED_EDGE('',*,*,#1911,.F.);
#829=ORIENTED_EDGE('',*,*,#1912,.F.);
#830=ORIENTED_EDGE('',*,*,#1913,.T.);
#831=ORIENTED_EDGE('',*,*,#1909,.T.);
#832=ORIENTED_EDGE('',*,*,#1914,.F.);
#833=ORIENTED_EDGE('',*,*,#1915,.F.);
#834=ORIENTED_EDGE('',*,*,#1916,.T.);
#835=ORIENTED_EDGE('',*,*,#1917,.T.);
#836=ORIENTED_EDGE('',*,*,#1918,.T.);
#837=ORIENTED_EDGE('',*,*,#1919,.F.);
#838=ORIENTED_EDGE('',*,*,#1920,.F.);
#839=ORIENTED_EDGE('',*,*,#1915,.T.);
#840=ORIENTED_EDGE('',*,*,#1921,.F.);
#841=ORIENTED_EDGE('',*,*,#1922,.F.);
#842=ORIENTED_EDGE('',*,*,#1923,.T.);
#843=ORIENTED_EDGE('',*,*,#1919,.T.);
#844=ORIENTED_EDGE('',*,*,#1924,.T.);
#845=ORIENTED_EDGE('',*,*,#1925,.F.);
#846=ORIENTED_EDGE('',*,*,#1926,.F.);
#847=ORIENTED_EDGE('',*,*,#1922,.T.);
#848=ORIENTED_EDGE('',*,*,#1927,.F.);
#849=ORIENTED_EDGE('',*,*,#1928,.F.);
#850=ORIENTED_EDGE('',*,*,#1929,.T.);
#851=ORIENTED_EDGE('',*,*,#1925,.T.);
#852=ORIENTED_EDGE('',*,*,#1930,.F.);
#853=ORIENTED_EDGE('',*,*,#1931,.F.);
#854=ORIENTED_EDGE('',*,*,#1932,.T.);
#855=ORIENTED_EDGE('',*,*,#1928,.T.);
#856=ORIENTED_EDGE('',*,*,#1933,.F.);
#857=ORIENTED_EDGE('',*,*,#1934,.F.);
#858=ORIENTED_EDGE('',*,*,#1935,.T.);
#859=ORIENTED_EDGE('',*,*,#1931,.T.);
#860=ORIENTED_EDGE('',*,*,#1936,.F.);
#861=ORIENTED_EDGE('',*,*,#1937,.F.);
#862=ORIENTED_EDGE('',*,*,#1938,.T.);
#863=ORIENTED_EDGE('',*,*,#1939,.T.);
#864=ORIENTED_EDGE('',*,*,#1940,.T.);
#865=ORIENTED_EDGE('',*,*,#1941,.F.);
#866=ORIENTED_EDGE('',*,*,#1942,.F.);
#867=ORIENTED_EDGE('',*,*,#1937,.T.);
#868=ORIENTED_EDGE('',*,*,#1943,.F.);
#869=ORIENTED_EDGE('',*,*,#1944,.F.);
#870=ORIENTED_EDGE('',*,*,#1945,.T.);
#871=ORIENTED_EDGE('',*,*,#1941,.T.);
#872=ORIENTED_EDGE('',*,*,#1946,.T.);
#873=ORIENTED_EDGE('',*,*,#1947,.F.);
#874=ORIENTED_EDGE('',*,*,#1948,.F.);
#875=ORIENTED_EDGE('',*,*,#1944,.T.);
#876=ORIENTED_EDGE('',*,*,#1949,.F.);
#877=ORIENTED_EDGE('',*,*,#1950,.F.);
#878=ORIENTED_EDGE('',*,*,#1951,.T.);
#879=ORIENTED_EDGE('',*,*,#1947,.T.);
#880=ORIENTED_EDGE('',*,*,#1952,.F.);
#881=ORIENTED_EDGE('',*,*,#1953,.F.);
#882=ORIENTED_EDGE('',*,*,#1954,.T.);
#883=ORIENTED_EDGE('',*,*,#1950,.T.);
#884=ORIENTED_EDGE('',*,*,#1955,.F.);
#885=ORIENTED_EDGE('',*,*,#1956,.F.);
#886=ORIENTED_EDGE('',*,*,#1957,.T.);
#887=ORIENTED_EDGE('',*,*,#1953,.T.);
#888=ORIENTED_EDGE('',*,*,#1958,.F.);
#889=ORIENTED_EDGE('',*,*,#1959,.F.);
#890=ORIENTED_EDGE('',*,*,#1960,.T.);
#891=ORIENTED_EDGE('',*,*,#1961,.T.);
#892=ORIENTED_EDGE('',*,*,#1962,.T.);
#893=ORIENTED_EDGE('',*,*,#1963,.F.);
#894=ORIENTED_EDGE('',*,*,#1964,.F.);
#895=ORIENTED_EDGE('',*,*,#1959,.T.);
#896=ORIENTED_EDGE('',*,*,#1965,.F.);
#897=ORIENTED_EDGE('',*,*,#1966,.F.);
#898=ORIENTED_EDGE('',*,*,#1967,.T.);
#899=ORIENTED_EDGE('',*,*,#1963,.T.);
#900=ORIENTED_EDGE('',*,*,#1968,.T.);
#901=ORIENTED_EDGE('',*,*,#1969,.F.);
#902=ORIENTED_EDGE('',*,*,#1970,.F.);
#903=ORIENTED_EDGE('',*,*,#1966,.T.);
#904=ORIENTED_EDGE('',*,*,#1971,.F.);
#905=ORIENTED_EDGE('',*,*,#1972,.F.);
#906=ORIENTED_EDGE('',*,*,#1973,.T.);
#907=ORIENTED_EDGE('',*,*,#1969,.T.);
#908=ORIENTED_EDGE('',*,*,#1974,.F.);
#909=ORIENTED_EDGE('',*,*,#1975,.F.);
#910=ORIENTED_EDGE('',*,*,#1976,.T.);
#911=ORIENTED_EDGE('',*,*,#1972,.T.);
#912=ORIENTED_EDGE('',*,*,#1977,.F.);
#913=ORIENTED_EDGE('',*,*,#1978,.F.);
#914=ORIENTED_EDGE('',*,*,#1979,.T.);
#915=ORIENTED_EDGE('',*,*,#1975,.T.);
#916=ORIENTED_EDGE('',*,*,#1980,.F.);
#917=ORIENTED_EDGE('',*,*,#1981,.F.);
#918=ORIENTED_EDGE('',*,*,#1982,.T.);
#919=ORIENTED_EDGE('',*,*,#1983,.T.);
#920=ORIENTED_EDGE('',*,*,#1984,.T.);
#921=ORIENTED_EDGE('',*,*,#1985,.F.);
#922=ORIENTED_EDGE('',*,*,#1986,.F.);
#923=ORIENTED_EDGE('',*,*,#1981,.T.);
#924=ORIENTED_EDGE('',*,*,#1987,.F.);
#925=ORIENTED_EDGE('',*,*,#1988,.F.);
#926=ORIENTED_EDGE('',*,*,#1989,.T.);
#927=ORIENTED_EDGE('',*,*,#1985,.T.);
#928=ORIENTED_EDGE('',*,*,#1990,.T.);
#929=ORIENTED_EDGE('',*,*,#1991,.F.);
#930=ORIENTED_EDGE('',*,*,#1992,.F.);
#931=ORIENTED_EDGE('',*,*,#1988,.T.);
#932=ORIENTED_EDGE('',*,*,#1993,.F.);
#933=ORIENTED_EDGE('',*,*,#1994,.F.);
#934=ORIENTED_EDGE('',*,*,#1995,.T.);
#935=ORIENTED_EDGE('',*,*,#1991,.T.);
#936=ORIENTED_EDGE('',*,*,#1996,.F.);
#937=ORIENTED_EDGE('',*,*,#1997,.F.);
#938=ORIENTED_EDGE('',*,*,#1998,.T.);
#939=ORIENTED_EDGE('',*,*,#1994,.T.);
#940=ORIENTED_EDGE('',*,*,#1999,.F.);
#941=ORIENTED_EDGE('',*,*,#2000,.F.);
#942=ORIENTED_EDGE('',*,*,#2001,.T.);
#943=ORIENTED_EDGE('',*,*,#1997,.T.);
#944=ORIENTED_EDGE('',*,*,#2002,.F.);
#945=ORIENTED_EDGE('',*,*,#2003,.F.);
#946=ORIENTED_EDGE('',*,*,#2004,.T.);
#947=ORIENTED_EDGE('',*,*,#2005,.T.);
#948=ORIENTED_EDGE('',*,*,#2006,.T.);
#949=ORIENTED_EDGE('',*,*,#2007,.F.);
#950=ORIENTED_EDGE('',*,*,#2008,.F.);
#951=ORIENTED_EDGE('',*,*,#2003,.T.);
#952=ORIENTED_EDGE('',*,*,#2009,.F.);
#953=ORIENTED_EDGE('',*,*,#2010,.F.);
#954=ORIENTED_EDGE('',*,*,#2011,.T.);
#955=ORIENTED_EDGE('',*,*,#2007,.T.);
#956=ORIENTED_EDGE('',*,*,#2012,.T.);
#957=ORIENTED_EDGE('',*,*,#2013,.F.);
#958=ORIENTED_EDGE('',*,*,#2014,.F.);
#959=ORIENTED_EDGE('',*,*,#2010,.T.);
#960=ORIENTED_EDGE('',*,*,#2015,.F.);
#961=ORIENTED_EDGE('',*,*,#2016,.F.);
#962=ORIENTED_EDGE('',*,*,#2017,.T.);
#963=ORIENTED_EDGE('',*,*,#2013,.T.);
#964=ORIENTED_EDGE('',*,*,#2018,.F.);
#965=ORIENTED_EDGE('',*,*,#2019,.F.);
#966=ORIENTED_EDGE('',*,*,#2020,.T.);
#967=ORIENTED_EDGE('',*,*,#2016,.T.);
#968=ORIENTED_EDGE('',*,*,#2021,.F.);
#969=ORIENTED_EDGE('',*,*,#2022,.F.);
#970=ORIENTED_EDGE('',*,*,#2023,.T.);
#971=ORIENTED_EDGE('',*,*,#2019,.T.);
#972=ORIENTED_EDGE('',*,*,#2024,.F.);
#973=ORIENTED_EDGE('',*,*,#2025,.F.);
#974=ORIENTED_EDGE('',*,*,#2026,.T.);
#975=ORIENTED_EDGE('',*,*,#2027,.T.);
#976=ORIENTED_EDGE('',*,*,#2028,.T.);
#977=ORIENTED_EDGE('',*,*,#2029,.F.);
#978=ORIENTED_EDGE('',*,*,#2030,.F.);
#979=ORIENTED_EDGE('',*,*,#2025,.T.);
#980=ORIENTED_EDGE('',*,*,#2031,.F.);
#981=ORIENTED_EDGE('',*,*,#2032,.F.);
#982=ORIENTED_EDGE('',*,*,#2033,.T.);
#983=ORIENTED_EDGE('',*,*,#2029,.T.);
#984=ORIENTED_EDGE('',*,*,#2034,.T.);
#985=ORIENTED_EDGE('',*,*,#2035,.F.);
#986=ORIENTED_EDGE('',*,*,#2036,.F.);
#987=ORIENTED_EDGE('',*,*,#2032,.T.);
#988=ORIENTED_EDGE('',*,*,#2037,.F.);
#989=ORIENTED_EDGE('',*,*,#2038,.F.);
#990=ORIENTED_EDGE('',*,*,#2039,.T.);
#991=ORIENTED_EDGE('',*,*,#2035,.T.);
#992=ORIENTED_EDGE('',*,*,#2040,.F.);
#993=ORIENTED_EDGE('',*,*,#2041,.F.);
#994=ORIENTED_EDGE('',*,*,#2042,.T.);
#995=ORIENTED_EDGE('',*,*,#2038,.T.);
#996=ORIENTED_EDGE('',*,*,#2043,.F.);
#997=ORIENTED_EDGE('',*,*,#2044,.F.);
#998=ORIENTED_EDGE('',*,*,#2045,.T.);
#999=ORIENTED_EDGE('',*,*,#2041,.T.);
#1000=ORIENTED_EDGE('',*,*,#2046,.F.);
#1001=ORIENTED_EDGE('',*,*,#2047,.F.);
#1002=ORIENTED_EDGE('',*,*,#2048,.T.);
#1003=ORIENTED_EDGE('',*,*,#2049,.T.);
#1004=ORIENTED_EDGE('',*,*,#2050,.T.);
#1005=ORIENTED_EDGE('',*,*,#2051,.F.);
#1006=ORIENTED_EDGE('',*,*,#2052,.F.);
#1007=ORIENTED_EDGE('',*,*,#2047,.T.);
#1008=ORIENTED_EDGE('',*,*,#2053,.F.);
#1009=ORIENTED_EDGE('',*,*,#2054,.F.);
#1010=ORIENTED_EDGE('',*,*,#2055,.T.);
#1011=ORIENTED_EDGE('',*,*,#2051,.T.);
#1012=ORIENTED_EDGE('',*,*,#2056,.T.);
#1013=ORIENTED_EDGE('',*,*,#2057,.F.);
#1014=ORIENTED_EDGE('',*,*,#2058,.F.);
#1015=ORIENTED_EDGE('',*,*,#2054,.T.);
#1016=ORIENTED_EDGE('',*,*,#2059,.F.);
#1017=ORIENTED_EDGE('',*,*,#2060,.F.);
#1018=ORIENTED_EDGE('',*,*,#2061,.T.);
#1019=ORIENTED_EDGE('',*,*,#2057,.T.);
#1020=ORIENTED_EDGE('',*,*,#2062,.F.);
#1021=ORIENTED_EDGE('',*,*,#2063,.F.);
#1022=ORIENTED_EDGE('',*,*,#2064,.T.);
#1023=ORIENTED_EDGE('',*,*,#2060,.T.);
#1024=ORIENTED_EDGE('',*,*,#2065,.F.);
#1025=ORIENTED_EDGE('',*,*,#2066,.F.);
#1026=ORIENTED_EDGE('',*,*,#2067,.T.);
#1027=ORIENTED_EDGE('',*,*,#2063,.T.);
#1028=ORIENTED_EDGE('',*,*,#2068,.F.);
#1029=ORIENTED_EDGE('',*,*,#2069,.F.);
#1030=ORIENTED_EDGE('',*,*,#2070,.T.);
#1031=ORIENTED_EDGE('',*,*,#2071,.T.);
#1032=ORIENTED_EDGE('',*,*,#2072,.T.);
#1033=ORIENTED_EDGE('',*,*,#2073,.F.);
#1034=ORIENTED_EDGE('',*,*,#2074,.F.);
#1035=ORIENTED_EDGE('',*,*,#2069,.T.);
#1036=ORIENTED_EDGE('',*,*,#2075,.F.);
#1037=ORIENTED_EDGE('',*,*,#2076,.F.);
#1038=ORIENTED_EDGE('',*,*,#2077,.T.);
#1039=ORIENTED_EDGE('',*,*,#2073,.T.);
#1040=ORIENTED_EDGE('',*,*,#2078,.T.);
#1041=ORIENTED_EDGE('',*,*,#2079,.F.);
#1042=ORIENTED_EDGE('',*,*,#2080,.F.);
#1043=ORIENTED_EDGE('',*,*,#2076,.T.);
#1044=ORIENTED_EDGE('',*,*,#2081,.F.);
#1045=ORIENTED_EDGE('',*,*,#2082,.F.);
#1046=ORIENTED_EDGE('',*,*,#2083,.T.);
#1047=ORIENTED_EDGE('',*,*,#2079,.T.);
#1048=ORIENTED_EDGE('',*,*,#2084,.F.);
#1049=ORIENTED_EDGE('',*,*,#2085,.F.);
#1050=ORIENTED_EDGE('',*,*,#2086,.T.);
#1051=ORIENTED_EDGE('',*,*,#2082,.T.);
#1052=ORIENTED_EDGE('',*,*,#2087,.F.);
#1053=ORIENTED_EDGE('',*,*,#2088,.F.);
#1054=ORIENTED_EDGE('',*,*,#2089,.T.);
#1055=ORIENTED_EDGE('',*,*,#2085,.T.);
#1056=ORIENTED_EDGE('',*,*,#2090,.F.);
#1057=ORIENTED_EDGE('',*,*,#2091,.F.);
#1058=ORIENTED_EDGE('',*,*,#2092,.T.);
#1059=ORIENTED_EDGE('',*,*,#2093,.T.);
#1060=ORIENTED_EDGE('',*,*,#2094,.T.);
#1061=ORIENTED_EDGE('',*,*,#2095,.F.);
#1062=ORIENTED_EDGE('',*,*,#2096,.F.);
#1063=ORIENTED_EDGE('',*,*,#2091,.T.);
#1064=ORIENTED_EDGE('',*,*,#2097,.F.);
#1065=ORIENTED_EDGE('',*,*,#2098,.F.);
#1066=ORIENTED_EDGE('',*,*,#2099,.T.);
#1067=ORIENTED_EDGE('',*,*,#2095,.T.);
#1068=ORIENTED_EDGE('',*,*,#2100,.T.);
#1069=ORIENTED_EDGE('',*,*,#2101,.F.);
#1070=ORIENTED_EDGE('',*,*,#2102,.F.);
#1071=ORIENTED_EDGE('',*,*,#2098,.T.);
#1072=ORIENTED_EDGE('',*,*,#2103,.F.);
#1073=ORIENTED_EDGE('',*,*,#2104,.F.);
#1074=ORIENTED_EDGE('',*,*,#2105,.T.);
#1075=ORIENTED_EDGE('',*,*,#2101,.T.);
#1076=ORIENTED_EDGE('',*,*,#2106,.F.);
#1077=ORIENTED_EDGE('',*,*,#2107,.F.);
#1078=ORIENTED_EDGE('',*,*,#2108,.T.);
#1079=ORIENTED_EDGE('',*,*,#2104,.T.);
#1080=ORIENTED_EDGE('',*,*,#2109,.F.);
#1081=ORIENTED_EDGE('',*,*,#2110,.F.);
#1082=ORIENTED_EDGE('',*,*,#2111,.T.);
#1083=ORIENTED_EDGE('',*,*,#2107,.T.);
#1084=ORIENTED_EDGE('',*,*,#2112,.F.);
#1085=ORIENTED_EDGE('',*,*,#1763,.F.);
#1086=ORIENTED_EDGE('',*,*,#2113,.T.);
#1087=ORIENTED_EDGE('',*,*,#1780,.T.);
#1088=ORIENTED_EDGE('',*,*,#2114,.F.);
#1089=ORIENTED_EDGE('',*,*,#1785,.F.);
#1090=ORIENTED_EDGE('',*,*,#2115,.T.);
#1091=ORIENTED_EDGE('',*,*,#1802,.T.);
#1092=ORIENTED_EDGE('',*,*,#2116,.F.);
#1093=ORIENTED_EDGE('',*,*,#1807,.F.);
#1094=ORIENTED_EDGE('',*,*,#2117,.T.);
#1095=ORIENTED_EDGE('',*,*,#1824,.T.);
#1096=ORIENTED_EDGE('',*,*,#2118,.F.);
#1097=ORIENTED_EDGE('',*,*,#1829,.F.);
#1098=ORIENTED_EDGE('',*,*,#2119,.T.);
#1099=ORIENTED_EDGE('',*,*,#1846,.T.);
#1100=ORIENTED_EDGE('',*,*,#2120,.F.);
#1101=ORIENTED_EDGE('',*,*,#1851,.F.);
#1102=ORIENTED_EDGE('',*,*,#2121,.T.);
#1103=ORIENTED_EDGE('',*,*,#1868,.T.);
#1104=ORIENTED_EDGE('',*,*,#2122,.F.);
#1105=ORIENTED_EDGE('',*,*,#1873,.F.);
#1106=ORIENTED_EDGE('',*,*,#2123,.T.);
#1107=ORIENTED_EDGE('',*,*,#1890,.T.);
#1108=ORIENTED_EDGE('',*,*,#2124,.F.);
#1109=ORIENTED_EDGE('',*,*,#1895,.F.);
#1110=ORIENTED_EDGE('',*,*,#2125,.T.);
#1111=ORIENTED_EDGE('',*,*,#1912,.T.);
#1112=ORIENTED_EDGE('',*,*,#2126,.F.);
#1113=ORIENTED_EDGE('',*,*,#1917,.F.);
#1114=ORIENTED_EDGE('',*,*,#2127,.T.);
#1115=ORIENTED_EDGE('',*,*,#1934,.T.);
#1116=ORIENTED_EDGE('',*,*,#2128,.F.);
#1117=ORIENTED_EDGE('',*,*,#1939,.F.);
#1118=ORIENTED_EDGE('',*,*,#2129,.T.);
#1119=ORIENTED_EDGE('',*,*,#1956,.T.);
#1120=ORIENTED_EDGE('',*,*,#2130,.F.);
#1121=ORIENTED_EDGE('',*,*,#1961,.F.);
#1122=ORIENTED_EDGE('',*,*,#2131,.T.);
#1123=ORIENTED_EDGE('',*,*,#1978,.T.);
#1124=ORIENTED_EDGE('',*,*,#2132,.F.);
#1125=ORIENTED_EDGE('',*,*,#1983,.F.);
#1126=ORIENTED_EDGE('',*,*,#2133,.T.);
#1127=ORIENTED_EDGE('',*,*,#2000,.T.);
#1128=ORIENTED_EDGE('',*,*,#2134,.F.);
#1129=ORIENTED_EDGE('',*,*,#2005,.F.);
#1130=ORIENTED_EDGE('',*,*,#2135,.T.);
#1131=ORIENTED_EDGE('',*,*,#2022,.T.);
#1132=ORIENTED_EDGE('',*,*,#2136,.F.);
#1133=ORIENTED_EDGE('',*,*,#2027,.F.);
#1134=ORIENTED_EDGE('',*,*,#2137,.T.);
#1135=ORIENTED_EDGE('',*,*,#2044,.T.);
#1136=ORIENTED_EDGE('',*,*,#2138,.F.);
#1137=ORIENTED_EDGE('',*,*,#2049,.F.);
#1138=ORIENTED_EDGE('',*,*,#2139,.T.);
#1139=ORIENTED_EDGE('',*,*,#2066,.T.);
#1140=ORIENTED_EDGE('',*,*,#2140,.F.);
#1141=ORIENTED_EDGE('',*,*,#2071,.F.);
#1142=ORIENTED_EDGE('',*,*,#2141,.T.);
#1143=ORIENTED_EDGE('',*,*,#2088,.T.);
#1144=ORIENTED_EDGE('',*,*,#2142,.F.);
#1145=ORIENTED_EDGE('',*,*,#2093,.F.);
#1146=ORIENTED_EDGE('',*,*,#2143,.T.);
#1147=ORIENTED_EDGE('',*,*,#2110,.T.);
#1148=ORIENTED_EDGE('',*,*,#2092,.F.);
#1149=ORIENTED_EDGE('',*,*,#2096,.T.);
#1150=ORIENTED_EDGE('',*,*,#2099,.F.);
#1151=ORIENTED_EDGE('',*,*,#2102,.T.);
#1152=ORIENTED_EDGE('',*,*,#2105,.F.);
#1153=ORIENTED_EDGE('',*,*,#2108,.F.);
#1154=ORIENTED_EDGE('',*,*,#2111,.F.);
#1155=ORIENTED_EDGE('',*,*,#2143,.F.);
#1156=ORIENTED_EDGE('',*,*,#2070,.F.);
#1157=ORIENTED_EDGE('',*,*,#2074,.T.);
#1158=ORIENTED_EDGE('',*,*,#2077,.F.);
#1159=ORIENTED_EDGE('',*,*,#2080,.T.);
#1160=ORIENTED_EDGE('',*,*,#2083,.F.);
#1161=ORIENTED_EDGE('',*,*,#2086,.F.);
#1162=ORIENTED_EDGE('',*,*,#2089,.F.);
#1163=ORIENTED_EDGE('',*,*,#2141,.F.);
#1164=ORIENTED_EDGE('',*,*,#2048,.F.);
#1165=ORIENTED_EDGE('',*,*,#2052,.T.);
#1166=ORIENTED_EDGE('',*,*,#2055,.F.);
#1167=ORIENTED_EDGE('',*,*,#2058,.T.);
#1168=ORIENTED_EDGE('',*,*,#2061,.F.);
#1169=ORIENTED_EDGE('',*,*,#2064,.F.);
#1170=ORIENTED_EDGE('',*,*,#2067,.F.);
#1171=ORIENTED_EDGE('',*,*,#2139,.F.);
#1172=ORIENTED_EDGE('',*,*,#2026,.F.);
#1173=ORIENTED_EDGE('',*,*,#2030,.T.);
#1174=ORIENTED_EDGE('',*,*,#2033,.F.);
#1175=ORIENTED_EDGE('',*,*,#2036,.T.);
#1176=ORIENTED_EDGE('',*,*,#2039,.F.);
#1177=ORIENTED_EDGE('',*,*,#2042,.F.);
#1178=ORIENTED_EDGE('',*,*,#2045,.F.);
#1179=ORIENTED_EDGE('',*,*,#2137,.F.);
#1180=ORIENTED_EDGE('',*,*,#2004,.F.);
#1181=ORIENTED_EDGE('',*,*,#2008,.T.);
#1182=ORIENTED_EDGE('',*,*,#2011,.F.);
#1183=ORIENTED_EDGE('',*,*,#2014,.T.);
#1184=ORIENTED_EDGE('',*,*,#2017,.F.);
#1185=ORIENTED_EDGE('',*,*,#2020,.F.);
#1186=ORIENTED_EDGE('',*,*,#2023,.F.);
#1187=ORIENTED_EDGE('',*,*,#2135,.F.);
#1188=ORIENTED_EDGE('',*,*,#1982,.F.);
#1189=ORIENTED_EDGE('',*,*,#1986,.T.);
#1190=ORIENTED_EDGE('',*,*,#1989,.F.);
#1191=ORIENTED_EDGE('',*,*,#1992,.T.);
#1192=ORIENTED_EDGE('',*,*,#1995,.F.);
#1193=ORIENTED_EDGE('',*,*,#1998,.F.);
#1194=ORIENTED_EDGE('',*,*,#2001,.F.);
#1195=ORIENTED_EDGE('',*,*,#2133,.F.);
#1196=ORIENTED_EDGE('',*,*,#1960,.F.);
#1197=ORIENTED_EDGE('',*,*,#1964,.T.);
#1198=ORIENTED_EDGE('',*,*,#1967,.F.);
#1199=ORIENTED_EDGE('',*,*,#1970,.T.);
#1200=ORIENTED_EDGE('',*,*,#1973,.F.);
#1201=ORIENTED_EDGE('',*,*,#1976,.F.);
#1202=ORIENTED_EDGE('',*,*,#1979,.F.);
#1203=ORIENTED_EDGE('',*,*,#2131,.F.);
#1204=ORIENTED_EDGE('',*,*,#1938,.F.);
#1205=ORIENTED_EDGE('',*,*,#1942,.T.);
#1206=ORIENTED_EDGE('',*,*,#1945,.F.);
#1207=ORIENTED_EDGE('',*,*,#1948,.T.);
#1208=ORIENTED_EDGE('',*,*,#1951,.F.);
#1209=ORIENTED_EDGE('',*,*,#1954,.F.);
#1210=ORIENTED_EDGE('',*,*,#1957,.F.);
#1211=ORIENTED_EDGE('',*,*,#2129,.F.);
#1212=ORIENTED_EDGE('',*,*,#1916,.F.);
#1213=ORIENTED_EDGE('',*,*,#1920,.T.);
#1214=ORIENTED_EDGE('',*,*,#1923,.F.);
#1215=ORIENTED_EDGE('',*,*,#1926,.T.);
#1216=ORIENTED_EDGE('',*,*,#1929,.F.);
#1217=ORIENTED_EDGE('',*,*,#1932,.F.);
#1218=ORIENTED_EDGE('',*,*,#1935,.F.);
#1219=ORIENTED_EDGE('',*,*,#2127,.F.);
#1220=ORIENTED_EDGE('',*,*,#1894,.F.);
#1221=ORIENTED_EDGE('',*,*,#1898,.T.);
#1222=ORIENTED_EDGE('',*,*,#1901,.F.);
#1223=ORIENTED_EDGE('',*,*,#1904,.T.);
#1224=ORIENTED_EDGE('',*,*,#1907,.F.);
#1225=ORIENTED_EDGE('',*,*,#1910,.F.);
#1226=ORIENTED_EDGE('',*,*,#1913,.F.);
#1227=ORIENTED_EDGE('',*,*,#2125,.F.);
#1228=ORIENTED_EDGE('',*,*,#1872,.F.);
#1229=ORIENTED_EDGE('',*,*,#1876,.T.);
#1230=ORIENTED_EDGE('',*,*,#1879,.F.);
#1231=ORIENTED_EDGE('',*,*,#1882,.T.);
#1232=ORIENTED_EDGE('',*,*,#1885,.F.);
#1233=ORIENTED_EDGE('',*,*,#1888,.F.);
#1234=ORIENTED_EDGE('',*,*,#1891,.F.);
#1235=ORIENTED_EDGE('',*,*,#2123,.F.);
#1236=ORIENTED_EDGE('',*,*,#1850,.F.);
#1237=ORIENTED_EDGE('',*,*,#1854,.T.);
#1238=ORIENTED_EDGE('',*,*,#1857,.F.);
#1239=ORIENTED_EDGE('',*,*,#1860,.T.);
#1240=ORIENTED_EDGE('',*,*,#1863,.F.);
#1241=ORIENTED_EDGE('',*,*,#1866,.F.);
#1242=ORIENTED_EDGE('',*,*,#1869,.F.);
#1243=ORIENTED_EDGE('',*,*,#2121,.F.);
#1244=ORIENTED_EDGE('',*,*,#1828,.F.);
#1245=ORIENTED_EDGE('',*,*,#1832,.T.);
#1246=ORIENTED_EDGE('',*,*,#1835,.F.);
#1247=ORIENTED_EDGE('',*,*,#1838,.T.);
#1248=ORIENTED_EDGE('',*,*,#1841,.F.);
#1249=ORIENTED_EDGE('',*,*,#1844,.F.);
#1250=ORIENTED_EDGE('',*,*,#1847,.F.);
#1251=ORIENTED_EDGE('',*,*,#2119,.F.);
#1252=ORIENTED_EDGE('',*,*,#1806,.F.);
#1253=ORIENTED_EDGE('',*,*,#1810,.T.);
#1254=ORIENTED_EDGE('',*,*,#1813,.F.);
#1255=ORIENTED_EDGE('',*,*,#1816,.T.);
#1256=ORIENTED_EDGE('',*,*,#1819,.F.);
#1257=ORIENTED_EDGE('',*,*,#1822,.F.);
#1258=ORIENTED_EDGE('',*,*,#1825,.F.);
#1259=ORIENTED_EDGE('',*,*,#2117,.F.);
#1260=ORIENTED_EDGE('',*,*,#1784,.F.);
#1261=ORIENTED_EDGE('',*,*,#1788,.T.);
#1262=ORIENTED_EDGE('',*,*,#1791,.F.);
#1263=ORIENTED_EDGE('',*,*,#1794,.T.);
#1264=ORIENTED_EDGE('',*,*,#1797,.F.);
#1265=ORIENTED_EDGE('',*,*,#1800,.F.);
#1266=ORIENTED_EDGE('',*,*,#1803,.F.);
#1267=ORIENTED_EDGE('',*,*,#2115,.F.);
#1268=ORIENTED_EDGE('',*,*,#1762,.F.);
#1269=ORIENTED_EDGE('',*,*,#1766,.T.);
#1270=ORIENTED_EDGE('',*,*,#1769,.F.);
#1271=ORIENTED_EDGE('',*,*,#1772,.T.);
#1272=ORIENTED_EDGE('',*,*,#1775,.F.);
#1273=ORIENTED_EDGE('',*,*,#1778,.F.);
#1274=ORIENTED_EDGE('',*,*,#1781,.F.);
#1275=ORIENTED_EDGE('',*,*,#2113,.F.);
#1276=ORIENTED_EDGE('',*,*,#2144,.F.);
#1277=ORIENTED_EDGE('',*,*,#2145,.F.);
#1278=ORIENTED_EDGE('',*,*,#2146,.F.);
#1279=ORIENTED_EDGE('',*,*,#2147,.F.);
#1280=ORIENTED_EDGE('',*,*,#2148,.F.);
#1281=ORIENTED_EDGE('',*,*,#2149,.F.);
#1282=ORIENTED_EDGE('',*,*,#2150,.T.);
#1283=ORIENTED_EDGE('',*,*,#2151,.T.);
#1284=ORIENTED_EDGE('',*,*,#2152,.F.);
#1285=ORIENTED_EDGE('',*,*,#2153,.F.);
#1286=ORIENTED_EDGE('',*,*,#2154,.F.);
#1287=ORIENTED_EDGE('',*,*,#2155,.F.);
#1288=ORIENTED_EDGE('',*,*,#2156,.T.);
#1289=ORIENTED_EDGE('',*,*,#2157,.T.);
#1290=ORIENTED_EDGE('',*,*,#2158,.T.);
#1291=ORIENTED_EDGE('',*,*,#2159,.T.);
#1292=ORIENTED_EDGE('',*,*,#2090,.T.);
#1293=ORIENTED_EDGE('',*,*,#2142,.T.);
#1294=ORIENTED_EDGE('',*,*,#2109,.T.);
#1295=ORIENTED_EDGE('',*,*,#2106,.T.);
#1296=ORIENTED_EDGE('',*,*,#2103,.T.);
#1297=ORIENTED_EDGE('',*,*,#2100,.F.);
#1298=ORIENTED_EDGE('',*,*,#2097,.T.);
#1299=ORIENTED_EDGE('',*,*,#2094,.F.);
#1300=ORIENTED_EDGE('',*,*,#2068,.T.);
#1301=ORIENTED_EDGE('',*,*,#2140,.T.);
#1302=ORIENTED_EDGE('',*,*,#2087,.T.);
#1303=ORIENTED_EDGE('',*,*,#2084,.T.);
#1304=ORIENTED_EDGE('',*,*,#2081,.T.);
#1305=ORIENTED_EDGE('',*,*,#2078,.F.);
#1306=ORIENTED_EDGE('',*,*,#2075,.T.);
#1307=ORIENTED_EDGE('',*,*,#2072,.F.);
#1308=ORIENTED_EDGE('',*,*,#2046,.T.);
#1309=ORIENTED_EDGE('',*,*,#2138,.T.);
#1310=ORIENTED_EDGE('',*,*,#2065,.T.);
#1311=ORIENTED_EDGE('',*,*,#2062,.T.);
#1312=ORIENTED_EDGE('',*,*,#2059,.T.);
#1313=ORIENTED_EDGE('',*,*,#2056,.F.);
#1314=ORIENTED_EDGE('',*,*,#2053,.T.);
#1315=ORIENTED_EDGE('',*,*,#2050,.F.);
#1316=ORIENTED_EDGE('',*,*,#2024,.T.);
#1317=ORIENTED_EDGE('',*,*,#2136,.T.);
#1318=ORIENTED_EDGE('',*,*,#2043,.T.);
#1319=ORIENTED_EDGE('',*,*,#2040,.T.);
#1320=ORIENTED_EDGE('',*,*,#2037,.T.);
#1321=ORIENTED_EDGE('',*,*,#2034,.F.);
#1322=ORIENTED_EDGE('',*,*,#2031,.T.);
#1323=ORIENTED_EDGE('',*,*,#2028,.F.);
#1324=ORIENTED_EDGE('',*,*,#2002,.T.);
#1325=ORIENTED_EDGE('',*,*,#2134,.T.);
#1326=ORIENTED_EDGE('',*,*,#2021,.T.);
#1327=ORIENTED_EDGE('',*,*,#2018,.T.);
#1328=ORIENTED_EDGE('',*,*,#2015,.T.);
#1329=ORIENTED_EDGE('',*,*,#2012,.F.);
#1330=ORIENTED_EDGE('',*,*,#2009,.T.);
#1331=ORIENTED_EDGE('',*,*,#2006,.F.);
#1332=ORIENTED_EDGE('',*,*,#1980,.T.);
#1333=ORIENTED_EDGE('',*,*,#2132,.T.);
#1334=ORIENTED_EDGE('',*,*,#1999,.T.);
#1335=ORIENTED_EDGE('',*,*,#1996,.T.);
#1336=ORIENTED_EDGE('',*,*,#1993,.T.);
#1337=ORIENTED_EDGE('',*,*,#1990,.F.);
#1338=ORIENTED_EDGE('',*,*,#1987,.T.);
#1339=ORIENTED_EDGE('',*,*,#1984,.F.);
#1340=ORIENTED_EDGE('',*,*,#1958,.T.);
#1341=ORIENTED_EDGE('',*,*,#2130,.T.);
#1342=ORIENTED_EDGE('',*,*,#1977,.T.);
#1343=ORIENTED_EDGE('',*,*,#1974,.T.);
#1344=ORIENTED_EDGE('',*,*,#1971,.T.);
#1345=ORIENTED_EDGE('',*,*,#1968,.F.);
#1346=ORIENTED_EDGE('',*,*,#1965,.T.);
#1347=ORIENTED_EDGE('',*,*,#1962,.F.);
#1348=ORIENTED_EDGE('',*,*,#1936,.T.);
#1349=ORIENTED_EDGE('',*,*,#2128,.T.);
#1350=ORIENTED_EDGE('',*,*,#1955,.T.);
#1351=ORIENTED_EDGE('',*,*,#1952,.T.);
#1352=ORIENTED_EDGE('',*,*,#1949,.T.);
#1353=ORIENTED_EDGE('',*,*,#1946,.F.);
#1354=ORIENTED_EDGE('',*,*,#1943,.T.);
#1355=ORIENTED_EDGE('',*,*,#1940,.F.);
#1356=ORIENTED_EDGE('',*,*,#1914,.T.);
#1357=ORIENTED_EDGE('',*,*,#2126,.T.);
#1358=ORIENTED_EDGE('',*,*,#1933,.T.);
#1359=ORIENTED_EDGE('',*,*,#1930,.T.);
#1360=ORIENTED_EDGE('',*,*,#1927,.T.);
#1361=ORIENTED_EDGE('',*,*,#1924,.F.);
#1362=ORIENTED_EDGE('',*,*,#1921,.T.);
#1363=ORIENTED_EDGE('',*,*,#1918,.F.);
#1364=ORIENTED_EDGE('',*,*,#1892,.T.);
#1365=ORIENTED_EDGE('',*,*,#2124,.T.);
#1366=ORIENTED_EDGE('',*,*,#1911,.T.);
#1367=ORIENTED_EDGE('',*,*,#1908,.T.);
#1368=ORIENTED_EDGE('',*,*,#1905,.T.);
#1369=ORIENTED_EDGE('',*,*,#1902,.F.);
#1370=ORIENTED_EDGE('',*,*,#1899,.T.);
#1371=ORIENTED_EDGE('',*,*,#1896,.F.);
#1372=ORIENTED_EDGE('',*,*,#1870,.T.);
#1373=ORIENTED_EDGE('',*,*,#2122,.T.);
#1374=ORIENTED_EDGE('',*,*,#1889,.T.);
#1375=ORIENTED_EDGE('',*,*,#1886,.T.);
#1376=ORIENTED_EDGE('',*,*,#1883,.T.);
#1377=ORIENTED_EDGE('',*,*,#1880,.F.);
#1378=ORIENTED_EDGE('',*,*,#1877,.T.);
#1379=ORIENTED_EDGE('',*,*,#1874,.F.);
#1380=ORIENTED_EDGE('',*,*,#1848,.T.);
#1381=ORIENTED_EDGE('',*,*,#2120,.T.);
#1382=ORIENTED_EDGE('',*,*,#1867,.T.);
#1383=ORIENTED_EDGE('',*,*,#1864,.T.);
#1384=ORIENTED_EDGE('',*,*,#1861,.T.);
#1385=ORIENTED_EDGE('',*,*,#1858,.F.);
#1386=ORIENTED_EDGE('',*,*,#1855,.T.);
#1387=ORIENTED_EDGE('',*,*,#1852,.F.);
#1388=ORIENTED_EDGE('',*,*,#1826,.T.);
#1389=ORIENTED_EDGE('',*,*,#2118,.T.);
#1390=ORIENTED_EDGE('',*,*,#1845,.T.);
#1391=ORIENTED_EDGE('',*,*,#1842,.T.);
#1392=ORIENTED_EDGE('',*,*,#1839,.T.);
#1393=ORIENTED_EDGE('',*,*,#1836,.F.);
#1394=ORIENTED_EDGE('',*,*,#1833,.T.);
#1395=ORIENTED_EDGE('',*,*,#1830,.F.);
#1396=ORIENTED_EDGE('',*,*,#1804,.T.);
#1397=ORIENTED_EDGE('',*,*,#2116,.T.);
#1398=ORIENTED_EDGE('',*,*,#1823,.T.);
#1399=ORIENTED_EDGE('',*,*,#1820,.T.);
#1400=ORIENTED_EDGE('',*,*,#1817,.T.);
#1401=ORIENTED_EDGE('',*,*,#1814,.F.);
#1402=ORIENTED_EDGE('',*,*,#1811,.T.);
#1403=ORIENTED_EDGE('',*,*,#1808,.F.);
#1404=ORIENTED_EDGE('',*,*,#1782,.T.);
#1405=ORIENTED_EDGE('',*,*,#2114,.T.);
#1406=ORIENTED_EDGE('',*,*,#1801,.T.);
#1407=ORIENTED_EDGE('',*,*,#1798,.T.);
#1408=ORIENTED_EDGE('',*,*,#1795,.T.);
#1409=ORIENTED_EDGE('',*,*,#1792,.F.);
#1410=ORIENTED_EDGE('',*,*,#1789,.T.);
#1411=ORIENTED_EDGE('',*,*,#1786,.F.);
#1412=ORIENTED_EDGE('',*,*,#1760,.T.);
#1413=ORIENTED_EDGE('',*,*,#2112,.T.);
#1414=ORIENTED_EDGE('',*,*,#1779,.T.);
#1415=ORIENTED_EDGE('',*,*,#1776,.T.);
#1416=ORIENTED_EDGE('',*,*,#1773,.T.);
#1417=ORIENTED_EDGE('',*,*,#1770,.F.);
#1418=ORIENTED_EDGE('',*,*,#1767,.T.);
#1419=ORIENTED_EDGE('',*,*,#1764,.F.);
#1420=ORIENTED_EDGE('',*,*,#2160,.T.);
#1421=ORIENTED_EDGE('',*,*,#2161,.T.);
#1422=ORIENTED_EDGE('',*,*,#2162,.T.);
#1423=ORIENTED_EDGE('',*,*,#2163,.T.);
#1424=ORIENTED_EDGE('',*,*,#2164,.F.);
#1425=ORIENTED_EDGE('',*,*,#2165,.F.);
#1426=ORIENTED_EDGE('',*,*,#2166,.F.);
#1427=ORIENTED_EDGE('',*,*,#2167,.F.);
#1428=ORIENTED_EDGE('',*,*,#2168,.F.);
#1429=ORIENTED_EDGE('',*,*,#2169,.F.);
#1430=ORIENTED_EDGE('',*,*,#2170,.T.);
#1431=ORIENTED_EDGE('',*,*,#2171,.F.);
#1432=ORIENTED_EDGE('',*,*,#2172,.T.);
#1433=ORIENTED_EDGE('',*,*,#2173,.T.);
#1434=ORIENTED_EDGE('',*,*,#2174,.T.);
#1435=ORIENTED_EDGE('',*,*,#2175,.T.);
#1436=ORIENTED_EDGE('',*,*,#2152,.T.);
#1437=ORIENTED_EDGE('',*,*,#2176,.F.);
#1438=ORIENTED_EDGE('',*,*,#2161,.F.);
#1439=ORIENTED_EDGE('',*,*,#2177,.T.);
#1440=ORIENTED_EDGE('',*,*,#2155,.T.);
#1441=ORIENTED_EDGE('',*,*,#2178,.F.);
#1442=ORIENTED_EDGE('',*,*,#2162,.F.);
#1443=ORIENTED_EDGE('',*,*,#2176,.T.);
#1444=ORIENTED_EDGE('',*,*,#2154,.T.);
#1445=ORIENTED_EDGE('',*,*,#2179,.F.);
#1446=ORIENTED_EDGE('',*,*,#2163,.F.);
#1447=ORIENTED_EDGE('',*,*,#2178,.T.);
#1448=ORIENTED_EDGE('',*,*,#2153,.T.);
#1449=ORIENTED_EDGE('',*,*,#2177,.F.);
#1450=ORIENTED_EDGE('',*,*,#2160,.F.);
#1451=ORIENTED_EDGE('',*,*,#2179,.T.);
#1452=ORIENTED_EDGE('',*,*,#2171,.T.);
#1453=ORIENTED_EDGE('',*,*,#2180,.T.);
#1454=ORIENTED_EDGE('',*,*,#2151,.F.);
#1455=ORIENTED_EDGE('',*,*,#2181,.F.);
#1456=ORIENTED_EDGE('',*,*,#2164,.T.);
#1457=ORIENTED_EDGE('',*,*,#2181,.T.);
#1458=ORIENTED_EDGE('',*,*,#2150,.F.);
#1459=ORIENTED_EDGE('',*,*,#2182,.F.);
#1460=ORIENTED_EDGE('',*,*,#2170,.F.);
#1461=ORIENTED_EDGE('',*,*,#2183,.T.);
#1462=ORIENTED_EDGE('',*,*,#2144,.T.);
#1463=ORIENTED_EDGE('',*,*,#2180,.F.);
#1464=ORIENTED_EDGE('',*,*,#2172,.F.);
#1465=ORIENTED_EDGE('',*,*,#2159,.F.);
#1466=ORIENTED_EDGE('',*,*,#2173,.F.);
#1467=ORIENTED_EDGE('',*,*,#2158,.F.);
#1468=ORIENTED_EDGE('',*,*,#2174,.F.);
#1469=ORIENTED_EDGE('',*,*,#2157,.F.);
#1470=ORIENTED_EDGE('',*,*,#2175,.F.);
#1471=ORIENTED_EDGE('',*,*,#2156,.F.);
#1472=ORIENTED_EDGE('',*,*,#2184,.F.);
#1473=ORIENTED_EDGE('',*,*,#2166,.T.);
#1474=ORIENTED_EDGE('',*,*,#2185,.T.);
#1475=ORIENTED_EDGE('',*,*,#2148,.T.);
#1476=ORIENTED_EDGE('',*,*,#2186,.F.);
#1477=ORIENTED_EDGE('',*,*,#2168,.T.);
#1478=ORIENTED_EDGE('',*,*,#2187,.T.);
#1479=ORIENTED_EDGE('',*,*,#2146,.T.);
#1480=ORIENTED_EDGE('',*,*,#2187,.F.);
#1481=ORIENTED_EDGE('',*,*,#2167,.T.);
#1482=ORIENTED_EDGE('',*,*,#2184,.T.);
#1483=ORIENTED_EDGE('',*,*,#2147,.T.);
#1484=ORIENTED_EDGE('',*,*,#2183,.F.);
#1485=ORIENTED_EDGE('',*,*,#2169,.T.);
#1486=ORIENTED_EDGE('',*,*,#2186,.T.);
#1487=ORIENTED_EDGE('',*,*,#2145,.T.);
#1488=ORIENTED_EDGE('',*,*,#2185,.F.);
#1489=ORIENTED_EDGE('',*,*,#2165,.T.);
#1490=ORIENTED_EDGE('',*,*,#2182,.T.);
#1491=ORIENTED_EDGE('',*,*,#2149,.T.);
#1492=ORIENTED_EDGE('',*,*,#2188,.F.);
#1493=ORIENTED_EDGE('',*,*,#2189,.T.);
#1494=ORIENTED_EDGE('',*,*,#2190,.T.);
#1495=ORIENTED_EDGE('',*,*,#2191,.F.);
#1496=ORIENTED_EDGE('',*,*,#2192,.F.);
#1497=ORIENTED_EDGE('',*,*,#2193,.F.);
#1498=ORIENTED_EDGE('',*,*,#2194,.T.);
#1499=ORIENTED_EDGE('',*,*,#2195,.T.);
#1500=ORIENTED_EDGE('',*,*,#2196,.T.);
#1501=ORIENTED_EDGE('',*,*,#2197,.T.);
#1502=ORIENTED_EDGE('',*,*,#2198,.F.);
#1503=ORIENTED_EDGE('',*,*,#2199,.T.);
#1504=ORIENTED_EDGE('',*,*,#2200,.T.);
#1505=ORIENTED_EDGE('',*,*,#2201,.T.);
#1506=ORIENTED_EDGE('',*,*,#2202,.T.);
#1507=ORIENTED_EDGE('',*,*,#2203,.F.);
#1508=ORIENTED_EDGE('',*,*,#2204,.F.);
#1509=ORIENTED_EDGE('',*,*,#2205,.F.);
#1510=ORIENTED_EDGE('',*,*,#2206,.T.);
#1511=ORIENTED_EDGE('',*,*,#2207,.F.);
#1512=ORIENTED_EDGE('',*,*,#2196,.F.);
#1513=ORIENTED_EDGE('',*,*,#2195,.F.);
#1514=ORIENTED_EDGE('',*,*,#2194,.F.);
#1515=ORIENTED_EDGE('',*,*,#2208,.T.);
#1516=ORIENTED_EDGE('',*,*,#2202,.F.);
#1517=ORIENTED_EDGE('',*,*,#2209,.T.);
#1518=ORIENTED_EDGE('',*,*,#2191,.T.);
#1519=ORIENTED_EDGE('',*,*,#2210,.F.);
#1520=ORIENTED_EDGE('',*,*,#2211,.F.);
#1521=ORIENTED_EDGE('',*,*,#2212,.F.);
#1522=ORIENTED_EDGE('',*,*,#2199,.F.);
#1523=ORIENTED_EDGE('',*,*,#2213,.F.);
#1524=ORIENTED_EDGE('',*,*,#2214,.F.);
#1525=ORIENTED_EDGE('',*,*,#2215,.T.);
#1526=ORIENTED_EDGE('',*,*,#2216,.T.);
#1527=ORIENTED_EDGE('',*,*,#2217,.T.);
#1528=ORIENTED_EDGE('',*,*,#2218,.T.);
#1529=ORIENTED_EDGE('',*,*,#2205,.T.);
#1530=ORIENTED_EDGE('',*,*,#2218,.F.);
#1531=ORIENTED_EDGE('',*,*,#2219,.F.);
#1532=ORIENTED_EDGE('',*,*,#2217,.F.);
#1533=ORIENTED_EDGE('',*,*,#2220,.T.);
#1534=ORIENTED_EDGE('',*,*,#2221,.T.);
#1535=ORIENTED_EDGE('',*,*,#2206,.F.);
#1536=ORIENTED_EDGE('',*,*,#2222,.T.);
#1537=ORIENTED_EDGE('',*,*,#2197,.F.);
#1538=ORIENTED_EDGE('',*,*,#2207,.T.);
#1539=ORIENTED_EDGE('',*,*,#2221,.F.);
#1540=ORIENTED_EDGE('',*,*,#2223,.T.);
#1541=ORIENTED_EDGE('',*,*,#2208,.F.);
#1542=ORIENTED_EDGE('',*,*,#2193,.T.);
#1543=ORIENTED_EDGE('',*,*,#2224,.F.);
#1544=ORIENTED_EDGE('',*,*,#2214,.T.);
#1545=ORIENTED_EDGE('',*,*,#2225,.F.);
#1546=ORIENTED_EDGE('',*,*,#2213,.T.);
#1547=ORIENTED_EDGE('',*,*,#2198,.T.);
#1548=ORIENTED_EDGE('',*,*,#2223,.F.);
#1549=ORIENTED_EDGE('',*,*,#2226,.F.);
#1550=ORIENTED_EDGE('',*,*,#2227,.F.);
#1551=ORIENTED_EDGE('',*,*,#2228,.T.);
#1552=ORIENTED_EDGE('',*,*,#2229,.F.);
#1553=ORIENTED_EDGE('',*,*,#2203,.T.);
#1554=ORIENTED_EDGE('',*,*,#2210,.T.);
#1555=ORIENTED_EDGE('',*,*,#2190,.F.);
#1556=ORIENTED_EDGE('',*,*,#2229,.T.);
#1557=ORIENTED_EDGE('',*,*,#2230,.F.);
#1558=ORIENTED_EDGE('',*,*,#2215,.F.);
#1559=ORIENTED_EDGE('',*,*,#2204,.T.);
#1560=ORIENTED_EDGE('',*,*,#2231,.T.);
#1561=ORIENTED_EDGE('',*,*,#2188,.T.);
#1562=ORIENTED_EDGE('',*,*,#2209,.F.);
#1563=ORIENTED_EDGE('',*,*,#2201,.F.);
#1564=ORIENTED_EDGE('',*,*,#2232,.T.);
#1565=ORIENTED_EDGE('',*,*,#2233,.F.);
#1566=ORIENTED_EDGE('',*,*,#2232,.F.);
#1567=ORIENTED_EDGE('',*,*,#2200,.F.);
#1568=ORIENTED_EDGE('',*,*,#2212,.T.);
#1569=ORIENTED_EDGE('',*,*,#2234,.T.);
#1570=ORIENTED_EDGE('',*,*,#2227,.T.);
#1571=ORIENTED_EDGE('',*,*,#2189,.F.);
#1572=ORIENTED_EDGE('',*,*,#2231,.F.);
#1573=ORIENTED_EDGE('',*,*,#2235,.T.);
#1574=ORIENTED_EDGE('',*,*,#2220,.F.);
#1575=ORIENTED_EDGE('',*,*,#2216,.F.);
#1576=ORIENTED_EDGE('',*,*,#2230,.T.);
#1577=ORIENTED_EDGE('',*,*,#2228,.F.);
#1578=ORIENTED_EDGE('',*,*,#2235,.F.);
#1579=ORIENTED_EDGE('',*,*,#2233,.T.);
#1580=ORIENTED_EDGE('',*,*,#2234,.F.);
#1581=ORIENTED_EDGE('',*,*,#2211,.T.);
#1582=ORIENTED_EDGE('',*,*,#2226,.T.);
#1583=ORIENTED_EDGE('',*,*,#2224,.T.);
#1584=ORIENTED_EDGE('',*,*,#2192,.T.);
#1585=ORIENTED_EDGE('',*,*,#2222,.F.);
#1586=ORIENTED_EDGE('',*,*,#2225,.T.);
#1587=ORIENTED_EDGE('',*,*,#2219,.T.);
#1588=EDGE_CURVE('',#2236,#2237,#2678,.T.);
#1589=EDGE_CURVE('',#2238,#2236,#112,.T.);
#1590=EDGE_CURVE('',#2239,#2238,#2679,.T.);
#1591=EDGE_CURVE('',#2240,#2239,#113,.T.);
#1592=EDGE_CURVE('',#2241,#2240,#2680,.T.);
#1593=EDGE_CURVE('',#2242,#2241,#114,.T.);
#1594=EDGE_CURVE('',#2243,#2242,#2681,.T.);
#1595=EDGE_CURVE('',#2237,#2243,#115,.T.);
#1596=EDGE_CURVE('',#2244,#2245,#2682,.T.);
#1597=EDGE_CURVE('',#2244,#2246,#2683,.T.);
#1598=EDGE_CURVE('',#2246,#2247,#2684,.T.);
#1599=EDGE_CURVE('',#2247,#2248,#2685,.T.);
#1600=EDGE_CURVE('',#2248,#2249,#2686,.T.);
#1601=EDGE_CURVE('',#2250,#2249,#2687,.T.);
#1602=EDGE_CURVE('',#2251,#2250,#2688,.T.);
#1603=EDGE_CURVE('',#2251,#2252,#2689,.F.);
#1604=EDGE_CURVE('',#2252,#2253,#2690,.T.);
#1605=EDGE_CURVE('',#2253,#2254,#2691,.T.);
#1606=EDGE_CURVE('',#2255,#2254,#2692,.T.);
#1607=EDGE_CURVE('',#2256,#2255,#2693,.T.);
#1608=EDGE_CURVE('',#2256,#2257,#2694,.T.);
#1609=EDGE_CURVE('',#2257,#2258,#2695,.T.);
#1610=EDGE_CURVE('',#2259,#2258,#2696,.T.);
#1611=EDGE_CURVE('',#2259,#2245,#2697,.T.);
#1612=EDGE_CURVE('',#2260,#2261,#2698,.T.);
#1613=EDGE_CURVE('',#2260,#2262,#2699,.T.);
#1614=EDGE_CURVE('',#2262,#2263,#2700,.T.);
#1615=EDGE_CURVE('',#2263,#2247,#2701,.T.);
#1616=EDGE_CURVE('',#2246,#2264,#2702,.T.);
#1617=EDGE_CURVE('',#2265,#2264,#2703,.T.);
#1618=EDGE_CURVE('',#2261,#2265,#2704,.T.);
#1619=EDGE_CURVE('',#2262,#2266,#2705,.T.);
#1620=EDGE_CURVE('',#2266,#2267,#2706,.T.);
#1621=EDGE_CURVE('',#2267,#2263,#2707,.T.);
#1622=EDGE_CURVE('',#2266,#2244,#2708,.T.);
#1623=EDGE_CURVE('',#2245,#2267,#2709,.T.);
#1624=EDGE_CURVE('',#2259,#2268,#2710,.T.);
#1625=EDGE_CURVE('',#2269,#2258,#2711,.T.);
#1626=EDGE_CURVE('',#2269,#2268,#2712,.T.);
#1627=EDGE_CURVE('',#2248,#2270,#2713,.T.);
#1628=EDGE_CURVE('',#2271,#2270,#2714,.T.);
#1629=EDGE_CURVE('',#2271,#2249,#2715,.T.);
#1630=EDGE_CURVE('',#2272,#2270,#2716,.T.);
#1631=EDGE_CURVE('',#2273,#2272,#2717,.T.);
#1632=EDGE_CURVE('',#2274,#2273,#2718,.T.);
#1633=EDGE_CURVE('',#2274,#2275,#2719,.T.);
#1634=EDGE_CURVE('',#2268,#2275,#2720,.T.);
#1635=EDGE_CURVE('',#2276,#2269,#2721,.T.);
#1636=EDGE_CURVE('',#2276,#2277,#2722,.F.);
#1637=EDGE_CURVE('',#2277,#2278,#2723,.T.);
#1638=EDGE_CURVE('',#2279,#2278,#2724,.T.);
#1639=EDGE_CURVE('',#2280,#2279,#2725,.T.);
#1640=EDGE_CURVE('',#2281,#2280,#116,.T.);
#1641=EDGE_CURVE('',#2282,#2281,#2726,.T.);
#1642=EDGE_CURVE('',#2283,#2282,#117,.T.);
#1643=EDGE_CURVE('',#2284,#2283,#2727,.T.);
#1644=EDGE_CURVE('',#2285,#2284,#118,.T.);
#1645=EDGE_CURVE('',#2286,#2285,#2728,.T.);
#1646=EDGE_CURVE('',#2287,#2286,#119,.T.);
#1647=EDGE_CURVE('',#2288,#2287,#2729,.T.);
#1648=EDGE_CURVE('',#2288,#2289,#2730,.T.);
#1649=EDGE_CURVE('',#2290,#2289,#2731,.T.);
#1650=EDGE_CURVE('',#2291,#2290,#2732,.T.);
#1651=EDGE_CURVE('',#2291,#2271,#2733,.F.);
#1652=EDGE_CURVE('',#2292,#2292,#120,.T.);
#1653=EDGE_CURVE('',#2293,#2293,#121,.T.);
#1654=EDGE_CURVE('',#2294,#2294,#122,.T.);
#1655=EDGE_CURVE('',#2295,#2295,#123,.T.);
#1656=EDGE_CURVE('',#2296,#2296,#124,.T.);
#1657=EDGE_CURVE('',#2297,#2297,#125,.T.);
#1658=EDGE_CURVE('',#2298,#2298,#126,.T.);
#1659=EDGE_CURVE('',#2299,#2299,#127,.T.);
#1660=EDGE_CURVE('',#2300,#2301,#2734,.T.);
#1661=EDGE_CURVE('',#2302,#2300,#2735,.T.);
#1662=EDGE_CURVE('',#2303,#2302,#2736,.T.);
#1663=EDGE_CURVE('',#2303,#2301,#2737,.T.);
#1664=EDGE_CURVE('',#2301,#2272,#2738,.T.);
#1665=EDGE_CURVE('',#2273,#2303,#2739,.T.);
#1666=EDGE_CURVE('',#2275,#2300,#2740,.T.);
#1667=EDGE_CURVE('',#2302,#2274,#2741,.T.);
#1668=EDGE_CURVE('',#2255,#2304,#2742,.T.);
#1669=EDGE_CURVE('',#2279,#2254,#2743,.T.);
#1670=EDGE_CURVE('',#2304,#2278,#2744,.T.);
#1671=EDGE_CURVE('',#2252,#2305,#2745,.T.);
#1672=EDGE_CURVE('',#2305,#2289,#2746,.T.);
#1673=EDGE_CURVE('',#2288,#2253,#2747,.T.);
#1674=EDGE_CURVE('',#2306,#2307,#2748,.T.);
#1675=EDGE_CURVE('',#2236,#2307,#2749,.T.);
#1676=EDGE_CURVE('',#2237,#2306,#2750,.T.);
#1677=EDGE_CURVE('',#2307,#2308,#128,.T.);
#1678=EDGE_CURVE('',#2238,#2308,#2751,.T.);
#1679=EDGE_CURVE('',#2308,#2309,#2752,.T.);
#1680=EDGE_CURVE('',#2239,#2309,#2753,.T.);
#1681=EDGE_CURVE('',#2309,#2310,#129,.T.);
#1682=EDGE_CURVE('',#2240,#2310,#2754,.T.);
#1683=EDGE_CURVE('',#2310,#2311,#2755,.T.);
#1684=EDGE_CURVE('',#2241,#2311,#2756,.T.);
#1685=EDGE_CURVE('',#2311,#2312,#130,.T.);
#1686=EDGE_CURVE('',#2242,#2312,#2757,.T.);
#1687=EDGE_CURVE('',#2312,#2313,#2758,.T.);
#1688=EDGE_CURVE('',#2243,#2313,#2759,.T.);
#1689=EDGE_CURVE('',#2313,#2306,#131,.T.);
#1690=EDGE_CURVE('',#2314,#2314,#132,.T.);
#1691=EDGE_CURVE('',#2315,#2315,#133,.T.);
#1692=EDGE_CURVE('',#2316,#2316,#134,.T.);
#1693=EDGE_CURVE('',#2317,#2317,#135,.T.);
#1694=EDGE_CURVE('',#2318,#2318,#136,.T.);
#1695=EDGE_CURVE('',#2319,#2319,#137,.T.);
#1696=EDGE_CURVE('',#2320,#2320,#138,.T.);
#1697=EDGE_CURVE('',#2321,#2321,#139,.T.);
#1698=EDGE_CURVE('',#2322,#2286,#2760,.T.);
#1699=EDGE_CURVE('',#2323,#2322,#140,.T.);
#1700=EDGE_CURVE('',#2323,#2287,#2761,.T.);
#1701=EDGE_CURVE('',#2324,#2285,#2762,.T.);
#1702=EDGE_CURVE('',#2322,#2324,#2763,.T.);
#1703=EDGE_CURVE('',#2325,#2284,#2764,.T.);
#1704=EDGE_CURVE('',#2324,#2325,#141,.T.);
#1705=EDGE_CURVE('',#2326,#2283,#2765,.T.);
#1706=EDGE_CURVE('',#2325,#2326,#2766,.T.);
#1707=EDGE_CURVE('',#2327,#2282,#2767,.T.);
#1708=EDGE_CURVE('',#2326,#2327,#142,.T.);
#1709=EDGE_CURVE('',#2328,#2281,#2768,.T.);
#1710=EDGE_CURVE('',#2327,#2328,#2769,.T.);
#1711=EDGE_CURVE('',#2329,#2280,#2770,.T.);
#1712=EDGE_CURVE('',#2328,#2329,#143,.T.);
#1713=EDGE_CURVE('',#2329,#2323,#2771,.T.);
#1714=EDGE_CURVE('',#2305,#2305,#144,.T.);
#1715=EDGE_CURVE('',#2251,#2290,#2772,.T.);
#1716=EDGE_CURVE('',#2291,#2250,#2773,.T.);
#1717=EDGE_CURVE('',#2304,#2304,#145,.T.);
#1718=EDGE_CURVE('',#2256,#2277,#2774,.T.);
#1719=EDGE_CURVE('',#2276,#2257,#2775,.T.);
#1720=EDGE_CURVE('',#2330,#2330,#146,.F.);
#1721=EDGE_CURVE('',#2331,#2331,#147,.F.);
#1722=EDGE_CURVE('',#2332,#2332,#148,.F.);
#1723=EDGE_CURVE('',#2333,#2333,#149,.F.);
#1724=EDGE_CURVE('',#2260,#2334,#2776,.T.);
#1725=EDGE_CURVE('',#2334,#2335,#2777,.T.);
#1726=EDGE_CURVE('',#2336,#2335,#2778,.T.);
#1727=EDGE_CURVE('',#2337,#2336,#2779,.T.);
#1728=EDGE_CURVE('',#2337,#2338,#2780,.T.);
#1729=EDGE_CURVE('',#2339,#2338,#2781,.T.);
#1730=EDGE_CURVE('',#2340,#2339,#2782,.T.);
#1731=EDGE_CURVE('',#2341,#2340,#2783,.T.);
#1732=EDGE_CURVE('',#2342,#2341,#2784,.T.);
#1733=EDGE_CURVE('',#2343,#2342,#2785,.T.);
#1734=EDGE_CURVE('',#2343,#2264,#2786,.T.);
#1735=EDGE_CURVE('',#2261,#2344,#2787,.T.);
#1736=EDGE_CURVE('',#2344,#2334,#2788,.T.);
#1737=EDGE_CURVE('',#2345,#2265,#2789,.T.);
#1738=EDGE_CURVE('',#2345,#2343,#2790,.T.);
#1739=EDGE_CURVE('',#2346,#2342,#2791,.T.);
#1740=EDGE_CURVE('',#2345,#2346,#2792,.T.);
#1741=EDGE_CURVE('',#2347,#2341,#2793,.T.);
#1742=EDGE_CURVE('',#2346,#2347,#2794,.T.);
#1743=EDGE_CURVE('',#2348,#2340,#2795,.T.);
#1744=EDGE_CURVE('',#2347,#2348,#2796,.T.);
#1745=EDGE_CURVE('',#2349,#2339,#2797,.T.);
#1746=EDGE_CURVE('',#2348,#2349,#2798,.T.);
#1747=EDGE_CURVE('',#2350,#2338,#2799,.T.);
#1748=EDGE_CURVE('',#2349,#2350,#2800,.T.);
#1749=EDGE_CURVE('',#2351,#2337,#2801,.T.);
#1750=EDGE_CURVE('',#2351,#2350,#2802,.T.);
#1751=EDGE_CURVE('',#2352,#2336,#2803,.T.);
#1752=EDGE_CURVE('',#2351,#2352,#2804,.T.);
#1753=EDGE_CURVE('',#2353,#2335,#2805,.T.);
#1754=EDGE_CURVE('',#2352,#2353,#2806,.T.);
#1755=EDGE_CURVE('',#2344,#2353,#2807,.T.);
#1756=EDGE_CURVE('',#2354,#2354,#150,.T.);
#1757=EDGE_CURVE('',#2355,#2355,#151,.T.);
#1758=EDGE_CURVE('',#2356,#2356,#152,.T.);
#1759=EDGE_CURVE('',#2357,#2357,#153,.T.);
#1760=EDGE_CURVE('',#2358,#2359,#154,.T.);
#1761=EDGE_CURVE('',#2360,#2358,#2808,.T.);
#1762=EDGE_CURVE('',#2360,#2361,#155,.T.);
#1763=EDGE_CURVE('',#2361,#2359,#2809,.T.);
#1764=EDGE_CURVE('',#2358,#2362,#2810,.T.);
#1765=EDGE_CURVE('',#2363,#2362,#2811,.T.);
#1766=EDGE_CURVE('',#2360,#2363,#2812,.T.);
#1767=EDGE_CURVE('',#2364,#2362,#156,.T.);
#1768=EDGE_CURVE('',#2365,#2364,#2813,.T.);
#1769=EDGE_CURVE('',#2365,#2363,#157,.T.);
#1770=EDGE_CURVE('',#2364,#2366,#2814,.T.);
#1771=EDGE_CURVE('',#2367,#2366,#2815,.T.);
#1772=EDGE_CURVE('',#2365,#2367,#2816,.T.);
#1773=EDGE_CURVE('',#2368,#2366,#158,.T.);
#1774=EDGE_CURVE('',#2369,#2368,#2817,.T.);
#1775=EDGE_CURVE('',#2369,#2367,#159,.T.);
#1776=EDGE_CURVE('',#2370,#2368,#2818,.T.);
#1777=EDGE_CURVE('',#2371,#2370,#2819,.T.);
#1778=EDGE_CURVE('',#2371,#2369,#2820,.T.);
#1779=EDGE_CURVE('',#2372,#2370,#160,.T.);
#1780=EDGE_CURVE('',#2373,#2372,#2821,.T.);
#1781=EDGE_CURVE('',#2373,#2371,#161,.T.);
#1782=EDGE_CURVE('',#2374,#2375,#162,.T.);
#1783=EDGE_CURVE('',#2376,#2374,#2822,.T.);
#1784=EDGE_CURVE('',#2376,#2377,#163,.T.);
#1785=EDGE_CURVE('',#2377,#2375,#2823,.T.);
#1786=EDGE_CURVE('',#2374,#2378,#2824,.T.);
#1787=EDGE_CURVE('',#2379,#2378,#2825,.T.);
#1788=EDGE_CURVE('',#2376,#2379,#2826,.T.);
#1789=EDGE_CURVE('',#2380,#2378,#164,.T.);
#1790=EDGE_CURVE('',#2381,#2380,#2827,.T.);
#1791=EDGE_CURVE('',#2381,#2379,#165,.T.);
#1792=EDGE_CURVE('',#2380,#2382,#2828,.T.);
#1793=EDGE_CURVE('',#2383,#2382,#2829,.T.);
#1794=EDGE_CURVE('',#2381,#2383,#2830,.T.);
#1795=EDGE_CURVE('',#2384,#2382,#166,.T.);
#1796=EDGE_CURVE('',#2385,#2384,#2831,.T.);
#1797=EDGE_CURVE('',#2385,#2383,#167,.T.);
#1798=EDGE_CURVE('',#2386,#2384,#2832,.T.);
#1799=EDGE_CURVE('',#2387,#2386,#2833,.T.);
#1800=EDGE_CURVE('',#2387,#2385,#2834,.T.);
#1801=EDGE_CURVE('',#2388,#2386,#168,.T.);
#1802=EDGE_CURVE('',#2389,#2388,#2835,.T.);
#1803=EDGE_CURVE('',#2389,#2387,#169,.T.);
#1804=EDGE_CURVE('',#2390,#2391,#170,.T.);
#1805=EDGE_CURVE('',#2392,#2390,#2836,.T.);
#1806=EDGE_CURVE('',#2392,#2393,#171,.T.);
#1807=EDGE_CURVE('',#2393,#2391,#2837,.T.);
#1808=EDGE_CURVE('',#2390,#2394,#2838,.T.);
#1809=EDGE_CURVE('',#2395,#2394,#2839,.T.);
#1810=EDGE_CURVE('',#2392,#2395,#2840,.T.);
#1811=EDGE_CURVE('',#2396,#2394,#172,.T.);
#1812=EDGE_CURVE('',#2397,#2396,#2841,.T.);
#1813=EDGE_CURVE('',#2397,#2395,#173,.T.);
#1814=EDGE_CURVE('',#2396,#2398,#2842,.T.);
#1815=EDGE_CURVE('',#2399,#2398,#2843,.T.);
#1816=EDGE_CURVE('',#2397,#2399,#2844,.T.);
#1817=EDGE_CURVE('',#2400,#2398,#174,.T.);
#1818=EDGE_CURVE('',#2401,#2400,#2845,.T.);
#1819=EDGE_CURVE('',#2401,#2399,#175,.T.);
#1820=EDGE_CURVE('',#2402,#2400,#2846,.T.);
#1821=EDGE_CURVE('',#2403,#2402,#2847,.T.);
#1822=EDGE_CURVE('',#2403,#2401,#2848,.T.);
#1823=EDGE_CURVE('',#2404,#2402,#176,.T.);
#1824=EDGE_CURVE('',#2405,#2404,#2849,.T.);
#1825=EDGE_CURVE('',#2405,#2403,#177,.T.);
#1826=EDGE_CURVE('',#2406,#2407,#178,.T.);
#1827=EDGE_CURVE('',#2408,#2406,#2850,.T.);
#1828=EDGE_CURVE('',#2408,#2409,#179,.T.);
#1829=EDGE_CURVE('',#2409,#2407,#2851,.T.);
#1830=EDGE_CURVE('',#2406,#2410,#2852,.T.);
#1831=EDGE_CURVE('',#2411,#2410,#2853,.T.);
#1832=EDGE_CURVE('',#2408,#2411,#2854,.T.);
#1833=EDGE_CURVE('',#2412,#2410,#180,.T.);
#1834=EDGE_CURVE('',#2413,#2412,#2855,.T.);
#1835=EDGE_CURVE('',#2413,#2411,#181,.T.);
#1836=EDGE_CURVE('',#2412,#2414,#2856,.T.);
#1837=EDGE_CURVE('',#2415,#2414,#2857,.T.);
#1838=EDGE_CURVE('',#2413,#2415,#2858,.T.);
#1839=EDGE_CURVE('',#2416,#2414,#182,.T.);
#1840=EDGE_CURVE('',#2417,#2416,#2859,.T.);
#1841=EDGE_CURVE('',#2417,#2415,#183,.T.);
#1842=EDGE_CURVE('',#2418,#2416,#2860,.T.);
#1843=EDGE_CURVE('',#2419,#2418,#2861,.T.);
#1844=EDGE_CURVE('',#2419,#2417,#2862,.T.);
#1845=EDGE_CURVE('',#2420,#2418,#184,.T.);
#1846=EDGE_CURVE('',#2421,#2420,#2863,.T.);
#1847=EDGE_CURVE('',#2421,#2419,#185,.T.);
#1848=EDGE_CURVE('',#2422,#2423,#186,.T.);
#1849=EDGE_CURVE('',#2424,#2422,#2864,.T.);
#1850=EDGE_CURVE('',#2424,#2425,#187,.T.);
#1851=EDGE_CURVE('',#2425,#2423,#2865,.T.);
#1852=EDGE_CURVE('',#2422,#2426,#2866,.T.);
#1853=EDGE_CURVE('',#2427,#2426,#2867,.T.);
#1854=EDGE_CURVE('',#2424,#2427,#2868,.T.);
#1855=EDGE_CURVE('',#2428,#2426,#188,.T.);
#1856=EDGE_CURVE('',#2429,#2428,#2869,.T.);
#1857=EDGE_CURVE('',#2429,#2427,#189,.T.);
#1858=EDGE_CURVE('',#2428,#2430,#2870,.T.);
#1859=EDGE_CURVE('',#2431,#2430,#2871,.T.);
#1860=EDGE_CURVE('',#2429,#2431,#2872,.T.);
#1861=EDGE_CURVE('',#2432,#2430,#190,.T.);
#1862=EDGE_CURVE('',#2433,#2432,#2873,.T.);
#1863=EDGE_CURVE('',#2433,#2431,#191,.T.);
#1864=EDGE_CURVE('',#2434,#2432,#2874,.T.);
#1865=EDGE_CURVE('',#2435,#2434,#2875,.T.);
#1866=EDGE_CURVE('',#2435,#2433,#2876,.T.);
#1867=EDGE_CURVE('',#2436,#2434,#192,.T.);
#1868=EDGE_CURVE('',#2437,#2436,#2877,.T.);
#1869=EDGE_CURVE('',#2437,#2435,#193,.T.);
#1870=EDGE_CURVE('',#2438,#2439,#194,.T.);
#1871=EDGE_CURVE('',#2440,#2438,#2878,.T.);
#1872=EDGE_CURVE('',#2440,#2441,#195,.T.);
#1873=EDGE_CURVE('',#2441,#2439,#2879,.T.);
#1874=EDGE_CURVE('',#2438,#2442,#2880,.T.);
#1875=EDGE_CURVE('',#2443,#2442,#2881,.T.);
#1876=EDGE_CURVE('',#2440,#2443,#2882,.T.);
#1877=EDGE_CURVE('',#2444,#2442,#196,.T.);
#1878=EDGE_CURVE('',#2445,#2444,#2883,.T.);
#1879=EDGE_CURVE('',#2445,#2443,#197,.T.);
#1880=EDGE_CURVE('',#2444,#2446,#2884,.T.);
#1881=EDGE_CURVE('',#2447,#2446,#2885,.T.);
#1882=EDGE_CURVE('',#2445,#2447,#2886,.T.);
#1883=EDGE_CURVE('',#2448,#2446,#198,.T.);
#1884=EDGE_CURVE('',#2449,#2448,#2887,.T.);
#1885=EDGE_CURVE('',#2449,#2447,#199,.T.);
#1886=EDGE_CURVE('',#2450,#2448,#2888,.T.);
#1887=EDGE_CURVE('',#2451,#2450,#2889,.T.);
#1888=EDGE_CURVE('',#2451,#2449,#2890,.T.);
#1889=EDGE_CURVE('',#2452,#2450,#200,.T.);
#1890=EDGE_CURVE('',#2453,#2452,#2891,.T.);
#1891=EDGE_CURVE('',#2453,#2451,#201,.T.);
#1892=EDGE_CURVE('',#2454,#2455,#202,.T.);
#1893=EDGE_CURVE('',#2456,#2454,#2892,.T.);
#1894=EDGE_CURVE('',#2456,#2457,#203,.T.);
#1895=EDGE_CURVE('',#2457,#2455,#2893,.T.);
#1896=EDGE_CURVE('',#2454,#2458,#2894,.T.);
#1897=EDGE_CURVE('',#2459,#2458,#2895,.T.);
#1898=EDGE_CURVE('',#2456,#2459,#2896,.T.);
#1899=EDGE_CURVE('',#2460,#2458,#204,.T.);
#1900=EDGE_CURVE('',#2461,#2460,#2897,.T.);
#1901=EDGE_CURVE('',#2461,#2459,#205,.T.);
#1902=EDGE_CURVE('',#2460,#2462,#2898,.T.);
#1903=EDGE_CURVE('',#2463,#2462,#2899,.T.);
#1904=EDGE_CURVE('',#2461,#2463,#2900,.T.);
#1905=EDGE_CURVE('',#2464,#2462,#206,.T.);
#1906=EDGE_CURVE('',#2465,#2464,#2901,.T.);
#1907=EDGE_CURVE('',#2465,#2463,#207,.T.);
#1908=EDGE_CURVE('',#2466,#2464,#2902,.T.);
#1909=EDGE_CURVE('',#2467,#2466,#2903,.T.);
#1910=EDGE_CURVE('',#2467,#2465,#2904,.T.);
#1911=EDGE_CURVE('',#2468,#2466,#208,.T.);
#1912=EDGE_CURVE('',#2469,#2468,#2905,.T.);
#1913=EDGE_CURVE('',#2469,#2467,#209,.T.);
#1914=EDGE_CURVE('',#2470,#2471,#210,.T.);
#1915=EDGE_CURVE('',#2472,#2470,#2906,.T.);
#1916=EDGE_CURVE('',#2472,#2473,#211,.T.);
#1917=EDGE_CURVE('',#2473,#2471,#2907,.T.);
#1918=EDGE_CURVE('',#2470,#2474,#2908,.T.);
#1919=EDGE_CURVE('',#2475,#2474,#2909,.T.);
#1920=EDGE_CURVE('',#2472,#2475,#2910,.T.);
#1921=EDGE_CURVE('',#2476,#2474,#212,.T.);
#1922=EDGE_CURVE('',#2477,#2476,#2911,.T.);
#1923=EDGE_CURVE('',#2477,#2475,#213,.T.);
#1924=EDGE_CURVE('',#2476,#2478,#2912,.T.);
#1925=EDGE_CURVE('',#2479,#2478,#2913,.T.);
#1926=EDGE_CURVE('',#2477,#2479,#2914,.T.);
#1927=EDGE_CURVE('',#2480,#2478,#214,.T.);
#1928=EDGE_CURVE('',#2481,#2480,#2915,.T.);
#1929=EDGE_CURVE('',#2481,#2479,#215,.T.);
#1930=EDGE_CURVE('',#2482,#2480,#2916,.T.);
#1931=EDGE_CURVE('',#2483,#2482,#2917,.T.);
#1932=EDGE_CURVE('',#2483,#2481,#2918,.T.);
#1933=EDGE_CURVE('',#2484,#2482,#216,.T.);
#1934=EDGE_CURVE('',#2485,#2484,#2919,.T.);
#1935=EDGE_CURVE('',#2485,#2483,#217,.T.);
#1936=EDGE_CURVE('',#2486,#2487,#218,.T.);
#1937=EDGE_CURVE('',#2488,#2486,#2920,.T.);
#1938=EDGE_CURVE('',#2488,#2489,#219,.T.);
#1939=EDGE_CURVE('',#2489,#2487,#2921,.T.);
#1940=EDGE_CURVE('',#2486,#2490,#2922,.T.);
#1941=EDGE_CURVE('',#2491,#2490,#2923,.T.);
#1942=EDGE_CURVE('',#2488,#2491,#2924,.T.);
#1943=EDGE_CURVE('',#2492,#2490,#220,.T.);
#1944=EDGE_CURVE('',#2493,#2492,#2925,.T.);
#1945=EDGE_CURVE('',#2493,#2491,#221,.T.);
#1946=EDGE_CURVE('',#2492,#2494,#2926,.T.);
#1947=EDGE_CURVE('',#2495,#2494,#2927,.T.);
#1948=EDGE_CURVE('',#2493,#2495,#2928,.T.);
#1949=EDGE_CURVE('',#2496,#2494,#222,.T.);
#1950=EDGE_CURVE('',#2497,#2496,#2929,.T.);
#1951=EDGE_CURVE('',#2497,#2495,#223,.T.);
#1952=EDGE_CURVE('',#2498,#2496,#2930,.T.);
#1953=EDGE_CURVE('',#2499,#2498,#2931,.T.);
#1954=EDGE_CURVE('',#2499,#2497,#2932,.T.);
#1955=EDGE_CURVE('',#2500,#2498,#224,.T.);
#1956=EDGE_CURVE('',#2501,#2500,#2933,.T.);
#1957=EDGE_CURVE('',#2501,#2499,#225,.T.);
#1958=EDGE_CURVE('',#2502,#2503,#226,.T.);
#1959=EDGE_CURVE('',#2504,#2502,#2934,.T.);
#1960=EDGE_CURVE('',#2504,#2505,#227,.T.);
#1961=EDGE_CURVE('',#2505,#2503,#2935,.T.);
#1962=EDGE_CURVE('',#2502,#2506,#2936,.T.);
#1963=EDGE_CURVE('',#2507,#2506,#2937,.T.);
#1964=EDGE_CURVE('',#2504,#2507,#2938,.T.);
#1965=EDGE_CURVE('',#2508,#2506,#228,.T.);
#1966=EDGE_CURVE('',#2509,#2508,#2939,.T.);
#1967=EDGE_CURVE('',#2509,#2507,#229,.T.);
#1968=EDGE_CURVE('',#2508,#2510,#2940,.T.);
#1969=EDGE_CURVE('',#2511,#2510,#2941,.T.);
#1970=EDGE_CURVE('',#2509,#2511,#2942,.T.);
#1971=EDGE_CURVE('',#2512,#2510,#230,.T.);
#1972=EDGE_CURVE('',#2513,#2512,#2943,.T.);
#1973=EDGE_CURVE('',#2513,#2511,#231,.T.);
#1974=EDGE_CURVE('',#2514,#2512,#2944,.T.);
#1975=EDGE_CURVE('',#2515,#2514,#2945,.T.);
#1976=EDGE_CURVE('',#2515,#2513,#2946,.T.);
#1977=EDGE_CURVE('',#2516,#2514,#232,.T.);
#1978=EDGE_CURVE('',#2517,#2516,#2947,.T.);
#1979=EDGE_CURVE('',#2517,#2515,#233,.T.);
#1980=EDGE_CURVE('',#2518,#2519,#234,.T.);
#1981=EDGE_CURVE('',#2520,#2518,#2948,.T.);
#1982=EDGE_CURVE('',#2520,#2521,#235,.T.);
#1983=EDGE_CURVE('',#2521,#2519,#2949,.T.);
#1984=EDGE_CURVE('',#2518,#2522,#2950,.T.);
#1985=EDGE_CURVE('',#2523,#2522,#2951,.T.);
#1986=EDGE_CURVE('',#2520,#2523,#2952,.T.);
#1987=EDGE_CURVE('',#2524,#2522,#236,.T.);
#1988=EDGE_CURVE('',#2525,#2524,#2953,.T.);
#1989=EDGE_CURVE('',#2525,#2523,#237,.T.);
#1990=EDGE_CURVE('',#2524,#2526,#2954,.T.);
#1991=EDGE_CURVE('',#2527,#2526,#2955,.T.);
#1992=EDGE_CURVE('',#2525,#2527,#2956,.T.);
#1993=EDGE_CURVE('',#2528,#2526,#238,.T.);
#1994=EDGE_CURVE('',#2529,#2528,#2957,.T.);
#1995=EDGE_CURVE('',#2529,#2527,#239,.T.);
#1996=EDGE_CURVE('',#2530,#2528,#2958,.T.);
#1997=EDGE_CURVE('',#2531,#2530,#2959,.T.);
#1998=EDGE_CURVE('',#2531,#2529,#2960,.T.);
#1999=EDGE_CURVE('',#2532,#2530,#240,.T.);
#2000=EDGE_CURVE('',#2533,#2532,#2961,.T.);
#2001=EDGE_CURVE('',#2533,#2531,#241,.T.);
#2002=EDGE_CURVE('',#2534,#2535,#242,.T.);
#2003=EDGE_CURVE('',#2536,#2534,#2962,.T.);
#2004=EDGE_CURVE('',#2536,#2537,#243,.T.);
#2005=EDGE_CURVE('',#2537,#2535,#2963,.T.);
#2006=EDGE_CURVE('',#2534,#2538,#2964,.T.);
#2007=EDGE_CURVE('',#2539,#2538,#2965,.T.);
#2008=EDGE_CURVE('',#2536,#2539,#2966,.T.);
#2009=EDGE_CURVE('',#2540,#2538,#244,.T.);
#2010=EDGE_CURVE('',#2541,#2540,#2967,.T.);
#2011=EDGE_CURVE('',#2541,#2539,#245,.T.);
#2012=EDGE_CURVE('',#2540,#2542,#2968,.T.);
#2013=EDGE_CURVE('',#2543,#2542,#2969,.T.);
#2014=EDGE_CURVE('',#2541,#2543,#2970,.T.);
#2015=EDGE_CURVE('',#2544,#2542,#246,.T.);
#2016=EDGE_CURVE('',#2545,#2544,#2971,.T.);
#2017=EDGE_CURVE('',#2545,#2543,#247,.T.);
#2018=EDGE_CURVE('',#2546,#2544,#2972,.T.);
#2019=EDGE_CURVE('',#2547,#2546,#2973,.T.);
#2020=EDGE_CURVE('',#2547,#2545,#2974,.T.);
#2021=EDGE_CURVE('',#2548,#2546,#248,.T.);
#2022=EDGE_CURVE('',#2549,#2548,#2975,.T.);
#2023=EDGE_CURVE('',#2549,#2547,#249,.T.);
#2024=EDGE_CURVE('',#2550,#2551,#250,.T.);
#2025=EDGE_CURVE('',#2552,#2550,#2976,.T.);
#2026=EDGE_CURVE('',#2552,#2553,#251,.T.);
#2027=EDGE_CURVE('',#2553,#2551,#2977,.T.);
#2028=EDGE_CURVE('',#2550,#2554,#2978,.T.);
#2029=EDGE_CURVE('',#2555,#2554,#2979,.T.);
#2030=EDGE_CURVE('',#2552,#2555,#2980,.T.);
#2031=EDGE_CURVE('',#2556,#2554,#252,.T.);
#2032=EDGE_CURVE('',#2557,#2556,#2981,.T.);
#2033=EDGE_CURVE('',#2557,#2555,#253,.T.);
#2034=EDGE_CURVE('',#2556,#2558,#2982,.T.);
#2035=EDGE_CURVE('',#2559,#2558,#2983,.T.);
#2036=EDGE_CURVE('',#2557,#2559,#2984,.T.);
#2037=EDGE_CURVE('',#2560,#2558,#254,.T.);
#2038=EDGE_CURVE('',#2561,#2560,#2985,.T.);
#2039=EDGE_CURVE('',#2561,#2559,#255,.T.);
#2040=EDGE_CURVE('',#2562,#2560,#2986,.T.);
#2041=EDGE_CURVE('',#2563,#2562,#2987,.T.);
#2042=EDGE_CURVE('',#2563,#2561,#2988,.T.);
#2043=EDGE_CURVE('',#2564,#2562,#256,.T.);
#2044=EDGE_CURVE('',#2565,#2564,#2989,.T.);
#2045=EDGE_CURVE('',#2565,#2563,#257,.T.);
#2046=EDGE_CURVE('',#2566,#2567,#258,.T.);
#2047=EDGE_CURVE('',#2568,#2566,#2990,.T.);
#2048=EDGE_CURVE('',#2568,#2569,#259,.T.);
#2049=EDGE_CURVE('',#2569,#2567,#2991,.T.);
#2050=EDGE_CURVE('',#2566,#2570,#2992,.T.);
#2051=EDGE_CURVE('',#2571,#2570,#2993,.T.);
#2052=EDGE_CURVE('',#2568,#2571,#2994,.T.);
#2053=EDGE_CURVE('',#2572,#2570,#260,.T.);
#2054=EDGE_CURVE('',#2573,#2572,#2995,.T.);
#2055=EDGE_CURVE('',#2573,#2571,#261,.T.);
#2056=EDGE_CURVE('',#2572,#2574,#2996,.T.);
#2057=EDGE_CURVE('',#2575,#2574,#2997,.T.);
#2058=EDGE_CURVE('',#2573,#2575,#2998,.T.);
#2059=EDGE_CURVE('',#2576,#2574,#262,.T.);
#2060=EDGE_CURVE('',#2577,#2576,#2999,.T.);
#2061=EDGE_CURVE('',#2577,#2575,#263,.T.);
#2062=EDGE_CURVE('',#2578,#2576,#3000,.T.);
#2063=EDGE_CURVE('',#2579,#2578,#3001,.T.);
#2064=EDGE_CURVE('',#2579,#2577,#3002,.T.);
#2065=EDGE_CURVE('',#2580,#2578,#264,.T.);
#2066=EDGE_CURVE('',#2581,#2580,#3003,.T.);
#2067=EDGE_CURVE('',#2581,#2579,#265,.T.);
#2068=EDGE_CURVE('',#2582,#2583,#266,.T.);
#2069=EDGE_CURVE('',#2584,#2582,#3004,.T.);
#2070=EDGE_CURVE('',#2584,#2585,#267,.T.);
#2071=EDGE_CURVE('',#2585,#2583,#3005,.T.);
#2072=EDGE_CURVE('',#2582,#2586,#3006,.T.);
#2073=EDGE_CURVE('',#2587,#2586,#3007,.T.);
#2074=EDGE_CURVE('',#2584,#2587,#3008,.T.);
#2075=EDGE_CURVE('',#2588,#2586,#268,.T.);
#2076=EDGE_CURVE('',#2589,#2588,#3009,.T.);
#2077=EDGE_CURVE('',#2589,#2587,#269,.T.);
#2078=EDGE_CURVE('',#2588,#2590,#3010,.T.);
#2079=EDGE_CURVE('',#2591,#2590,#3011,.T.);
#2080=EDGE_CURVE('',#2589,#2591,#3012,.T.);
#2081=EDGE_CURVE('',#2592,#2590,#270,.T.);
#2082=EDGE_CURVE('',#2593,#2592,#3013,.T.);
#2083=EDGE_CURVE('',#2593,#2591,#271,.T.);
#2084=EDGE_CURVE('',#2594,#2592,#3014,.T.);
#2085=EDGE_CURVE('',#2595,#2594,#3015,.T.);
#2086=EDGE_CURVE('',#2595,#2593,#3016,.T.);
#2087=EDGE_CURVE('',#2596,#2594,#272,.T.);
#2088=EDGE_CURVE('',#2597,#2596,#3017,.T.);
#2089=EDGE_CURVE('',#2597,#2595,#273,.T.);
#2090=EDGE_CURVE('',#2598,#2599,#274,.T.);
#2091=EDGE_CURVE('',#2600,#2598,#3018,.T.);
#2092=EDGE_CURVE('',#2600,#2601,#275,.T.);
#2093=EDGE_CURVE('',#2601,#2599,#3019,.T.);
#2094=EDGE_CURVE('',#2598,#2602,#3020,.T.);
#2095=EDGE_CURVE('',#2603,#2602,#3021,.T.);
#2096=EDGE_CURVE('',#2600,#2603,#3022,.T.);
#2097=EDGE_CURVE('',#2604,#2602,#276,.T.);
#2098=EDGE_CURVE('',#2605,#2604,#3023,.T.);
#2099=EDGE_CURVE('',#2605,#2603,#277,.T.);
#2100=EDGE_CURVE('',#2604,#2606,#3024,.T.);
#2101=EDGE_CURVE('',#2607,#2606,#3025,.T.);
#2102=EDGE_CURVE('',#2605,#2607,#3026,.T.);
#2103=EDGE_CURVE('',#2608,#2606,#278,.T.);
#2104=EDGE_CURVE('',#2609,#2608,#3027,.T.);
#2105=EDGE_CURVE('',#2609,#2607,#279,.T.);
#2106=EDGE_CURVE('',#2610,#2608,#3028,.T.);
#2107=EDGE_CURVE('',#2611,#2610,#3029,.T.);
#2108=EDGE_CURVE('',#2611,#2609,#3030,.T.);
#2109=EDGE_CURVE('',#2612,#2610,#280,.T.);
#2110=EDGE_CURVE('',#2613,#2612,#3031,.T.);
#2111=EDGE_CURVE('',#2613,#2611,#281,.T.);
#2112=EDGE_CURVE('',#2359,#2372,#3032,.T.);
#2113=EDGE_CURVE('',#2361,#2373,#3033,.T.);
#2114=EDGE_CURVE('',#2375,#2388,#3034,.T.);
#2115=EDGE_CURVE('',#2377,#2389,#3035,.T.);
#2116=EDGE_CURVE('',#2391,#2404,#3036,.T.);
#2117=EDGE_CURVE('',#2393,#2405,#3037,.T.);
#2118=EDGE_CURVE('',#2407,#2420,#3038,.T.);
#2119=EDGE_CURVE('',#2409,#2421,#3039,.T.);
#2120=EDGE_CURVE('',#2423,#2436,#3040,.T.);
#2121=EDGE_CURVE('',#2425,#2437,#3041,.T.);
#2122=EDGE_CURVE('',#2439,#2452,#3042,.T.);
#2123=EDGE_CURVE('',#2441,#2453,#3043,.T.);
#2124=EDGE_CURVE('',#2455,#2468,#3044,.T.);
#2125=EDGE_CURVE('',#2457,#2469,#3045,.T.);
#2126=EDGE_CURVE('',#2471,#2484,#3046,.T.);
#2127=EDGE_CURVE('',#2473,#2485,#3047,.T.);
#2128=EDGE_CURVE('',#2487,#2500,#3048,.T.);
#2129=EDGE_CURVE('',#2489,#2501,#3049,.T.);
#2130=EDGE_CURVE('',#2503,#2516,#3050,.T.);
#2131=EDGE_CURVE('',#2505,#2517,#3051,.T.);
#2132=EDGE_CURVE('',#2519,#2532,#3052,.T.);
#2133=EDGE_CURVE('',#2521,#2533,#3053,.T.);
#2134=EDGE_CURVE('',#2535,#2548,#3054,.T.);
#2135=EDGE_CURVE('',#2537,#2549,#3055,.T.);
#2136=EDGE_CURVE('',#2551,#2564,#3056,.T.);
#2137=EDGE_CURVE('',#2553,#2565,#3057,.T.);
#2138=EDGE_CURVE('',#2567,#2580,#3058,.T.);
#2139=EDGE_CURVE('',#2569,#2581,#3059,.T.);
#2140=EDGE_CURVE('',#2583,#2596,#3060,.T.);
#2141=EDGE_CURVE('',#2585,#2597,#3061,.T.);
#2142=EDGE_CURVE('',#2599,#2612,#3062,.T.);
#2143=EDGE_CURVE('',#2601,#2613,#3063,.T.);
#2144=EDGE_CURVE('',#2614,#2615,#3064,.T.);
#2145=EDGE_CURVE('',#2616,#2614,#3065,.T.);
#2146=EDGE_CURVE('',#2617,#2616,#3066,.T.);
#2147=EDGE_CURVE('',#2618,#2617,#3067,.T.);
#2148=EDGE_CURVE('',#2619,#2618,#3068,.T.);
#2149=EDGE_CURVE('',#2620,#2619,#3069,.T.);
#2150=EDGE_CURVE('',#2620,#2621,#3070,.T.);
#2151=EDGE_CURVE('',#2621,#2615,#3071,.T.);
#2152=EDGE_CURVE('',#2622,#2623,#3072,.T.);
#2153=EDGE_CURVE('',#2624,#2622,#3073,.T.);
#2154=EDGE_CURVE('',#2625,#2624,#3074,.T.);
#2155=EDGE_CURVE('',#2623,#2625,#3075,.T.);
#2156=EDGE_CURVE('',#2626,#2626,#282,.T.);
#2157=EDGE_CURVE('',#2627,#2627,#283,.T.);
#2158=EDGE_CURVE('',#2628,#2628,#284,.T.);
#2159=EDGE_CURVE('',#2629,#2629,#285,.T.);
#2160=EDGE_CURVE('',#2630,#2631,#3076,.T.);
#2161=EDGE_CURVE('',#2631,#2632,#3077,.T.);
#2162=EDGE_CURVE('',#2632,#2633,#3078,.T.);
#2163=EDGE_CURVE('',#2633,#2630,#3079,.T.);
#2164=EDGE_CURVE('',#2634,#2635,#3080,.T.);
#2165=EDGE_CURVE('',#2636,#2634,#3081,.T.);
#2166=EDGE_CURVE('',#2637,#2636,#3082,.T.);
#2167=EDGE_CURVE('',#2638,#2637,#3083,.T.);
#2168=EDGE_CURVE('',#2639,#2638,#3084,.T.);
#2169=EDGE_CURVE('',#2640,#2639,#3085,.T.);
#2170=EDGE_CURVE('',#2640,#2641,#3086,.T.);
#2171=EDGE_CURVE('',#2635,#2641,#3087,.T.);
#2172=EDGE_CURVE('',#2642,#2642,#286,.T.);
#2173=EDGE_CURVE('',#2643,#2643,#287,.T.);
#2174=EDGE_CURVE('',#2644,#2644,#288,.T.);
#2175=EDGE_CURVE('',#2645,#2645,#289,.T.);
#2176=EDGE_CURVE('',#2632,#2623,#3088,.T.);
#2177=EDGE_CURVE('',#2631,#2622,#3089,.T.);
#2178=EDGE_CURVE('',#2633,#2625,#3090,.T.);
#2179=EDGE_CURVE('',#2630,#2624,#3091,.T.);
#2180=EDGE_CURVE('',#2641,#2615,#3092,.T.);
#2181=EDGE_CURVE('',#2635,#2621,#3093,.T.);
#2182=EDGE_CURVE('',#2634,#2620,#3094,.T.);
#2183=EDGE_CURVE('',#2640,#2614,#3095,.T.);
#2184=EDGE_CURVE('',#2637,#2618,#3096,.T.);
#2185=EDGE_CURVE('',#2636,#2619,#3097,.T.);
#2186=EDGE_CURVE('',#2639,#2616,#3098,.T.);
#2187=EDGE_CURVE('',#2638,#2617,#3099,.T.);
#2188=EDGE_CURVE('',#2646,#2647,#3100,.T.);
#2189=EDGE_CURVE('',#2646,#2648,#3101,.T.);
#2190=EDGE_CURVE('',#2648,#2649,#3102,.T.);
#2191=EDGE_CURVE('',#2647,#2649,#3103,.T.);
#2192=EDGE_CURVE('',#2650,#2651,#3104,.T.);
#2193=EDGE_CURVE('',#2652,#2650,#3105,.T.);
#2194=EDGE_CURVE('',#2652,#2653,#3106,.T.);
#2195=EDGE_CURVE('',#2653,#2654,#3107,.T.);
#2196=EDGE_CURVE('',#2654,#2655,#3108,.T.);
#2197=EDGE_CURVE('',#2655,#2651,#3109,.T.);
#2198=EDGE_CURVE('',#2656,#2657,#3110,.T.);
#2199=EDGE_CURVE('',#2656,#2658,#3111,.T.);
#2200=EDGE_CURVE('',#2658,#2659,#3112,.T.);
#2201=EDGE_CURVE('',#2659,#2660,#3113,.T.);
#2202=EDGE_CURVE('',#2660,#2661,#3114,.T.);
#2203=EDGE_CURVE('',#2662,#2661,#3115,.T.);
#2204=EDGE_CURVE('',#2663,#2662,#3116,.T.);
#2205=EDGE_CURVE('',#2664,#2663,#3117,.T.);
#2206=EDGE_CURVE('',#2664,#2665,#3118,.T.);
#2207=EDGE_CURVE('',#2655,#2665,#3119,.T.);
#2208=EDGE_CURVE('',#2652,#2657,#3120,.T.);
#2209=EDGE_CURVE('',#2660,#2647,#3121,.T.);
#2210=EDGE_CURVE('',#2661,#2649,#3122,.T.);
#2211=EDGE_CURVE('',#2666,#2667,#3123,.T.);
#2212=EDGE_CURVE('',#2658,#2666,#3124,.T.);
#2213=EDGE_CURVE('',#2668,#2656,#3125,.T.);
#2214=EDGE_CURVE('',#2667,#2668,#3126,.T.);
#2215=EDGE_CURVE('',#2663,#2669,#3127,.T.);
#2216=EDGE_CURVE('',#2669,#2670,#3128,.T.);
#2217=EDGE_CURVE('',#2670,#2671,#3129,.T.);
#2218=EDGE_CURVE('',#2671,#2664,#3130,.T.);
#2219=EDGE_CURVE('',#2671,#2671,#290,.T.);
#2220=EDGE_CURVE('',#2670,#2672,#3131,.T.);
#2221=EDGE_CURVE('',#2672,#2665,#3132,.T.);
#2222=EDGE_CURVE('',#2672,#2651,#3133,.T.);
#2223=EDGE_CURVE('',#2673,#2657,#3134,.T.);
#2224=EDGE_CURVE('',#2673,#2650,#3135,.T.);
#2225=EDGE_CURVE('',#2668,#2668,#291,.T.);
#2226=EDGE_CURVE('',#2667,#2673,#3136,.T.);
#2227=EDGE_CURVE('',#2674,#2648,#3137,.T.);
#2228=EDGE_CURVE('',#2674,#2675,#3138,.T.);
#2229=EDGE_CURVE('',#2662,#2675,#3139,.T.);
#2230=EDGE_CURVE('',#2669,#2675,#3140,.T.);
#2231=EDGE_CURVE('',#2676,#2646,#3141,.T.);
#2232=EDGE_CURVE('',#2659,#2677,#3142,.T.);
#2233=EDGE_CURVE('',#2676,#2677,#3143,.T.);
#2234=EDGE_CURVE('',#2666,#2677,#3144,.T.);
#2235=EDGE_CURVE('',#2676,#2674,#3145,.T.);
#2236=VERTEX_POINT('',#6378);
#2237=VERTEX_POINT('',#6379);
#2238=VERTEX_POINT('',#6381);
#2239=VERTEX_POINT('',#6383);
#2240=VERTEX_POINT('',#6385);
#2241=VERTEX_POINT('',#6387);
#2242=VERTEX_POINT('',#6389);
#2243=VERTEX_POINT('',#6391);
#2244=VERTEX_POINT('',#6394);
#2245=VERTEX_POINT('',#6395);
#2246=VERTEX_POINT('',#6397);
#2247=VERTEX_POINT('',#6399);
#2248=VERTEX_POINT('',#6401);
#2249=VERTEX_POINT('',#6403);
#2250=VERTEX_POINT('',#6405);
#2251=VERTEX_POINT('',#6407);
#2252=VERTEX_POINT('',#6409);
#2253=VERTEX_POINT('',#6411);
#2254=VERTEX_POINT('',#6413);
#2255=VERTEX_POINT('',#6415);
#2256=VERTEX_POINT('',#6417);
#2257=VERTEX_POINT('',#6419);
#2258=VERTEX_POINT('',#6421);
#2259=VERTEX_POINT('',#6423);
#2260=VERTEX_POINT('',#6427);
#2261=VERTEX_POINT('',#6428);
#2262=VERTEX_POINT('',#6430);
#2263=VERTEX_POINT('',#6432);
#2264=VERTEX_POINT('',#6435);
#2265=VERTEX_POINT('',#6437);
#2266=VERTEX_POINT('',#6441);
#2267=VERTEX_POINT('',#6443);
#2268=VERTEX_POINT('',#6450);
#2269=VERTEX_POINT('',#6452);
#2270=VERTEX_POINT('',#6456);
#2271=VERTEX_POINT('',#6458);
#2272=VERTEX_POINT('',#6462);
#2273=VERTEX_POINT('',#6464);
#2274=VERTEX_POINT('',#6466);
#2275=VERTEX_POINT('',#6468);
#2276=VERTEX_POINT('',#6471);
#2277=VERTEX_POINT('',#6473);
#2278=VERTEX_POINT('',#6475);
#2279=VERTEX_POINT('',#6477);
#2280=VERTEX_POINT('',#6479);
#2281=VERTEX_POINT('',#6481);
#2282=VERTEX_POINT('',#6483);
#2283=VERTEX_POINT('',#6485);
#2284=VERTEX_POINT('',#6487);
#2285=VERTEX_POINT('',#6489);
#2286=VERTEX_POINT('',#6491);
#2287=VERTEX_POINT('',#6493);
#2288=VERTEX_POINT('',#6495);
#2289=VERTEX_POINT('',#6497);
#2290=VERTEX_POINT('',#6499);
#2291=VERTEX_POINT('',#6501);
#2292=VERTEX_POINT('',#6505);
#2293=VERTEX_POINT('',#6507);
#2294=VERTEX_POINT('',#6510);
#2295=VERTEX_POINT('',#6512);
#2296=VERTEX_POINT('',#6515);
#2297=VERTEX_POINT('',#6517);
#2298=VERTEX_POINT('',#6520);
#2299=VERTEX_POINT('',#6522);
#2300=VERTEX_POINT('',#6525);
#2301=VERTEX_POINT('',#6526);
#2302=VERTEX_POINT('',#6528);
#2303=VERTEX_POINT('',#6530);
#2304=VERTEX_POINT('',#6540);
#2305=VERTEX_POINT('',#6545);
#2306=VERTEX_POINT('',#6550);
#2307=VERTEX_POINT('',#6551);
#2308=VERTEX_POINT('',#6556);
#2309=VERTEX_POINT('',#6560);
#2310=VERTEX_POINT('',#6564);
#2311=VERTEX_POINT('',#6568);
#2312=VERTEX_POINT('',#6572);
#2313=VERTEX_POINT('',#6576);
#2314=VERTEX_POINT('',#6582);
#2315=VERTEX_POINT('',#6584);
#2316=VERTEX_POINT('',#6586);
#2317=VERTEX_POINT('',#6588);
#2318=VERTEX_POINT('',#6591);
#2319=VERTEX_POINT('',#6595);
#2320=VERTEX_POINT('',#6599);
#2321=VERTEX_POINT('',#6603);
#2322=VERTEX_POINT('',#6607);
#2323=VERTEX_POINT('',#6609);
#2324=VERTEX_POINT('',#6613);
#2325=VERTEX_POINT('',#6617);
#2326=VERTEX_POINT('',#6621);
#2327=VERTEX_POINT('',#6625);
#2328=VERTEX_POINT('',#6629);
#2329=VERTEX_POINT('',#6633);
#2330=VERTEX_POINT('',#6655);
#2331=VERTEX_POINT('',#6657);
#2332=VERTEX_POINT('',#6659);
#2333=VERTEX_POINT('',#6661);
#2334=VERTEX_POINT('',#6663);
#2335=VERTEX_POINT('',#6665);
#2336=VERTEX_POINT('',#6667);
#2337=VERTEX_POINT('',#6669);
#2338=VERTEX_POINT('',#6671);
#2339=VERTEX_POINT('',#6673);
#2340=VERTEX_POINT('',#6675);
#2341=VERTEX_POINT('',#6677);
#2342=VERTEX_POINT('',#6679);
#2343=VERTEX_POINT('',#6681);
#2344=VERTEX_POINT('',#6685);
#2345=VERTEX_POINT('',#6689);
#2346=VERTEX_POINT('',#6693);
#2347=VERTEX_POINT('',#6697);
#2348=VERTEX_POINT('',#6701);
#2349=VERTEX_POINT('',#6705);
#2350=VERTEX_POINT('',#6709);
#2351=VERTEX_POINT('',#6713);
#2352=VERTEX_POINT('',#6717);
#2353=VERTEX_POINT('',#6721);
#2354=VERTEX_POINT('',#6728);
#2355=VERTEX_POINT('',#6732);
#2356=VERTEX_POINT('',#6736);
#2357=VERTEX_POINT('',#6740);
#2358=VERTEX_POINT('',#6745);
#2359=VERTEX_POINT('',#6746);
#2360=VERTEX_POINT('',#6748);
#2361=VERTEX_POINT('',#6750);
#2362=VERTEX_POINT('',#6754);
#2363=VERTEX_POINT('',#6756);
#2364=VERTEX_POINT('',#6760);
#2365=VERTEX_POINT('',#6762);
#2366=VERTEX_POINT('',#6766);
#2367=VERTEX_POINT('',#6768);
#2368=VERTEX_POINT('',#6772);
#2369=VERTEX_POINT('',#6774);
#2370=VERTEX_POINT('',#6778);
#2371=VERTEX_POINT('',#6780);
#2372=VERTEX_POINT('',#6784);
#2373=VERTEX_POINT('',#6786);
#2374=VERTEX_POINT('',#6790);
#2375=VERTEX_POINT('',#6791);
#2376=VERTEX_POINT('',#6793);
#2377=VERTEX_POINT('',#6795);
#2378=VERTEX_POINT('',#6799);
#2379=VERTEX_POINT('',#6801);
#2380=VERTEX_POINT('',#6805);
#2381=VERTEX_POINT('',#6807);
#2382=VERTEX_POINT('',#6811);
#2383=VERTEX_POINT('',#6813);
#2384=VERTEX_POINT('',#6817);
#2385=VERTEX_POINT('',#6819);
#2386=VERTEX_POINT('',#6823);
#2387=VERTEX_POINT('',#6825);
#2388=VERTEX_POINT('',#6829);
#2389=VERTEX_POINT('',#6831);
#2390=VERTEX_POINT('',#6835);
#2391=VERTEX_POINT('',#6836);
#2392=VERTEX_POINT('',#6838);
#2393=VERTEX_POINT('',#6840);
#2394=VERTEX_POINT('',#6844);
#2395=VERTEX_POINT('',#6846);
#2396=VERTEX_POINT('',#6850);
#2397=VERTEX_POINT('',#6852);
#2398=VERTEX_POINT('',#6856);
#2399=VERTEX_POINT('',#6858);
#2400=VERTEX_POINT('',#6862);
#2401=VERTEX_POINT('',#6864);
#2402=VERTEX_POINT('',#6868);
#2403=VERTEX_POINT('',#6870);
#2404=VERTEX_POINT('',#6874);
#2405=VERTEX_POINT('',#6876);
#2406=VERTEX_POINT('',#6880);
#2407=VERTEX_POINT('',#6881);
#2408=VERTEX_POINT('',#6883);
#2409=VERTEX_POINT('',#6885);
#2410=VERTEX_POINT('',#6889);
#2411=VERTEX_POINT('',#6891);
#2412=VERTEX_POINT('',#6895);
#2413=VERTEX_POINT('',#6897);
#2414=VERTEX_POINT('',#6901);
#2415=VERTEX_POINT('',#6903);
#2416=VERTEX_POINT('',#6907);
#2417=VERTEX_POINT('',#6909);
#2418=VERTEX_POINT('',#6913);
#2419=VERTEX_POINT('',#6915);
#2420=VERTEX_POINT('',#6919);
#2421=VERTEX_POINT('',#6921);
#2422=VERTEX_POINT('',#6925);
#2423=VERTEX_POINT('',#6926);
#2424=VERTEX_POINT('',#6928);
#2425=VERTEX_POINT('',#6930);
#2426=VERTEX_POINT('',#6934);
#2427=VERTEX_POINT('',#6936);
#2428=VERTEX_POINT('',#6940);
#2429=VERTEX_POINT('',#6942);
#2430=VERTEX_POINT('',#6946);
#2431=VERTEX_POINT('',#6948);
#2432=VERTEX_POINT('',#6952);
#2433=VERTEX_POINT('',#6954);
#2434=VERTEX_POINT('',#6958);
#2435=VERTEX_POINT('',#6960);
#2436=VERTEX_POINT('',#6964);
#2437=VERTEX_POINT('',#6966);
#2438=VERTEX_POINT('',#6970);
#2439=VERTEX_POINT('',#6971);
#2440=VERTEX_POINT('',#6973);
#2441=VERTEX_POINT('',#6975);
#2442=VERTEX_POINT('',#6979);
#2443=VERTEX_POINT('',#6981);
#2444=VERTEX_POINT('',#6985);
#2445=VERTEX_POINT('',#6987);
#2446=VERTEX_POINT('',#6991);
#2447=VERTEX_POINT('',#6993);
#2448=VERTEX_POINT('',#6997);
#2449=VERTEX_POINT('',#6999);
#2450=VERTEX_POINT('',#7003);
#2451=VERTEX_POINT('',#7005);
#2452=VERTEX_POINT('',#7009);
#2453=VERTEX_POINT('',#7011);
#2454=VERTEX_POINT('',#7015);
#2455=VERTEX_POINT('',#7016);
#2456=VERTEX_POINT('',#7018);
#2457=VERTEX_POINT('',#7020);
#2458=VERTEX_POINT('',#7024);
#2459=VERTEX_POINT('',#7026);
#2460=VERTEX_POINT('',#7030);
#2461=VERTEX_POINT('',#7032);
#2462=VERTEX_POINT('',#7036);
#2463=VERTEX_POINT('',#7038);
#2464=VERTEX_POINT('',#7042);
#2465=VERTEX_POINT('',#7044);
#2466=VERTEX_POINT('',#7048);
#2467=VERTEX_POINT('',#7050);
#2468=VERTEX_POINT('',#7054);
#2469=VERTEX_POINT('',#7056);
#2470=VERTEX_POINT('',#7060);
#2471=VERTEX_POINT('',#7061);
#2472=VERTEX_POINT('',#7063);
#2473=VERTEX_POINT('',#7065);
#2474=VERTEX_POINT('',#7069);
#2475=VERTEX_POINT('',#7071);
#2476=VERTEX_POINT('',#7075);
#2477=VERTEX_POINT('',#7077);
#2478=VERTEX_POINT('',#7081);
#2479=VERTEX_POINT('',#7083);
#2480=VERTEX_POINT('',#7087);
#2481=VERTEX_POINT('',#7089);
#2482=VERTEX_POINT('',#7093);
#2483=VERTEX_POINT('',#7095);
#2484=VERTEX_POINT('',#7099);
#2485=VERTEX_POINT('',#7101);
#2486=VERTEX_POINT('',#7105);
#2487=VERTEX_POINT('',#7106);
#2488=VERTEX_POINT('',#7108);
#2489=VERTEX_POINT('',#7110);
#2490=VERTEX_POINT('',#7114);
#2491=VERTEX_POINT('',#7116);
#2492=VERTEX_POINT('',#7120);
#2493=VERTEX_POINT('',#7122);
#2494=VERTEX_POINT('',#7126);
#2495=VERTEX_POINT('',#7128);
#2496=VERTEX_POINT('',#7132);
#2497=VERTEX_POINT('',#7134);
#2498=VERTEX_POINT('',#7138);
#2499=VERTEX_POINT('',#7140);
#2500=VERTEX_POINT('',#7144);
#2501=VERTEX_POINT('',#7146);
#2502=VERTEX_POINT('',#7150);
#2503=VERTEX_POINT('',#7151);
#2504=VERTEX_POINT('',#7153);
#2505=VERTEX_POINT('',#7155);
#2506=VERTEX_POINT('',#7159);
#2507=VERTEX_POINT('',#7161);
#2508=VERTEX_POINT('',#7165);
#2509=VERTEX_POINT('',#7167);
#2510=VERTEX_POINT('',#7171);
#2511=VERTEX_POINT('',#7173);
#2512=VERTEX_POINT('',#7177);
#2513=VERTEX_POINT('',#7179);
#2514=VERTEX_POINT('',#7183);
#2515=VERTEX_POINT('',#7185);
#2516=VERTEX_POINT('',#7189);
#2517=VERTEX_POINT('',#7191);
#2518=VERTEX_POINT('',#7195);
#2519=VERTEX_POINT('',#7196);
#2520=VERTEX_POINT('',#7198);
#2521=VERTEX_POINT('',#7200);
#2522=VERTEX_POINT('',#7204);
#2523=VERTEX_POINT('',#7206);
#2524=VERTEX_POINT('',#7210);
#2525=VERTEX_POINT('',#7212);
#2526=VERTEX_POINT('',#7216);
#2527=VERTEX_POINT('',#7218);
#2528=VERTEX_POINT('',#7222);
#2529=VERTEX_POINT('',#7224);
#2530=VERTEX_POINT('',#7228);
#2531=VERTEX_POINT('',#7230);
#2532=VERTEX_POINT('',#7234);
#2533=VERTEX_POINT('',#7236);
#2534=VERTEX_POINT('',#7240);
#2535=VERTEX_POINT('',#7241);
#2536=VERTEX_POINT('',#7243);
#2537=VERTEX_POINT('',#7245);
#2538=VERTEX_POINT('',#7249);
#2539=VERTEX_POINT('',#7251);
#2540=VERTEX_POINT('',#7255);
#2541=VERTEX_POINT('',#7257);
#2542=VERTEX_POINT('',#7261);
#2543=VERTEX_POINT('',#7263);
#2544=VERTEX_POINT('',#7267);
#2545=VERTEX_POINT('',#7269);
#2546=VERTEX_POINT('',#7273);
#2547=VERTEX_POINT('',#7275);
#2548=VERTEX_POINT('',#7279);
#2549=VERTEX_POINT('',#7281);
#2550=VERTEX_POINT('',#7285);
#2551=VERTEX_POINT('',#7286);
#2552=VERTEX_POINT('',#7288);
#2553=VERTEX_POINT('',#7290);
#2554=VERTEX_POINT('',#7294);
#2555=VERTEX_POINT('',#7296);
#2556=VERTEX_POINT('',#7300);
#2557=VERTEX_POINT('',#7302);
#2558=VERTEX_POINT('',#7306);
#2559=VERTEX_POINT('',#7308);
#2560=VERTEX_POINT('',#7312);
#2561=VERTEX_POINT('',#7314);
#2562=VERTEX_POINT('',#7318);
#2563=VERTEX_POINT('',#7320);
#2564=VERTEX_POINT('',#7324);
#2565=VERTEX_POINT('',#7326);
#2566=VERTEX_POINT('',#7330);
#2567=VERTEX_POINT('',#7331);
#2568=VERTEX_POINT('',#7333);
#2569=VERTEX_POINT('',#7335);
#2570=VERTEX_POINT('',#7339);
#2571=VERTEX_POINT('',#7341);
#2572=VERTEX_POINT('',#7345);
#2573=VERTEX_POINT('',#7347);
#2574=VERTEX_POINT('',#7351);
#2575=VERTEX_POINT('',#7353);
#2576=VERTEX_POINT('',#7357);
#2577=VERTEX_POINT('',#7359);
#2578=VERTEX_POINT('',#7363);
#2579=VERTEX_POINT('',#7365);
#2580=VERTEX_POINT('',#7369);
#2581=VERTEX_POINT('',#7371);
#2582=VERTEX_POINT('',#7375);
#2583=VERTEX_POINT('',#7376);
#2584=VERTEX_POINT('',#7378);
#2585=VERTEX_POINT('',#7380);
#2586=VERTEX_POINT('',#7384);
#2587=VERTEX_POINT('',#7386);
#2588=VERTEX_POINT('',#7390);
#2589=VERTEX_POINT('',#7392);
#2590=VERTEX_POINT('',#7396);
#2591=VERTEX_POINT('',#7398);
#2592=VERTEX_POINT('',#7402);
#2593=VERTEX_POINT('',#7404);
#2594=VERTEX_POINT('',#7408);
#2595=VERTEX_POINT('',#7410);
#2596=VERTEX_POINT('',#7414);
#2597=VERTEX_POINT('',#7416);
#2598=VERTEX_POINT('',#7420);
#2599=VERTEX_POINT('',#7421);
#2600=VERTEX_POINT('',#7423);
#2601=VERTEX_POINT('',#7425);
#2602=VERTEX_POINT('',#7429);
#2603=VERTEX_POINT('',#7431);
#2604=VERTEX_POINT('',#7435);
#2605=VERTEX_POINT('',#7437);
#2606=VERTEX_POINT('',#7441);
#2607=VERTEX_POINT('',#7443);
#2608=VERTEX_POINT('',#7447);
#2609=VERTEX_POINT('',#7449);
#2610=VERTEX_POINT('',#7453);
#2611=VERTEX_POINT('',#7455);
#2612=VERTEX_POINT('',#7459);
#2613=VERTEX_POINT('',#7461);
#2614=VERTEX_POINT('',#7513);
#2615=VERTEX_POINT('',#7514);
#2616=VERTEX_POINT('',#7516);
#2617=VERTEX_POINT('',#7518);
#2618=VERTEX_POINT('',#7520);
#2619=VERTEX_POINT('',#7522);
#2620=VERTEX_POINT('',#7524);
#2621=VERTEX_POINT('',#7526);
#2622=VERTEX_POINT('',#7529);
#2623=VERTEX_POINT('',#7530);
#2624=VERTEX_POINT('',#7532);
#2625=VERTEX_POINT('',#7534);
#2626=VERTEX_POINT('',#7537);
#2627=VERTEX_POINT('',#7539);
#2628=VERTEX_POINT('',#7541);
#2629=VERTEX_POINT('',#7543);
#2630=VERTEX_POINT('',#7546);
#2631=VERTEX_POINT('',#7547);
#2632=VERTEX_POINT('',#7549);
#2633=VERTEX_POINT('',#7551);
#2634=VERTEX_POINT('',#7554);
#2635=VERTEX_POINT('',#7555);
#2636=VERTEX_POINT('',#7557);
#2637=VERTEX_POINT('',#7559);
#2638=VERTEX_POINT('',#7561);
#2639=VERTEX_POINT('',#7563);
#2640=VERTEX_POINT('',#7565);
#2641=VERTEX_POINT('',#7567);
#2642=VERTEX_POINT('',#7570);
#2643=VERTEX_POINT('',#7572);
#2644=VERTEX_POINT('',#7574);
#2645=VERTEX_POINT('',#7576);
#2646=VERTEX_POINT('',#7608);
#2647=VERTEX_POINT('',#7609);
#2648=VERTEX_POINT('',#7611);
#2649=VERTEX_POINT('',#7613);
#2650=VERTEX_POINT('',#7617);
#2651=VERTEX_POINT('',#7618);
#2652=VERTEX_POINT('',#7620);
#2653=VERTEX_POINT('',#7622);
#2654=VERTEX_POINT('',#7624);
#2655=VERTEX_POINT('',#7626);
#2656=VERTEX_POINT('',#7630);
#2657=VERTEX_POINT('',#7631);
#2658=VERTEX_POINT('',#7633);
#2659=VERTEX_POINT('',#7635);
#2660=VERTEX_POINT('',#7637);
#2661=VERTEX_POINT('',#7639);
#2662=VERTEX_POINT('',#7641);
#2663=VERTEX_POINT('',#7643);
#2664=VERTEX_POINT('',#7645);
#2665=VERTEX_POINT('',#7647);
#2666=VERTEX_POINT('',#7655);
#2667=VERTEX_POINT('',#7656);
#2668=VERTEX_POINT('',#7659);
#2669=VERTEX_POINT('',#7663);
#2670=VERTEX_POINT('',#7665);
#2671=VERTEX_POINT('',#7667);
#2672=VERTEX_POINT('',#7672);
#2673=VERTEX_POINT('',#7678);
#2674=VERTEX_POINT('',#7685);
#2675=VERTEX_POINT('',#7687);
#2676=VERTEX_POINT('',#7693);
#2677=VERTEX_POINT('',#7695);
#2678=LINE('',#6377,#3146);
#2679=LINE('',#6382,#3147);
#2680=LINE('',#6386,#3148);
#2681=LINE('',#6390,#3149);
#2682=LINE('',#6393,#3150);
#2683=LINE('',#6396,#3151);
#2684=LINE('',#6398,#3152);
#2685=LINE('',#6400,#3153);
#2686=LINE('',#6402,#3154);
#2687=LINE('',#6404,#3155);
#2688=LINE('',#6406,#3156);
#2689=LINE('',#6408,#3157);
#2690=LINE('',#6410,#3158);
#2691=LINE('',#6412,#3159);
#2692=LINE('',#6414,#3160);
#2693=LINE('',#6416,#3161);
#2694=LINE('',#6418,#3162);
#2695=LINE('',#6420,#3163);
#2696=LINE('',#6422,#3164);
#2697=LINE('',#6424,#3165);
#2698=LINE('',#6426,#3166);
#2699=LINE('',#6429,#3167);
#2700=LINE('',#6431,#3168);
#2701=LINE('',#6433,#3169);
#2702=LINE('',#6434,#3170);
#2703=LINE('',#6436,#3171);
#2704=LINE('',#6438,#3172);
#2705=LINE('',#6440,#3173);
#2706=LINE('',#6442,#3174);
#2707=LINE('',#6444,#3175);
#2708=LINE('',#6446,#3176);
#2709=LINE('',#6447,#3177);
#2710=LINE('',#6449,#3178);
#2711=LINE('',#6451,#3179);
#2712=LINE('',#6453,#3180);
#2713=LINE('',#6455,#3181);
#2714=LINE('',#6457,#3182);
#2715=LINE('',#6459,#3183);
#2716=LINE('',#6461,#3184);
#2717=LINE('',#6463,#3185);
#2718=LINE('',#6465,#3186);
#2719=LINE('',#6467,#3187);
#2720=LINE('',#6469,#3188);
#2721=LINE('',#6470,#3189);
#2722=LINE('',#6472,#3190);
#2723=LINE('',#6474,#3191);
#2724=LINE('',#6476,#3192);
#2725=LINE('',#6478,#3193);
#2726=LINE('',#6482,#3194);
#2727=LINE('',#6486,#3195);
#2728=LINE('',#6490,#3196);
#2729=LINE('',#6494,#3197);
#2730=LINE('',#6496,#3198);
#2731=LINE('',#6498,#3199);
#2732=LINE('',#6500,#3200);
#2733=LINE('',#6502,#3201);
#2734=LINE('',#6524,#3202);
#2735=LINE('',#6527,#3203);
#2736=LINE('',#6529,#3204);
#2737=LINE('',#6531,#3205);
#2738=LINE('',#6533,#3206);
#2739=LINE('',#6534,#3207);
#2740=LINE('',#6536,#3208);
#2741=LINE('',#6537,#3209);
#2742=LINE('',#6539,#3210);
#2743=LINE('',#6541,#3211);
#2744=LINE('',#6542,#3212);
#2745=LINE('',#6544,#3213);
#2746=LINE('',#6546,#3214);
#2747=LINE('',#6547,#3215);
#2748=LINE('',#6549,#3216);
#2749=LINE('',#6552,#3217);
#2750=LINE('',#6553,#3218);
#2751=LINE('',#6557,#3219);
#2752=LINE('',#6559,#3220);
#2753=LINE('',#6561,#3221);
#2754=LINE('',#6565,#3222);
#2755=LINE('',#6567,#3223);
#2756=LINE('',#6569,#3224);
#2757=LINE('',#6573,#3225);
#2758=LINE('',#6575,#3226);
#2759=LINE('',#6577,#3227);
#2760=LINE('',#6606,#3228);
#2761=LINE('',#6610,#3229);
#2762=LINE('',#6612,#3230);
#2763=LINE('',#6614,#3231);
#2764=LINE('',#6616,#3232);
#2765=LINE('',#6620,#3233);
#2766=LINE('',#6622,#3234);
#2767=LINE('',#6624,#3235);
#2768=LINE('',#6628,#3236);
#2769=LINE('',#6630,#3237);
#2770=LINE('',#6632,#3238);
#2771=LINE('',#6636,#3239);
#2772=LINE('',#6640,#3240);
#2773=LINE('',#6642,#3241);
#2774=LINE('',#6646,#3242);
#2775=LINE('',#6648,#3243);
#2776=LINE('',#6662,#3244);
#2777=LINE('',#6664,#3245);
#2778=LINE('',#6666,#3246);
#2779=LINE('',#6668,#3247);
#2780=LINE('',#6670,#3248);
#2781=LINE('',#6672,#3249);
#2782=LINE('',#6674,#3250);
#2783=LINE('',#6676,#3251);
#2784=LINE('',#6678,#3252);
#2785=LINE('',#6680,#3253);
#2786=LINE('',#6682,#3254);
#2787=LINE('',#6684,#3255);
#2788=LINE('',#6686,#3256);
#2789=LINE('',#6688,#3257);
#2790=LINE('',#6690,#3258);
#2791=LINE('',#6692,#3259);
#2792=LINE('',#6694,#3260);
#2793=LINE('',#6696,#3261);
#2794=LINE('',#6698,#3262);
#2795=LINE('',#6700,#3263);
#2796=LINE('',#6702,#3264);
#2797=LINE('',#6704,#3265);
#2798=LINE('',#6706,#3266);
#2799=LINE('',#6708,#3267);
#2800=LINE('',#6710,#3268);
#2801=LINE('',#6712,#3269);
#2802=LINE('',#6714,#3270);
#2803=LINE('',#6716,#3271);
#2804=LINE('',#6718,#3272);
#2805=LINE('',#6720,#3273);
#2806=LINE('',#6722,#3274);
#2807=LINE('',#6724,#3275);
#2808=LINE('',#6747,#3276);
#2809=LINE('',#6751,#3277);
#2810=LINE('',#6753,#3278);
#2811=LINE('',#6755,#3279);
#2812=LINE('',#6757,#3280);
#2813=LINE('',#6761,#3281);
#2814=LINE('',#6765,#3282);
#2815=LINE('',#6767,#3283);
#2816=LINE('',#6769,#3284);
#2817=LINE('',#6773,#3285);
#2818=LINE('',#6777,#3286);
#2819=LINE('',#6779,#3287);
#2820=LINE('',#6781,#3288);
#2821=LINE('',#6785,#3289);
#2822=LINE('',#6792,#3290);
#2823=LINE('',#6796,#3291);
#2824=LINE('',#6798,#3292);
#2825=LINE('',#6800,#3293);
#2826=LINE('',#6802,#3294);
#2827=LINE('',#6806,#3295);
#2828=LINE('',#6810,#3296);
#2829=LINE('',#6812,#3297);
#2830=LINE('',#6814,#3298);
#2831=LINE('',#6818,#3299);
#2832=LINE('',#6822,#3300);
#2833=LINE('',#6824,#3301);
#2834=LINE('',#6826,#3302);
#2835=LINE('',#6830,#3303);
#2836=LINE('',#6837,#3304);
#2837=LINE('',#6841,#3305);
#2838=LINE('',#6843,#3306);
#2839=LINE('',#6845,#3307);
#2840=LINE('',#6847,#3308);
#2841=LINE('',#6851,#3309);
#2842=LINE('',#6855,#3310);
#2843=LINE('',#6857,#3311);
#2844=LINE('',#6859,#3312);
#2845=LINE('',#6863,#3313);
#2846=LINE('',#6867,#3314);
#2847=LINE('',#6869,#3315);
#2848=LINE('',#6871,#3316);
#2849=LINE('',#6875,#3317);
#2850=LINE('',#6882,#3318);
#2851=LINE('',#6886,#3319);
#2852=LINE('',#6888,#3320);
#2853=LINE('',#6890,#3321);
#2854=LINE('',#6892,#3322);
#2855=LINE('',#6896,#3323);
#2856=LINE('',#6900,#3324);
#2857=LINE('',#6902,#3325);
#2858=LINE('',#6904,#3326);
#2859=LINE('',#6908,#3327);
#2860=LINE('',#6912,#3328);
#2861=LINE('',#6914,#3329);
#2862=LINE('',#6916,#3330);
#2863=LINE('',#6920,#3331);
#2864=LINE('',#6927,#3332);
#2865=LINE('',#6931,#3333);
#2866=LINE('',#6933,#3334);
#2867=LINE('',#6935,#3335);
#2868=LINE('',#6937,#3336);
#2869=LINE('',#6941,#3337);
#2870=LINE('',#6945,#3338);
#2871=LINE('',#6947,#3339);
#2872=LINE('',#6949,#3340);
#2873=LINE('',#6953,#3341);
#2874=LINE('',#6957,#3342);
#2875=LINE('',#6959,#3343);
#2876=LINE('',#6961,#3344);
#2877=LINE('',#6965,#3345);
#2878=LINE('',#6972,#3346);
#2879=LINE('',#6976,#3347);
#2880=LINE('',#6978,#3348);
#2881=LINE('',#6980,#3349);
#2882=LINE('',#6982,#3350);
#2883=LINE('',#6986,#3351);
#2884=LINE('',#6990,#3352);
#2885=LINE('',#6992,#3353);
#2886=LINE('',#6994,#3354);
#2887=LINE('',#6998,#3355);
#2888=LINE('',#7002,#3356);
#2889=LINE('',#7004,#3357);
#2890=LINE('',#7006,#3358);
#2891=LINE('',#7010,#3359);
#2892=LINE('',#7017,#3360);
#2893=LINE('',#7021,#3361);
#2894=LINE('',#7023,#3362);
#2895=LINE('',#7025,#3363);
#2896=LINE('',#7027,#3364);
#2897=LINE('',#7031,#3365);
#2898=LINE('',#7035,#3366);
#2899=LINE('',#7037,#3367);
#2900=LINE('',#7039,#3368);
#2901=LINE('',#7043,#3369);
#2902=LINE('',#7047,#3370);
#2903=LINE('',#7049,#3371);
#2904=LINE('',#7051,#3372);
#2905=LINE('',#7055,#3373);
#2906=LINE('',#7062,#3374);
#2907=LINE('',#7066,#3375);
#2908=LINE('',#7068,#3376);
#2909=LINE('',#7070,#3377);
#2910=LINE('',#7072,#3378);
#2911=LINE('',#7076,#3379);
#2912=LINE('',#7080,#3380);
#2913=LINE('',#7082,#3381);
#2914=LINE('',#7084,#3382);
#2915=LINE('',#7088,#3383);
#2916=LINE('',#7092,#3384);
#2917=LINE('',#7094,#3385);
#2918=LINE('',#7096,#3386);
#2919=LINE('',#7100,#3387);
#2920=LINE('',#7107,#3388);
#2921=LINE('',#7111,#3389);
#2922=LINE('',#7113,#3390);
#2923=LINE('',#7115,#3391);
#2924=LINE('',#7117,#3392);
#2925=LINE('',#7121,#3393);
#2926=LINE('',#7125,#3394);
#2927=LINE('',#7127,#3395);
#2928=LINE('',#7129,#3396);
#2929=LINE('',#7133,#3397);
#2930=LINE('',#7137,#3398);
#2931=LINE('',#7139,#3399);
#2932=LINE('',#7141,#3400);
#2933=LINE('',#7145,#3401);
#2934=LINE('',#7152,#3402);
#2935=LINE('',#7156,#3403);
#2936=LINE('',#7158,#3404);
#2937=LINE('',#7160,#3405);
#2938=LINE('',#7162,#3406);
#2939=LINE('',#7166,#3407);
#2940=LINE('',#7170,#3408);
#2941=LINE('',#7172,#3409);
#2942=LINE('',#7174,#3410);
#2943=LINE('',#7178,#3411);
#2944=LINE('',#7182,#3412);
#2945=LINE('',#7184,#3413);
#2946=LINE('',#7186,#3414);
#2947=LINE('',#7190,#3415);
#2948=LINE('',#7197,#3416);
#2949=LINE('',#7201,#3417);
#2950=LINE('',#7203,#3418);
#2951=LINE('',#7205,#3419);
#2952=LINE('',#7207,#3420);
#2953=LINE('',#7211,#3421);
#2954=LINE('',#7215,#3422);
#2955=LINE('',#7217,#3423);
#2956=LINE('',#7219,#3424);
#2957=LINE('',#7223,#3425);
#2958=LINE('',#7227,#3426);
#2959=LINE('',#7229,#3427);
#2960=LINE('',#7231,#3428);
#2961=LINE('',#7235,#3429);
#2962=LINE('',#7242,#3430);
#2963=LINE('',#7246,#3431);
#2964=LINE('',#7248,#3432);
#2965=LINE('',#7250,#3433);
#2966=LINE('',#7252,#3434);
#2967=LINE('',#7256,#3435);
#2968=LINE('',#7260,#3436);
#2969=LINE('',#7262,#3437);
#2970=LINE('',#7264,#3438);
#2971=LINE('',#7268,#3439);
#2972=LINE('',#7272,#3440);
#2973=LINE('',#7274,#3441);
#2974=LINE('',#7276,#3442);
#2975=LINE('',#7280,#3443);
#2976=LINE('',#7287,#3444);
#2977=LINE('',#7291,#3445);
#2978=LINE('',#7293,#3446);
#2979=LINE('',#7295,#3447);
#2980=LINE('',#7297,#3448);
#2981=LINE('',#7301,#3449);
#2982=LINE('',#7305,#3450);
#2983=LINE('',#7307,#3451);
#2984=LINE('',#7309,#3452);
#2985=LINE('',#7313,#3453);
#2986=LINE('',#7317,#3454);
#2987=LINE('',#7319,#3455);
#2988=LINE('',#7321,#3456);
#2989=LINE('',#7325,#3457);
#2990=LINE('',#7332,#3458);
#2991=LINE('',#7336,#3459);
#2992=LINE('',#7338,#3460);
#2993=LINE('',#7340,#3461);
#2994=LINE('',#7342,#3462);
#2995=LINE('',#7346,#3463);
#2996=LINE('',#7350,#3464);
#2997=LINE('',#7352,#3465);
#2998=LINE('',#7354,#3466);
#2999=LINE('',#7358,#3467);
#3000=LINE('',#7362,#3468);
#3001=LINE('',#7364,#3469);
#3002=LINE('',#7366,#3470);
#3003=LINE('',#7370,#3471);
#3004=LINE('',#7377,#3472);
#3005=LINE('',#7381,#3473);
#3006=LINE('',#7383,#3474);
#3007=LINE('',#7385,#3475);
#3008=LINE('',#7387,#3476);
#3009=LINE('',#7391,#3477);
#3010=LINE('',#7395,#3478);
#3011=LINE('',#7397,#3479);
#3012=LINE('',#7399,#3480);
#3013=LINE('',#7403,#3481);
#3014=LINE('',#7407,#3482);
#3015=LINE('',#7409,#3483);
#3016=LINE('',#7411,#3484);
#3017=LINE('',#7415,#3485);
#3018=LINE('',#7422,#3486);
#3019=LINE('',#7426,#3487);
#3020=LINE('',#7428,#3488);
#3021=LINE('',#7430,#3489);
#3022=LINE('',#7432,#3490);
#3023=LINE('',#7436,#3491);
#3024=LINE('',#7440,#3492);
#3025=LINE('',#7442,#3493);
#3026=LINE('',#7444,#3494);
#3027=LINE('',#7448,#3495);
#3028=LINE('',#7452,#3496);
#3029=LINE('',#7454,#3497);
#3030=LINE('',#7456,#3498);
#3031=LINE('',#7460,#3499);
#3032=LINE('',#7464,#3500);
#3033=LINE('',#7465,#3501);
#3034=LINE('',#7467,#3502);
#3035=LINE('',#7468,#3503);
#3036=LINE('',#7470,#3504);
#3037=LINE('',#7471,#3505);
#3038=LINE('',#7473,#3506);
#3039=LINE('',#7474,#3507);
#3040=LINE('',#7476,#3508);
#3041=LINE('',#7477,#3509);
#3042=LINE('',#7479,#3510);
#3043=LINE('',#7480,#3511);
#3044=LINE('',#7482,#3512);
#3045=LINE('',#7483,#3513);
#3046=LINE('',#7485,#3514);
#3047=LINE('',#7486,#3515);
#3048=LINE('',#7488,#3516);
#3049=LINE('',#7489,#3517);
#3050=LINE('',#7491,#3518);
#3051=LINE('',#7492,#3519);
#3052=LINE('',#7494,#3520);
#3053=LINE('',#7495,#3521);
#3054=LINE('',#7497,#3522);
#3055=LINE('',#7498,#3523);
#3056=LINE('',#7500,#3524);
#3057=LINE('',#7501,#3525);
#3058=LINE('',#7503,#3526);
#3059=LINE('',#7504,#3527);
#3060=LINE('',#7506,#3528);
#3061=LINE('',#7507,#3529);
#3062=LINE('',#7509,#3530);
#3063=LINE('',#7510,#3531);
#3064=LINE('',#7512,#3532);
#3065=LINE('',#7515,#3533);
#3066=LINE('',#7517,#3534);
#3067=LINE('',#7519,#3535);
#3068=LINE('',#7521,#3536);
#3069=LINE('',#7523,#3537);
#3070=LINE('',#7525,#3538);
#3071=LINE('',#7527,#3539);
#3072=LINE('',#7528,#3540);
#3073=LINE('',#7531,#3541);
#3074=LINE('',#7533,#3542);
#3075=LINE('',#7535,#3543);
#3076=LINE('',#7545,#3544);
#3077=LINE('',#7548,#3545);
#3078=LINE('',#7550,#3546);
#3079=LINE('',#7552,#3547);
#3080=LINE('',#7553,#3548);
#3081=LINE('',#7556,#3549);
#3082=LINE('',#7558,#3550);
#3083=LINE('',#7560,#3551);
#3084=LINE('',#7562,#3552);
#3085=LINE('',#7564,#3553);
#3086=LINE('',#7566,#3554);
#3087=LINE('',#7568,#3555);
#3088=LINE('',#7578,#3556);
#3089=LINE('',#7579,#3557);
#3090=LINE('',#7581,#3558);
#3091=LINE('',#7583,#3559);
#3092=LINE('',#7586,#3560);
#3093=LINE('',#7587,#3561);
#3094=LINE('',#7589,#3562);
#3095=LINE('',#7591,#3563);
#3096=LINE('',#7597,#3564);
#3097=LINE('',#7598,#3565);
#3098=LINE('',#7600,#3566);
#3099=LINE('',#7601,#3567);
#3100=LINE('',#7607,#3568);
#3101=LINE('',#7610,#3569);
#3102=LINE('',#7612,#3570);
#3103=LINE('',#7614,#3571);
#3104=LINE('',#7616,#3572);
#3105=LINE('',#7619,#3573);
#3106=LINE('',#7621,#3574);
#3107=LINE('',#7623,#3575);
#3108=LINE('',#7625,#3576);
#3109=LINE('',#7627,#3577);
#3110=LINE('',#7629,#3578);
#3111=LINE('',#7632,#3579);
#3112=LINE('',#7634,#3580);
#3113=LINE('',#7636,#3581);
#3114=LINE('',#7638,#3582);
#3115=LINE('',#7640,#3583);
#3116=LINE('',#7642,#3584);
#3117=LINE('',#7644,#3585);
#3118=LINE('',#7646,#3586);
#3119=LINE('',#7648,#3587);
#3120=LINE('',#7649,#3588);
#3121=LINE('',#7651,#3589);
#3122=LINE('',#7652,#3590);
#3123=LINE('',#7654,#3591);
#3124=LINE('',#7657,#3592);
#3125=LINE('',#7658,#3593);
#3126=LINE('',#7660,#3594);
#3127=LINE('',#7662,#3595);
#3128=LINE('',#7664,#3596);
#3129=LINE('',#7666,#3597);
#3130=LINE('',#7668,#3598);
#3131=LINE('',#7671,#3599);
#3132=LINE('',#7673,#3600);
#3133=LINE('',#7675,#3601);
#3134=LINE('',#7677,#3602);
#3135=LINE('',#7679,#3603);
#3136=LINE('',#7682,#3604);
#3137=LINE('',#7684,#3605);
#3138=LINE('',#7686,#3606);
#3139=LINE('',#7688,#3607);
#3140=LINE('',#7690,#3608);
#3141=LINE('',#7692,#3609);
#3142=LINE('',#7694,#3610);
#3143=LINE('',#7696,#3611);
#3144=LINE('',#7698,#3612);
#3145=LINE('',#7700,#3613);
#3146=VECTOR('',#5073,1.);
#3147=VECTOR('',#5076,1.);
#3148=VECTOR('',#5079,1.);
#3149=VECTOR('',#5082,1.);
#3150=VECTOR('',#5085,1.);
#3151=VECTOR('',#5086,1.);
#3152=VECTOR('',#5087,1.);
#3153=VECTOR('',#5088,1.);
#3154=VECTOR('',#5089,1.);
#3155=VECTOR('',#5090,1.);
#3156=VECTOR('',#5091,1.);
#3157=VECTOR('',#5092,1.);
#3158=VECTOR('',#5093,1.);
#3159=VECTOR('',#5094,1.);
#3160=VECTOR('',#5095,1.);
#3161=VECTOR('',#5096,1.);
#3162=VECTOR('',#5097,1.);
#3163=VECTOR('',#5098,1.);
#3164=VECTOR('',#5099,1.);
#3165=VECTOR('',#5100,1.);
#3166=VECTOR('',#5103,1.);
#3167=VECTOR('',#5104,1.);
#3168=VECTOR('',#5105,1.);
#3169=VECTOR('',#5106,1.);
#3170=VECTOR('',#5107,1.);
#3171=VECTOR('',#5108,1.);
#3172=VECTOR('',#5109,1.);
#3173=VECTOR('',#5112,1.);
#3174=VECTOR('',#5113,1.);
#3175=VECTOR('',#5114,1.);
#3176=VECTOR('',#5117,1.);
#3177=VECTOR('',#5118,1.);
#3178=VECTOR('',#5121,1.);
#3179=VECTOR('',#5122,1.);
#3180=VECTOR('',#5123,1.);
#3181=VECTOR('',#5126,1.);
#3182=VECTOR('',#5127,1.);
#3183=VECTOR('',#5128,1.);
#3184=VECTOR('',#5131,1.);
#3185=VECTOR('',#5132,1.);
#3186=VECTOR('',#5133,1.);
#3187=VECTOR('',#5134,1.);
#3188=VECTOR('',#5135,1.);
#3189=VECTOR('',#5136,1.);
#3190=VECTOR('',#5137,1.);
#3191=VECTOR('',#5138,1.);
#3192=VECTOR('',#5139,1.);
#3193=VECTOR('',#5140,1.);
#3194=VECTOR('',#5143,1.);
#3195=VECTOR('',#5146,1.);
#3196=VECTOR('',#5149,1.);
#3197=VECTOR('',#5152,1.);
#3198=VECTOR('',#5153,1.);
#3199=VECTOR('',#5154,1.);
#3200=VECTOR('',#5155,1.);
#3201=VECTOR('',#5156,1.);
#3202=VECTOR('',#5183,1.);
#3203=VECTOR('',#5184,1.);
#3204=VECTOR('',#5185,1.);
#3205=VECTOR('',#5186,1.);
#3206=VECTOR('',#5189,1.);
#3207=VECTOR('',#5190,1.);
#3208=VECTOR('',#5193,1.);
#3209=VECTOR('',#5194,1.);
#3210=VECTOR('',#5197,1.);
#3211=VECTOR('',#5198,1.);
#3212=VECTOR('',#5199,1.);
#3213=VECTOR('',#5202,1.);
#3214=VECTOR('',#5203,1.);
#3215=VECTOR('',#5204,1.);
#3216=VECTOR('',#5207,1.);
#3217=VECTOR('',#5208,1.);
#3218=VECTOR('',#5209,1.);
#3219=VECTOR('',#5214,1.);
#3220=VECTOR('',#5217,1.);
#3221=VECTOR('',#5218,1.);
#3222=VECTOR('',#5223,1.);
#3223=VECTOR('',#5226,1.);
#3224=VECTOR('',#5227,1.);
#3225=VECTOR('',#5232,1.);
#3226=VECTOR('',#5235,1.);
#3227=VECTOR('',#5236,1.);
#3228=VECTOR('',#5277,1.);
#3229=VECTOR('',#5280,1.);
#3230=VECTOR('',#5283,1.);
#3231=VECTOR('',#5284,1.);
#3232=VECTOR('',#5287,1.);
#3233=VECTOR('',#5292,1.);
#3234=VECTOR('',#5293,1.);
#3235=VECTOR('',#5296,1.);
#3236=VECTOR('',#5301,1.);
#3237=VECTOR('',#5302,1.);
#3238=VECTOR('',#5305,1.);
#3239=VECTOR('',#5310,1.);
#3240=VECTOR('',#5317,1.);
#3241=VECTOR('',#5320,1.);
#3242=VECTOR('',#5327,1.);
#3243=VECTOR('',#5330,1.);
#3244=VECTOR('',#5349,1.);
#3245=VECTOR('',#5350,1.);
#3246=VECTOR('',#5351,1.);
#3247=VECTOR('',#5352,1.);
#3248=VECTOR('',#5353,1.);
#3249=VECTOR('',#5354,1.);
#3250=VECTOR('',#5355,1.);
#3251=VECTOR('',#5356,1.);
#3252=VECTOR('',#5357,1.);
#3253=VECTOR('',#5358,1.);
#3254=VECTOR('',#5359,1.);
#3255=VECTOR('',#5362,1.);
#3256=VECTOR('',#5363,1.);
#3257=VECTOR('',#5366,1.);
#3258=VECTOR('',#5367,1.);
#3259=VECTOR('',#5370,1.);
#3260=VECTOR('',#5371,1.);
#3261=VECTOR('',#5374,1.);
#3262=VECTOR('',#5375,1.);
#3263=VECTOR('',#5378,1.);
#3264=VECTOR('',#5379,1.);
#3265=VECTOR('',#5382,1.);
#3266=VECTOR('',#5383,1.);
#3267=VECTOR('',#5386,1.);
#3268=VECTOR('',#5387,1.);
#3269=VECTOR('',#5390,1.);
#3270=VECTOR('',#5391,1.);
#3271=VECTOR('',#5394,1.);
#3272=VECTOR('',#5395,1.);
#3273=VECTOR('',#5398,1.);
#3274=VECTOR('',#5399,1.);
#3275=VECTOR('',#5402,1.);
#3276=VECTOR('',#5435,1.);
#3277=VECTOR('',#5438,1.);
#3278=VECTOR('',#5441,1.);
#3279=VECTOR('',#5442,1.);
#3280=VECTOR('',#5443,1.);
#3281=VECTOR('',#5448,1.);
#3282=VECTOR('',#5453,1.);
#3283=VECTOR('',#5454,1.);
#3284=VECTOR('',#5455,1.);
#3285=VECTOR('',#5460,1.);
#3286=VECTOR('',#5465,1.);
#3287=VECTOR('',#5466,1.);
#3288=VECTOR('',#5467,1.);
#3289=VECTOR('',#5472,1.);
#3290=VECTOR('',#5479,1.);
#3291=VECTOR('',#5482,1.);
#3292=VECTOR('',#5485,1.);
#3293=VECTOR('',#5486,1.);
#3294=VECTOR('',#5487,1.);
#3295=VECTOR('',#5492,1.);
#3296=VECTOR('',#5497,1.);
#3297=VECTOR('',#5498,1.);
#3298=VECTOR('',#5499,1.);
#3299=VECTOR('',#5504,1.);
#3300=VECTOR('',#5509,1.);
#3301=VECTOR('',#5510,1.);
#3302=VECTOR('',#5511,1.);
#3303=VECTOR('',#5516,1.);
#3304=VECTOR('',#5523,1.);
#3305=VECTOR('',#5526,1.);
#3306=VECTOR('',#5529,1.);
#3307=VECTOR('',#5530,1.);
#3308=VECTOR('',#5531,1.);
#3309=VECTOR('',#5536,1.);
#3310=VECTOR('',#5541,1.);
#3311=VECTOR('',#5542,1.);
#3312=VECTOR('',#5543,1.);
#3313=VECTOR('',#5548,1.);
#3314=VECTOR('',#5553,1.);
#3315=VECTOR('',#5554,1.);
#3316=VECTOR('',#5555,1.);
#3317=VECTOR('',#5560,1.);
#3318=VECTOR('',#5567,1.);
#3319=VECTOR('',#5570,1.);
#3320=VECTOR('',#5573,1.);
#3321=VECTOR('',#5574,1.);
#3322=VECTOR('',#5575,1.);
#3323=VECTOR('',#5580,1.);
#3324=VECTOR('',#5585,1.);
#3325=VECTOR('',#5586,1.);
#3326=VECTOR('',#5587,1.);
#3327=VECTOR('',#5592,1.);
#3328=VECTOR('',#5597,1.);
#3329=VECTOR('',#5598,1.);
#3330=VECTOR('',#5599,1.);
#3331=VECTOR('',#5604,1.);
#3332=VECTOR('',#5611,1.);
#3333=VECTOR('',#5614,1.);
#3334=VECTOR('',#5617,1.);
#3335=VECTOR('',#5618,1.);
#3336=VECTOR('',#5619,1.);
#3337=VECTOR('',#5624,1.);
#3338=VECTOR('',#5629,1.);
#3339=VECTOR('',#5630,1.);
#3340=VECTOR('',#5631,1.);
#3341=VECTOR('',#5636,1.);
#3342=VECTOR('',#5641,1.);
#3343=VECTOR('',#5642,1.);
#3344=VECTOR('',#5643,1.);
#3345=VECTOR('',#5648,1.);
#3346=VECTOR('',#5655,1.);
#3347=VECTOR('',#5658,1.);
#3348=VECTOR('',#5661,1.);
#3349=VECTOR('',#5662,1.);
#3350=VECTOR('',#5663,1.);
#3351=VECTOR('',#5668,1.);
#3352=VECTOR('',#5673,1.);
#3353=VECTOR('',#5674,1.);
#3354=VECTOR('',#5675,1.);
#3355=VECTOR('',#5680,1.);
#3356=VECTOR('',#5685,1.);
#3357=VECTOR('',#5686,1.);
#3358=VECTOR('',#5687,1.);
#3359=VECTOR('',#5692,1.);
#3360=VECTOR('',#5699,1.);
#3361=VECTOR('',#5702,1.);
#3362=VECTOR('',#5705,1.);
#3363=VECTOR('',#5706,1.);
#3364=VECTOR('',#5707,1.);
#3365=VECTOR('',#5712,1.);
#3366=VECTOR('',#5717,1.);
#3367=VECTOR('',#5718,1.);
#3368=VECTOR('',#5719,1.);
#3369=VECTOR('',#5724,1.);
#3370=VECTOR('',#5729,1.);
#3371=VECTOR('',#5730,1.);
#3372=VECTOR('',#5731,1.);
#3373=VECTOR('',#5736,1.);
#3374=VECTOR('',#5743,1.);
#3375=VECTOR('',#5746,1.);
#3376=VECTOR('',#5749,1.);
#3377=VECTOR('',#5750,1.);
#3378=VECTOR('',#5751,1.);
#3379=VECTOR('',#5756,1.);
#3380=VECTOR('',#5761,1.);
#3381=VECTOR('',#5762,1.);
#3382=VECTOR('',#5763,1.);
#3383=VECTOR('',#5768,1.);
#3384=VECTOR('',#5773,1.);
#3385=VECTOR('',#5774,1.);
#3386=VECTOR('',#5775,1.);
#3387=VECTOR('',#5780,1.);
#3388=VECTOR('',#5787,1.);
#3389=VECTOR('',#5790,1.);
#3390=VECTOR('',#5793,1.);
#3391=VECTOR('',#5794,1.);
#3392=VECTOR('',#5795,1.);
#3393=VECTOR('',#5800,1.);
#3394=VECTOR('',#5805,1.);
#3395=VECTOR('',#5806,1.);
#3396=VECTOR('',#5807,1.);
#3397=VECTOR('',#5812,1.);
#3398=VECTOR('',#5817,1.);
#3399=VECTOR('',#5818,1.);
#3400=VECTOR('',#5819,1.);
#3401=VECTOR('',#5824,1.);
#3402=VECTOR('',#5831,1.);
#3403=VECTOR('',#5834,1.);
#3404=VECTOR('',#5837,1.);
#3405=VECTOR('',#5838,1.);
#3406=VECTOR('',#5839,1.);
#3407=VECTOR('',#5844,1.);
#3408=VECTOR('',#5849,1.);
#3409=VECTOR('',#5850,1.);
#3410=VECTOR('',#5851,1.);
#3411=VECTOR('',#5856,1.);
#3412=VECTOR('',#5861,1.);
#3413=VECTOR('',#5862,1.);
#3414=VECTOR('',#5863,1.);
#3415=VECTOR('',#5868,1.);
#3416=VECTOR('',#5875,1.);
#3417=VECTOR('',#5878,1.);
#3418=VECTOR('',#5881,1.);
#3419=VECTOR('',#5882,1.);
#3420=VECTOR('',#5883,1.);
#3421=VECTOR('',#5888,1.);
#3422=VECTOR('',#5893,1.);
#3423=VECTOR('',#5894,1.);
#3424=VECTOR('',#5895,1.);
#3425=VECTOR('',#5900,1.);
#3426=VECTOR('',#5905,1.);
#3427=VECTOR('',#5906,1.);
#3428=VECTOR('',#5907,1.);
#3429=VECTOR('',#5912,1.);
#3430=VECTOR('',#5919,1.);
#3431=VECTOR('',#5922,1.);
#3432=VECTOR('',#5925,1.);
#3433=VECTOR('',#5926,1.);
#3434=VECTOR('',#5927,1.);
#3435=VECTOR('',#5932,1.);
#3436=VECTOR('',#5937,1.);
#3437=VECTOR('',#5938,1.);
#3438=VECTOR('',#5939,1.);
#3439=VECTOR('',#5944,1.);
#3440=VECTOR('',#5949,1.);
#3441=VECTOR('',#5950,1.);
#3442=VECTOR('',#5951,1.);
#3443=VECTOR('',#5956,1.);
#3444=VECTOR('',#5963,1.);
#3445=VECTOR('',#5966,1.);
#3446=VECTOR('',#5969,1.);
#3447=VECTOR('',#5970,1.);
#3448=VECTOR('',#5971,1.);
#3449=VECTOR('',#5976,1.);
#3450=VECTOR('',#5981,1.);
#3451=VECTOR('',#5982,1.);
#3452=VECTOR('',#5983,1.);
#3453=VECTOR('',#5988,1.);
#3454=VECTOR('',#5993,1.);
#3455=VECTOR('',#5994,1.);
#3456=VECTOR('',#5995,1.);
#3457=VECTOR('',#6000,1.);
#3458=VECTOR('',#6007,1.);
#3459=VECTOR('',#6010,1.);
#3460=VECTOR('',#6013,1.);
#3461=VECTOR('',#6014,1.);
#3462=VECTOR('',#6015,1.);
#3463=VECTOR('',#6020,1.);
#3464=VECTOR('',#6025,1.);
#3465=VECTOR('',#6026,1.);
#3466=VECTOR('',#6027,1.);
#3467=VECTOR('',#6032,1.);
#3468=VECTOR('',#6037,1.);
#3469=VECTOR('',#6038,1.);
#3470=VECTOR('',#6039,1.);
#3471=VECTOR('',#6044,1.);
#3472=VECTOR('',#6051,1.);
#3473=VECTOR('',#6054,1.);
#3474=VECTOR('',#6057,1.);
#3475=VECTOR('',#6058,1.);
#3476=VECTOR('',#6059,1.);
#3477=VECTOR('',#6064,1.);
#3478=VECTOR('',#6069,1.);
#3479=VECTOR('',#6070,1.);
#3480=VECTOR('',#6071,1.);
#3481=VECTOR('',#6076,1.);
#3482=VECTOR('',#6081,1.);
#3483=VECTOR('',#6082,1.);
#3484=VECTOR('',#6083,1.);
#3485=VECTOR('',#6088,1.);
#3486=VECTOR('',#6095,1.);
#3487=VECTOR('',#6098,1.);
#3488=VECTOR('',#6101,1.);
#3489=VECTOR('',#6102,1.);
#3490=VECTOR('',#6103,1.);
#3491=VECTOR('',#6108,1.);
#3492=VECTOR('',#6113,1.);
#3493=VECTOR('',#6114,1.);
#3494=VECTOR('',#6115,1.);
#3495=VECTOR('',#6120,1.);
#3496=VECTOR('',#6125,1.);
#3497=VECTOR('',#6126,1.);
#3498=VECTOR('',#6127,1.);
#3499=VECTOR('',#6132,1.);
#3500=VECTOR('',#6137,1.);
#3501=VECTOR('',#6138,1.);
#3502=VECTOR('',#6141,1.);
#3503=VECTOR('',#6142,1.);
#3504=VECTOR('',#6145,1.);
#3505=VECTOR('',#6146,1.);
#3506=VECTOR('',#6149,1.);
#3507=VECTOR('',#6150,1.);
#3508=VECTOR('',#6153,1.);
#3509=VECTOR('',#6154,1.);
#3510=VECTOR('',#6157,1.);
#3511=VECTOR('',#6158,1.);
#3512=VECTOR('',#6161,1.);
#3513=VECTOR('',#6162,1.);
#3514=VECTOR('',#6165,1.);
#3515=VECTOR('',#6166,1.);
#3516=VECTOR('',#6169,1.);
#3517=VECTOR('',#6170,1.);
#3518=VECTOR('',#6173,1.);
#3519=VECTOR('',#6174,1.);
#3520=VECTOR('',#6177,1.);
#3521=VECTOR('',#6178,1.);
#3522=VECTOR('',#6181,1.);
#3523=VECTOR('',#6182,1.);
#3524=VECTOR('',#6185,1.);
#3525=VECTOR('',#6186,1.);
#3526=VECTOR('',#6189,1.);
#3527=VECTOR('',#6190,1.);
#3528=VECTOR('',#6193,1.);
#3529=VECTOR('',#6194,1.);
#3530=VECTOR('',#6197,1.);
#3531=VECTOR('',#6198,1.);
#3532=VECTOR('',#6201,1.);
#3533=VECTOR('',#6202,1.);
#3534=VECTOR('',#6203,1.);
#3535=VECTOR('',#6204,1.);
#3536=VECTOR('',#6205,1.);
#3537=VECTOR('',#6206,1.);
#3538=VECTOR('',#6207,1.);
#3539=VECTOR('',#6208,1.);
#3540=VECTOR('',#6209,1.);
#3541=VECTOR('',#6210,1.);
#3542=VECTOR('',#6211,1.);
#3543=VECTOR('',#6212,1.);
#3544=VECTOR('',#6223,1.);
#3545=VECTOR('',#6224,1.);
#3546=VECTOR('',#6225,1.);
#3547=VECTOR('',#6226,1.);
#3548=VECTOR('',#6227,1.);
#3549=VECTOR('',#6228,1.);
#3550=VECTOR('',#6229,1.);
#3551=VECTOR('',#6230,1.);
#3552=VECTOR('',#6231,1.);
#3553=VECTOR('',#6232,1.);
#3554=VECTOR('',#6233,1.);
#3555=VECTOR('',#6234,1.);
#3556=VECTOR('',#6245,1.);
#3557=VECTOR('',#6246,1.);
#3558=VECTOR('',#6249,1.);
#3559=VECTOR('',#6252,1.);
#3560=VECTOR('',#6257,1.);
#3561=VECTOR('',#6258,1.);
#3562=VECTOR('',#6261,1.);
#3563=VECTOR('',#6264,1.);
#3564=VECTOR('',#6275,1.);
#3565=VECTOR('',#6276,1.);
#3566=VECTOR('',#6279,1.);
#3567=VECTOR('',#6280,1.);
#3568=VECTOR('',#6291,1.);
#3569=VECTOR('',#6292,1.);
#3570=VECTOR('',#6293,1.);
#3571=VECTOR('',#6294,1.);
#3572=VECTOR('',#6297,1.);
#3573=VECTOR('',#6298,1.);
#3574=VECTOR('',#6299,1.);
#3575=VECTOR('',#6300,1.);
#3576=VECTOR('',#6301,1.);
#3577=VECTOR('',#6302,1.);
#3578=VECTOR('',#6305,1.);
#3579=VECTOR('',#6306,1.);
#3580=VECTOR('',#6307,1.);
#3581=VECTOR('',#6308,1.);
#3582=VECTOR('',#6309,1.);
#3583=VECTOR('',#6310,1.);
#3584=VECTOR('',#6311,1.);
#3585=VECTOR('',#6312,1.);
#3586=VECTOR('',#6313,1.);
#3587=VECTOR('',#6314,1.);
#3588=VECTOR('',#6315,1.);
#3589=VECTOR('',#6318,1.);
#3590=VECTOR('',#6319,1.);
#3591=VECTOR('',#6322,1.);
#3592=VECTOR('',#6323,1.);
#3593=VECTOR('',#6324,1.);
#3594=VECTOR('',#6325,1.);
#3595=VECTOR('',#6328,1.);
#3596=VECTOR('',#6329,1.);
#3597=VECTOR('',#6330,1.);
#3598=VECTOR('',#6331,1.);
#3599=VECTOR('',#6336,1.);
#3600=VECTOR('',#6337,1.);
#3601=VECTOR('',#6340,1.);
#3602=VECTOR('',#6343,1.);
#3603=VECTOR('',#6344,1.);
#3604=VECTOR('',#6349,1.);
#3605=VECTOR('',#6352,1.);
#3606=VECTOR('',#6353,1.);
#3607=VECTOR('',#6354,1.);
#3608=VECTOR('',#6357,1.);
#3609=VECTOR('',#6360,1.);
#3610=VECTOR('',#6361,1.);
#3611=VECTOR('',#6362,1.);
#3612=VECTOR('',#6365,1.);
#3613=VECTOR('',#6368,1.);
#3614=EDGE_LOOP('',(#292,#293,#294,#295,#296,#297,#298,#299));
#3615=EDGE_LOOP('',(#300,#301,#302,#303,#304,#305,#306,#307,#308,#309,#310,
#311,#312,#313,#314,#315));
#3616=EDGE_LOOP('',(#316,#317,#318,#319,#320,#321,#322,#323));
#3617=EDGE_LOOP('',(#324,#325,#326,#327));
#3618=EDGE_LOOP('',(#328,#329,#330,#331));
#3619=EDGE_LOOP('',(#332,#333,#334,#335));
#3620=EDGE_LOOP('',(#336,#337,#338,#339));
#3621=EDGE_LOOP('',(#340,#341,#342,#343,#344,#345,#346,#347,#348,#349,#350,
#351,#352,#353,#354,#355,#356,#357,#358,#359,#360,#361,#362,#363));
#3622=EDGE_LOOP('',(#364));
#3623=EDGE_LOOP('',(#365));
#3624=EDGE_LOOP('',(#366));
#3625=EDGE_LOOP('',(#367));
#3626=EDGE_LOOP('',(#368));
#3627=EDGE_LOOP('',(#369));
#3628=EDGE_LOOP('',(#370));
#3629=EDGE_LOOP('',(#371));
#3630=EDGE_LOOP('',(#372,#373,#374,#375));
#3631=EDGE_LOOP('',(#376,#377,#378,#379));
#3632=EDGE_LOOP('',(#380,#381,#382,#383));
#3633=EDGE_LOOP('',(#384,#385,#386,#387,#388));
#3634=EDGE_LOOP('',(#389,#390,#391,#392,#393));
#3635=EDGE_LOOP('',(#394,#395,#396,#397));
#3636=EDGE_LOOP('',(#398,#399,#400,#401));
#3637=EDGE_LOOP('',(#402,#403,#404,#405));
#3638=EDGE_LOOP('',(#406,#407,#408,#409));
#3639=EDGE_LOOP('',(#410,#411,#412,#413));
#3640=EDGE_LOOP('',(#414,#415,#416,#417));
#3641=EDGE_LOOP('',(#418,#419,#420,#421));
#3642=EDGE_LOOP('',(#422,#423,#424,#425));
#3643=EDGE_LOOP('',(#426));
#3644=EDGE_LOOP('',(#427));
#3645=EDGE_LOOP('',(#428));
#3646=EDGE_LOOP('',(#429));
#3647=EDGE_LOOP('',(#430,#431,#432,#433));
#3648=EDGE_LOOP('',(#434));
#3649=EDGE_LOOP('',(#435));
#3650=EDGE_LOOP('',(#436));
#3651=EDGE_LOOP('',(#437));
#3652=EDGE_LOOP('',(#438));
#3653=EDGE_LOOP('',(#439));
#3654=EDGE_LOOP('',(#440));
#3655=EDGE_LOOP('',(#441));
#3656=EDGE_LOOP('',(#442));
#3657=EDGE_LOOP('',(#443));
#3658=EDGE_LOOP('',(#444));
#3659=EDGE_LOOP('',(#445));
#3660=EDGE_LOOP('',(#446));
#3661=EDGE_LOOP('',(#447));
#3662=EDGE_LOOP('',(#448));
#3663=EDGE_LOOP('',(#449));
#3664=EDGE_LOOP('',(#450,#451,#452,#453));
#3665=EDGE_LOOP('',(#454,#455,#456,#457));
#3666=EDGE_LOOP('',(#458,#459,#460,#461));
#3667=EDGE_LOOP('',(#462,#463,#464,#465));
#3668=EDGE_LOOP('',(#466,#467,#468,#469));
#3669=EDGE_LOOP('',(#470,#471,#472,#473));
#3670=EDGE_LOOP('',(#474,#475,#476,#477));
#3671=EDGE_LOOP('',(#478,#479,#480,#481,#482,#483,#484,#485));
#3672=EDGE_LOOP('',(#486,#487,#488,#489,#490,#491,#492,#493));
#3673=EDGE_LOOP('',(#494,#495,#496,#497,#498,#499,#500,#501));
#3674=EDGE_LOOP('',(#502,#503,#504,#505,#506,#507));
#3675=EDGE_LOOP('',(#508,#509,#510,#511));
#3676=EDGE_LOOP('',(#512,#513,#514,#515));
#3677=EDGE_LOOP('',(#516,#517,#518,#519,#520,#521));
#3678=EDGE_LOOP('',(#522,#523,#524,#525));
#3679=EDGE_LOOP('',(#526,#527,#528,#529));
#3680=EDGE_LOOP('',(#530));
#3681=EDGE_LOOP('',(#531));
#3682=EDGE_LOOP('',(#532));
#3683=EDGE_LOOP('',(#533));
#3684=EDGE_LOOP('',(#534));
#3685=EDGE_LOOP('',(#535));
#3686=EDGE_LOOP('',(#536,#537,#538,#539,#540,#541,#542,#543,#544,#545,#546,
#547));
#3687=EDGE_LOOP('',(#548));
#3688=EDGE_LOOP('',(#549));
#3689=EDGE_LOOP('',(#550));
#3690=EDGE_LOOP('',(#551));
#3691=EDGE_LOOP('',(#552,#553,#554,#555,#556,#557,#558,#559,#560,#561,#562,
#563,#564,#565,#566,#567));
#3692=EDGE_LOOP('',(#568,#569,#570,#571));
#3693=EDGE_LOOP('',(#572,#573,#574,#575));
#3694=EDGE_LOOP('',(#576,#577,#578,#579));
#3695=EDGE_LOOP('',(#580,#581,#582,#583));
#3696=EDGE_LOOP('',(#584,#585,#586,#587));
#3697=EDGE_LOOP('',(#588,#589,#590,#591));
#3698=EDGE_LOOP('',(#592,#593,#594,#595));
#3699=EDGE_LOOP('',(#596,#597,#598,#599));
#3700=EDGE_LOOP('',(#600,#601,#602,#603));
#3701=EDGE_LOOP('',(#604,#605,#606,#607));
#3702=EDGE_LOOP('',(#608,#609,#610,#611));
#3703=EDGE_LOOP('',(#612,#613,#614,#615,#616,#617,#618,#619,#620,#621,#622,
#623));
#3704=EDGE_LOOP('',(#624));
#3705=EDGE_LOOP('',(#625));
#3706=EDGE_LOOP('',(#626));
#3707=EDGE_LOOP('',(#627));
#3708=EDGE_LOOP('',(#628));
#3709=EDGE_LOOP('',(#629));
#3710=EDGE_LOOP('',(#630));
#3711=EDGE_LOOP('',(#631));
#3712=EDGE_LOOP('',(#632));
#3713=EDGE_LOOP('',(#633));
#3714=EDGE_LOOP('',(#634));
#3715=EDGE_LOOP('',(#635));
#3716=EDGE_LOOP('',(#636,#637,#638,#639));
#3717=EDGE_LOOP('',(#640,#641,#642,#643));
#3718=EDGE_LOOP('',(#644,#645,#646,#647));
#3719=EDGE_LOOP('',(#648,#649,#650,#651));
#3720=EDGE_LOOP('',(#652,#653,#654,#655));
#3721=EDGE_LOOP('',(#656,#657,#658,#659));
#3722=EDGE_LOOP('',(#660,#661,#662,#663));
#3723=EDGE_LOOP('',(#664,#665,#666,#667));
#3724=EDGE_LOOP('',(#668,#669,#670,#671));
#3725=EDGE_LOOP('',(#672,#673,#674,#675));
#3726=EDGE_LOOP('',(#676,#677,#678,#679));
#3727=EDGE_LOOP('',(#680,#681,#682,#683));
#3728=EDGE_LOOP('',(#684,#685,#686,#687));
#3729=EDGE_LOOP('',(#688,#689,#690,#691));
#3730=EDGE_LOOP('',(#692,#693,#694,#695));
#3731=EDGE_LOOP('',(#696,#697,#698,#699));
#3732=EDGE_LOOP('',(#700,#701,#702,#703));
#3733=EDGE_LOOP('',(#704,#705,#706,#707));
#3734=EDGE_LOOP('',(#708,#709,#710,#711));
#3735=EDGE_LOOP('',(#712,#713,#714,#715));
#3736=EDGE_LOOP('',(#716,#717,#718,#719));
#3737=EDGE_LOOP('',(#720,#721,#722,#723));
#3738=EDGE_LOOP('',(#724,#725,#726,#727));
#3739=EDGE_LOOP('',(#728,#729,#730,#731));
#3740=EDGE_LOOP('',(#732,#733,#734,#735));
#3741=EDGE_LOOP('',(#736,#737,#738,#739));
#3742=EDGE_LOOP('',(#740,#741,#742,#743));
#3743=EDGE_LOOP('',(#744,#745,#746,#747));
#3744=EDGE_LOOP('',(#748,#749,#750,#751));
#3745=EDGE_LOOP('',(#752,#753,#754,#755));
#3746=EDGE_LOOP('',(#756,#757,#758,#759));
#3747=EDGE_LOOP('',(#760,#761,#762,#763));
#3748=EDGE_LOOP('',(#764,#765,#766,#767));
#3749=EDGE_LOOP('',(#768,#769,#770,#771));
#3750=EDGE_LOOP('',(#772,#773,#774,#775));
#3751=EDGE_LOOP('',(#776,#777,#778,#779));
#3752=EDGE_LOOP('',(#780,#781,#782,#783));
#3753=EDGE_LOOP('',(#784,#785,#786,#787));
#3754=EDGE_LOOP('',(#788,#789,#790,#791));
#3755=EDGE_LOOP('',(#792,#793,#794,#795));
#3756=EDGE_LOOP('',(#796,#797,#798,#799));
#3757=EDGE_LOOP('',(#800,#801,#802,#803));
#3758=EDGE_LOOP('',(#804,#805,#806,#807));
#3759=EDGE_LOOP('',(#808,#809,#810,#811));
#3760=EDGE_LOOP('',(#812,#813,#814,#815));
#3761=EDGE_LOOP('',(#816,#817,#818,#819));
#3762=EDGE_LOOP('',(#820,#821,#822,#823));
#3763=EDGE_LOOP('',(#824,#825,#826,#827));
#3764=EDGE_LOOP('',(#828,#829,#830,#831));
#3765=EDGE_LOOP('',(#832,#833,#834,#835));
#3766=EDGE_LOOP('',(#836,#837,#838,#839));
#3767=EDGE_LOOP('',(#840,#841,#842,#843));
#3768=EDGE_LOOP('',(#844,#845,#846,#847));
#3769=EDGE_LOOP('',(#848,#849,#850,#851));
#3770=EDGE_LOOP('',(#852,#853,#854,#855));
#3771=EDGE_LOOP('',(#856,#857,#858,#859));
#3772=EDGE_LOOP('',(#860,#861,#862,#863));
#3773=EDGE_LOOP('',(#864,#865,#866,#867));
#3774=EDGE_LOOP('',(#868,#869,#870,#871));
#3775=EDGE_LOOP('',(#872,#873,#874,#875));
#3776=EDGE_LOOP('',(#876,#877,#878,#879));
#3777=EDGE_LOOP('',(#880,#881,#882,#883));
#3778=EDGE_LOOP('',(#884,#885,#886,#887));
#3779=EDGE_LOOP('',(#888,#889,#890,#891));
#3780=EDGE_LOOP('',(#892,#893,#894,#895));
#3781=EDGE_LOOP('',(#896,#897,#898,#899));
#3782=EDGE_LOOP('',(#900,#901,#902,#903));
#3783=EDGE_LOOP('',(#904,#905,#906,#907));
#3784=EDGE_LOOP('',(#908,#909,#910,#911));
#3785=EDGE_LOOP('',(#912,#913,#914,#915));
#3786=EDGE_LOOP('',(#916,#917,#918,#919));
#3787=EDGE_LOOP('',(#920,#921,#922,#923));
#3788=EDGE_LOOP('',(#924,#925,#926,#927));
#3789=EDGE_LOOP('',(#928,#929,#930,#931));
#3790=EDGE_LOOP('',(#932,#933,#934,#935));
#3791=EDGE_LOOP('',(#936,#937,#938,#939));
#3792=EDGE_LOOP('',(#940,#941,#942,#943));
#3793=EDGE_LOOP('',(#944,#945,#946,#947));
#3794=EDGE_LOOP('',(#948,#949,#950,#951));
#3795=EDGE_LOOP('',(#952,#953,#954,#955));
#3796=EDGE_LOOP('',(#956,#957,#958,#959));
#3797=EDGE_LOOP('',(#960,#961,#962,#963));
#3798=EDGE_LOOP('',(#964,#965,#966,#967));
#3799=EDGE_LOOP('',(#968,#969,#970,#971));
#3800=EDGE_LOOP('',(#972,#973,#974,#975));
#3801=EDGE_LOOP('',(#976,#977,#978,#979));
#3802=EDGE_LOOP('',(#980,#981,#982,#983));
#3803=EDGE_LOOP('',(#984,#985,#986,#987));
#3804=EDGE_LOOP('',(#988,#989,#990,#991));
#3805=EDGE_LOOP('',(#992,#993,#994,#995));
#3806=EDGE_LOOP('',(#996,#997,#998,#999));
#3807=EDGE_LOOP('',(#1000,#1001,#1002,#1003));
#3808=EDGE_LOOP('',(#1004,#1005,#1006,#1007));
#3809=EDGE_LOOP('',(#1008,#1009,#1010,#1011));
#3810=EDGE_LOOP('',(#1012,#1013,#1014,#1015));
#3811=EDGE_LOOP('',(#1016,#1017,#1018,#1019));
#3812=EDGE_LOOP('',(#1020,#1021,#1022,#1023));
#3813=EDGE_LOOP('',(#1024,#1025,#1026,#1027));
#3814=EDGE_LOOP('',(#1028,#1029,#1030,#1031));
#3815=EDGE_LOOP('',(#1032,#1033,#1034,#1035));
#3816=EDGE_LOOP('',(#1036,#1037,#1038,#1039));
#3817=EDGE_LOOP('',(#1040,#1041,#1042,#1043));
#3818=EDGE_LOOP('',(#1044,#1045,#1046,#1047));
#3819=EDGE_LOOP('',(#1048,#1049,#1050,#1051));
#3820=EDGE_LOOP('',(#1052,#1053,#1054,#1055));
#3821=EDGE_LOOP('',(#1056,#1057,#1058,#1059));
#3822=EDGE_LOOP('',(#1060,#1061,#1062,#1063));
#3823=EDGE_LOOP('',(#1064,#1065,#1066,#1067));
#3824=EDGE_LOOP('',(#1068,#1069,#1070,#1071));
#3825=EDGE_LOOP('',(#1072,#1073,#1074,#1075));
#3826=EDGE_LOOP('',(#1076,#1077,#1078,#1079));
#3827=EDGE_LOOP('',(#1080,#1081,#1082,#1083));
#3828=EDGE_LOOP('',(#1084,#1085,#1086,#1087));
#3829=EDGE_LOOP('',(#1088,#1089,#1090,#1091));
#3830=EDGE_LOOP('',(#1092,#1093,#1094,#1095));
#3831=EDGE_LOOP('',(#1096,#1097,#1098,#1099));
#3832=EDGE_LOOP('',(#1100,#1101,#1102,#1103));
#3833=EDGE_LOOP('',(#1104,#1105,#1106,#1107));
#3834=EDGE_LOOP('',(#1108,#1109,#1110,#1111));
#3835=EDGE_LOOP('',(#1112,#1113,#1114,#1115));
#3836=EDGE_LOOP('',(#1116,#1117,#1118,#1119));
#3837=EDGE_LOOP('',(#1120,#1121,#1122,#1123));
#3838=EDGE_LOOP('',(#1124,#1125,#1126,#1127));
#3839=EDGE_LOOP('',(#1128,#1129,#1130,#1131));
#3840=EDGE_LOOP('',(#1132,#1133,#1134,#1135));
#3841=EDGE_LOOP('',(#1136,#1137,#1138,#1139));
#3842=EDGE_LOOP('',(#1140,#1141,#1142,#1143));
#3843=EDGE_LOOP('',(#1144,#1145,#1146,#1147));
#3844=EDGE_LOOP('',(#1148,#1149,#1150,#1151,#1152,#1153,#1154,#1155));
#3845=EDGE_LOOP('',(#1156,#1157,#1158,#1159,#1160,#1161,#1162,#1163));
#3846=EDGE_LOOP('',(#1164,#1165,#1166,#1167,#1168,#1169,#1170,#1171));
#3847=EDGE_LOOP('',(#1172,#1173,#1174,#1175,#1176,#1177,#1178,#1179));
#3848=EDGE_LOOP('',(#1180,#1181,#1182,#1183,#1184,#1185,#1186,#1187));
#3849=EDGE_LOOP('',(#1188,#1189,#1190,#1191,#1192,#1193,#1194,#1195));
#3850=EDGE_LOOP('',(#1196,#1197,#1198,#1199,#1200,#1201,#1202,#1203));
#3851=EDGE_LOOP('',(#1204,#1205,#1206,#1207,#1208,#1209,#1210,#1211));
#3852=EDGE_LOOP('',(#1212,#1213,#1214,#1215,#1216,#1217,#1218,#1219));
#3853=EDGE_LOOP('',(#1220,#1221,#1222,#1223,#1224,#1225,#1226,#1227));
#3854=EDGE_LOOP('',(#1228,#1229,#1230,#1231,#1232,#1233,#1234,#1235));
#3855=EDGE_LOOP('',(#1236,#1237,#1238,#1239,#1240,#1241,#1242,#1243));
#3856=EDGE_LOOP('',(#1244,#1245,#1246,#1247,#1248,#1249,#1250,#1251));
#3857=EDGE_LOOP('',(#1252,#1253,#1254,#1255,#1256,#1257,#1258,#1259));
#3858=EDGE_LOOP('',(#1260,#1261,#1262,#1263,#1264,#1265,#1266,#1267));
#3859=EDGE_LOOP('',(#1268,#1269,#1270,#1271,#1272,#1273,#1274,#1275));
#3860=EDGE_LOOP('',(#1276,#1277,#1278,#1279,#1280,#1281,#1282,#1283));
#3861=EDGE_LOOP('',(#1284,#1285,#1286,#1287));
#3862=EDGE_LOOP('',(#1288));
#3863=EDGE_LOOP('',(#1289));
#3864=EDGE_LOOP('',(#1290));
#3865=EDGE_LOOP('',(#1291));
#3866=EDGE_LOOP('',(#1292,#1293,#1294,#1295,#1296,#1297,#1298,#1299));
#3867=EDGE_LOOP('',(#1300,#1301,#1302,#1303,#1304,#1305,#1306,#1307));
#3868=EDGE_LOOP('',(#1308,#1309,#1310,#1311,#1312,#1313,#1314,#1315));
#3869=EDGE_LOOP('',(#1316,#1317,#1318,#1319,#1320,#1321,#1322,#1323));
#3870=EDGE_LOOP('',(#1324,#1325,#1326,#1327,#1328,#1329,#1330,#1331));
#3871=EDGE_LOOP('',(#1332,#1333,#1334,#1335,#1336,#1337,#1338,#1339));
#3872=EDGE_LOOP('',(#1340,#1341,#1342,#1343,#1344,#1345,#1346,#1347));
#3873=EDGE_LOOP('',(#1348,#1349,#1350,#1351,#1352,#1353,#1354,#1355));
#3874=EDGE_LOOP('',(#1356,#1357,#1358,#1359,#1360,#1361,#1362,#1363));
#3875=EDGE_LOOP('',(#1364,#1365,#1366,#1367,#1368,#1369,#1370,#1371));
#3876=EDGE_LOOP('',(#1372,#1373,#1374,#1375,#1376,#1377,#1378,#1379));
#3877=EDGE_LOOP('',(#1380,#1381,#1382,#1383,#1384,#1385,#1386,#1387));
#3878=EDGE_LOOP('',(#1388,#1389,#1390,#1391,#1392,#1393,#1394,#1395));
#3879=EDGE_LOOP('',(#1396,#1397,#1398,#1399,#1400,#1401,#1402,#1403));
#3880=EDGE_LOOP('',(#1404,#1405,#1406,#1407,#1408,#1409,#1410,#1411));
#3881=EDGE_LOOP('',(#1412,#1413,#1414,#1415,#1416,#1417,#1418,#1419));
#3882=EDGE_LOOP('',(#1420,#1421,#1422,#1423));
#3883=EDGE_LOOP('',(#1424,#1425,#1426,#1427,#1428,#1429,#1430,#1431));
#3884=EDGE_LOOP('',(#1432));
#3885=EDGE_LOOP('',(#1433));
#3886=EDGE_LOOP('',(#1434));
#3887=EDGE_LOOP('',(#1435));
#3888=EDGE_LOOP('',(#1436,#1437,#1438,#1439));
#3889=EDGE_LOOP('',(#1440,#1441,#1442,#1443));
#3890=EDGE_LOOP('',(#1444,#1445,#1446,#1447));
#3891=EDGE_LOOP('',(#1448,#1449,#1450,#1451));
#3892=EDGE_LOOP('',(#1452,#1453,#1454,#1455));
#3893=EDGE_LOOP('',(#1456,#1457,#1458,#1459));
#3894=EDGE_LOOP('',(#1460,#1461,#1462,#1463));
#3895=EDGE_LOOP('',(#1464));
#3896=EDGE_LOOP('',(#1465));
#3897=EDGE_LOOP('',(#1466));
#3898=EDGE_LOOP('',(#1467));
#3899=EDGE_LOOP('',(#1468));
#3900=EDGE_LOOP('',(#1469));
#3901=EDGE_LOOP('',(#1470));
#3902=EDGE_LOOP('',(#1471));
#3903=EDGE_LOOP('',(#1472,#1473,#1474,#1475));
#3904=EDGE_LOOP('',(#1476,#1477,#1478,#1479));
#3905=EDGE_LOOP('',(#1480,#1481,#1482,#1483));
#3906=EDGE_LOOP('',(#1484,#1485,#1486,#1487));
#3907=EDGE_LOOP('',(#1488,#1489,#1490,#1491));
#3908=EDGE_LOOP('',(#1492,#1493,#1494,#1495));
#3909=EDGE_LOOP('',(#1496,#1497,#1498,#1499,#1500,#1501));
#3910=EDGE_LOOP('',(#1502,#1503,#1504,#1505,#1506,#1507,#1508,#1509,#1510,
#1511,#1512,#1513,#1514,#1515));
#3911=EDGE_LOOP('',(#1516,#1517,#1518,#1519));
#3912=EDGE_LOOP('',(#1520,#1521,#1522,#1523,#1524));
#3913=EDGE_LOOP('',(#1525,#1526,#1527,#1528,#1529));
#3914=EDGE_LOOP('',(#1530,#1531,#1532,#1533,#1534,#1535));
#3915=EDGE_LOOP('',(#1536,#1537,#1538,#1539));
#3916=EDGE_LOOP('',(#1540,#1541,#1542,#1543));
#3917=EDGE_LOOP('',(#1544,#1545,#1546,#1547,#1548,#1549));
#3918=EDGE_LOOP('',(#1550,#1551,#1552,#1553,#1554,#1555));
#3919=EDGE_LOOP('',(#1556,#1557,#1558,#1559));
#3920=EDGE_LOOP('',(#1560,#1561,#1562,#1563,#1564,#1565));
#3921=EDGE_LOOP('',(#1566,#1567,#1568,#1569));
#3922=EDGE_LOOP('',(#1570,#1571,#1572,#1573));
#3923=EDGE_LOOP('',(#1574,#1575,#1576,#1577,#1578,#1579,#1580,#1581,#1582,
#1583,#1584,#1585));
#3924=EDGE_LOOP('',(#1586));
#3925=EDGE_LOOP('',(#1587));
#3926=FACE_BOUND('',#3614,.T.);
#3927=FACE_BOUND('',#3615,.T.);
#3928=FACE_BOUND('',#3616,.T.);
#3929=FACE_BOUND('',#3617,.T.);
#3930=FACE_BOUND('',#3618,.T.);
#3931=FACE_BOUND('',#3619,.T.);
#3932=FACE_BOUND('',#3620,.T.);
#3933=FACE_BOUND('',#3621,.T.);
#3934=FACE_BOUND('',#3622,.T.);
#3935=FACE_BOUND('',#3623,.T.);
#3936=FACE_BOUND('',#3624,.T.);
#3937=FACE_BOUND('',#3625,.T.);
#3938=FACE_BOUND('',#3626,.T.);
#3939=FACE_BOUND('',#3627,.T.);
#3940=FACE_BOUND('',#3628,.T.);
#3941=FACE_BOUND('',#3629,.T.);
#3942=FACE_BOUND('',#3630,.T.);
#3943=FACE_BOUND('',#3631,.T.);
#3944=FACE_BOUND('',#3632,.T.);
#3945=FACE_BOUND('',#3633,.T.);
#3946=FACE_BOUND('',#3634,.T.);
#3947=FACE_BOUND('',#3635,.T.);
#3948=FACE_BOUND('',#3636,.T.);
#3949=FACE_BOUND('',#3637,.T.);
#3950=FACE_BOUND('',#3638,.T.);
#3951=FACE_BOUND('',#3639,.T.);
#3952=FACE_BOUND('',#3640,.T.);
#3953=FACE_BOUND('',#3641,.T.);
#3954=FACE_BOUND('',#3642,.T.);
#3955=FACE_BOUND('',#3643,.T.);
#3956=FACE_BOUND('',#3644,.T.);
#3957=FACE_BOUND('',#3645,.T.);
#3958=FACE_BOUND('',#3646,.T.);
#3959=FACE_BOUND('',#3647,.T.);
#3960=FACE_BOUND('',#3648,.T.);
#3961=FACE_BOUND('',#3649,.T.);
#3962=FACE_BOUND('',#3650,.T.);
#3963=FACE_BOUND('',#3651,.T.);
#3964=FACE_BOUND('',#3652,.T.);
#3965=FACE_BOUND('',#3653,.T.);
#3966=FACE_BOUND('',#3654,.T.);
#3967=FACE_BOUND('',#3655,.T.);
#3968=FACE_BOUND('',#3656,.T.);
#3969=FACE_BOUND('',#3657,.T.);
#3970=FACE_BOUND('',#3658,.T.);
#3971=FACE_BOUND('',#3659,.T.);
#3972=FACE_BOUND('',#3660,.T.);
#3973=FACE_BOUND('',#3661,.T.);
#3974=FACE_BOUND('',#3662,.T.);
#3975=FACE_BOUND('',#3663,.T.);
#3976=FACE_BOUND('',#3664,.T.);
#3977=FACE_BOUND('',#3665,.T.);
#3978=FACE_BOUND('',#3666,.T.);
#3979=FACE_BOUND('',#3667,.T.);
#3980=FACE_BOUND('',#3668,.T.);
#3981=FACE_BOUND('',#3669,.T.);
#3982=FACE_BOUND('',#3670,.T.);
#3983=FACE_BOUND('',#3671,.T.);
#3984=FACE_BOUND('',#3672,.T.);
#3985=FACE_BOUND('',#3673,.T.);
#3986=FACE_BOUND('',#3674,.T.);
#3987=FACE_BOUND('',#3675,.T.);
#3988=FACE_BOUND('',#3676,.T.);
#3989=FACE_BOUND('',#3677,.T.);
#3990=FACE_BOUND('',#3678,.T.);
#3991=FACE_BOUND('',#3679,.T.);
#3992=FACE_BOUND('',#3680,.T.);
#3993=FACE_BOUND('',#3681,.T.);
#3994=FACE_BOUND('',#3682,.T.);
#3995=FACE_BOUND('',#3683,.T.);
#3996=FACE_BOUND('',#3684,.T.);
#3997=FACE_BOUND('',#3685,.T.);
#3998=FACE_BOUND('',#3686,.T.);
#3999=FACE_BOUND('',#3687,.T.);
#4000=FACE_BOUND('',#3688,.T.);
#4001=FACE_BOUND('',#3689,.T.);
#4002=FACE_BOUND('',#3690,.T.);
#4003=FACE_BOUND('',#3691,.T.);
#4004=FACE_BOUND('',#3692,.T.);
#4005=FACE_BOUND('',#3693,.T.);
#4006=FACE_BOUND('',#3694,.T.);
#4007=FACE_BOUND('',#3695,.T.);
#4008=FACE_BOUND('',#3696,.T.);
#4009=FACE_BOUND('',#3697,.T.);
#4010=FACE_BOUND('',#3698,.T.);
#4011=FACE_BOUND('',#3699,.T.);
#4012=FACE_BOUND('',#3700,.T.);
#4013=FACE_BOUND('',#3701,.T.);
#4014=FACE_BOUND('',#3702,.T.);
#4015=FACE_BOUND('',#3703,.T.);
#4016=FACE_BOUND('',#3704,.T.);
#4017=FACE_BOUND('',#3705,.T.);
#4018=FACE_BOUND('',#3706,.T.);
#4019=FACE_BOUND('',#3707,.T.);
#4020=FACE_BOUND('',#3708,.T.);
#4021=FACE_BOUND('',#3709,.T.);
#4022=FACE_BOUND('',#3710,.T.);
#4023=FACE_BOUND('',#3711,.T.);
#4024=FACE_BOUND('',#3712,.T.);
#4025=FACE_BOUND('',#3713,.T.);
#4026=FACE_BOUND('',#3714,.T.);
#4027=FACE_BOUND('',#3715,.T.);
#4028=FACE_BOUND('',#3716,.T.);
#4029=FACE_BOUND('',#3717,.T.);
#4030=FACE_BOUND('',#3718,.T.);
#4031=FACE_BOUND('',#3719,.T.);
#4032=FACE_BOUND('',#3720,.T.);
#4033=FACE_BOUND('',#3721,.T.);
#4034=FACE_BOUND('',#3722,.T.);
#4035=FACE_BOUND('',#3723,.T.);
#4036=FACE_BOUND('',#3724,.T.);
#4037=FACE_BOUND('',#3725,.T.);
#4038=FACE_BOUND('',#3726,.T.);
#4039=FACE_BOUND('',#3727,.T.);
#4040=FACE_BOUND('',#3728,.T.);
#4041=FACE_BOUND('',#3729,.T.);
#4042=FACE_BOUND('',#3730,.T.);
#4043=FACE_BOUND('',#3731,.T.);
#4044=FACE_BOUND('',#3732,.T.);
#4045=FACE_BOUND('',#3733,.T.);
#4046=FACE_BOUND('',#3734,.T.);
#4047=FACE_BOUND('',#3735,.T.);
#4048=FACE_BOUND('',#3736,.T.);
#4049=FACE_BOUND('',#3737,.T.);
#4050=FACE_BOUND('',#3738,.T.);
#4051=FACE_BOUND('',#3739,.T.);
#4052=FACE_BOUND('',#3740,.T.);
#4053=FACE_BOUND('',#3741,.T.);
#4054=FACE_BOUND('',#3742,.T.);
#4055=FACE_BOUND('',#3743,.T.);
#4056=FACE_BOUND('',#3744,.T.);
#4057=FACE_BOUND('',#3745,.T.);
#4058=FACE_BOUND('',#3746,.T.);
#4059=FACE_BOUND('',#3747,.T.);
#4060=FACE_BOUND('',#3748,.T.);
#4061=FACE_BOUND('',#3749,.T.);
#4062=FACE_BOUND('',#3750,.T.);
#4063=FACE_BOUND('',#3751,.T.);
#4064=FACE_BOUND('',#3752,.T.);
#4065=FACE_BOUND('',#3753,.T.);
#4066=FACE_BOUND('',#3754,.T.);
#4067=FACE_BOUND('',#3755,.T.);
#4068=FACE_BOUND('',#3756,.T.);
#4069=FACE_BOUND('',#3757,.T.);
#4070=FACE_BOUND('',#3758,.T.);
#4071=FACE_BOUND('',#3759,.T.);
#4072=FACE_BOUND('',#3760,.T.);
#4073=FACE_BOUND('',#3761,.T.);
#4074=FACE_BOUND('',#3762,.T.);
#4075=FACE_BOUND('',#3763,.T.);
#4076=FACE_BOUND('',#3764,.T.);
#4077=FACE_BOUND('',#3765,.T.);
#4078=FACE_BOUND('',#3766,.T.);
#4079=FACE_BOUND('',#3767,.T.);
#4080=FACE_BOUND('',#3768,.T.);
#4081=FACE_BOUND('',#3769,.T.);
#4082=FACE_BOUND('',#3770,.T.);
#4083=FACE_BOUND('',#3771,.T.);
#4084=FACE_BOUND('',#3772,.T.);
#4085=FACE_BOUND('',#3773,.T.);
#4086=FACE_BOUND('',#3774,.T.);
#4087=FACE_BOUND('',#3775,.T.);
#4088=FACE_BOUND('',#3776,.T.);
#4089=FACE_BOUND('',#3777,.T.);
#4090=FACE_BOUND('',#3778,.T.);
#4091=FACE_BOUND('',#3779,.T.);
#4092=FACE_BOUND('',#3780,.T.);
#4093=FACE_BOUND('',#3781,.T.);
#4094=FACE_BOUND('',#3782,.T.);
#4095=FACE_BOUND('',#3783,.T.);
#4096=FACE_BOUND('',#3784,.T.);
#4097=FACE_BOUND('',#3785,.T.);
#4098=FACE_BOUND('',#3786,.T.);
#4099=FACE_BOUND('',#3787,.T.);
#4100=FACE_BOUND('',#3788,.T.);
#4101=FACE_BOUND('',#3789,.T.);
#4102=FACE_BOUND('',#3790,.T.);
#4103=FACE_BOUND('',#3791,.T.);
#4104=FACE_BOUND('',#3792,.T.);
#4105=FACE_BOUND('',#3793,.T.);
#4106=FACE_BOUND('',#3794,.T.);
#4107=FACE_BOUND('',#3795,.T.);
#4108=FACE_BOUND('',#3796,.T.);
#4109=FACE_BOUND('',#3797,.T.);
#4110=FACE_BOUND('',#3798,.T.);
#4111=FACE_BOUND('',#3799,.T.);
#4112=FACE_BOUND('',#3800,.T.);
#4113=FACE_BOUND('',#3801,.T.);
#4114=FACE_BOUND('',#3802,.T.);
#4115=FACE_BOUND('',#3803,.T.);
#4116=FACE_BOUND('',#3804,.T.);
#4117=FACE_BOUND('',#3805,.T.);
#4118=FACE_BOUND('',#3806,.T.);
#4119=FACE_BOUND('',#3807,.T.);
#4120=FACE_BOUND('',#3808,.T.);
#4121=FACE_BOUND('',#3809,.T.);
#4122=FACE_BOUND('',#3810,.T.);
#4123=FACE_BOUND('',#3811,.T.);
#4124=FACE_BOUND('',#3812,.T.);
#4125=FACE_BOUND('',#3813,.T.);
#4126=FACE_BOUND('',#3814,.T.);
#4127=FACE_BOUND('',#3815,.T.);
#4128=FACE_BOUND('',#3816,.T.);
#4129=FACE_BOUND('',#3817,.T.);
#4130=FACE_BOUND('',#3818,.T.);
#4131=FACE_BOUND('',#3819,.T.);
#4132=FACE_BOUND('',#3820,.T.);
#4133=FACE_BOUND('',#3821,.T.);
#4134=FACE_BOUND('',#3822,.T.);
#4135=FACE_BOUND('',#3823,.T.);
#4136=FACE_BOUND('',#3824,.T.);
#4137=FACE_BOUND('',#3825,.T.);
#4138=FACE_BOUND('',#3826,.T.);
#4139=FACE_BOUND('',#3827,.T.);
#4140=FACE_BOUND('',#3828,.T.);
#4141=FACE_BOUND('',#3829,.T.);
#4142=FACE_BOUND('',#3830,.T.);
#4143=FACE_BOUND('',#3831,.T.);
#4144=FACE_BOUND('',#3832,.T.);
#4145=FACE_BOUND('',#3833,.T.);
#4146=FACE_BOUND('',#3834,.T.);
#4147=FACE_BOUND('',#3835,.T.);
#4148=FACE_BOUND('',#3836,.T.);
#4149=FACE_BOUND('',#3837,.T.);
#4150=FACE_BOUND('',#3838,.T.);
#4151=FACE_BOUND('',#3839,.T.);
#4152=FACE_BOUND('',#3840,.T.);
#4153=FACE_BOUND('',#3841,.T.);
#4154=FACE_BOUND('',#3842,.T.);
#4155=FACE_BOUND('',#3843,.T.);
#4156=FACE_BOUND('',#3844,.T.);
#4157=FACE_BOUND('',#3845,.T.);
#4158=FACE_BOUND('',#3846,.T.);
#4159=FACE_BOUND('',#3847,.T.);
#4160=FACE_BOUND('',#3848,.T.);
#4161=FACE_BOUND('',#3849,.T.);
#4162=FACE_BOUND('',#3850,.T.);
#4163=FACE_BOUND('',#3851,.T.);
#4164=FACE_BOUND('',#3852,.T.);
#4165=FACE_BOUND('',#3853,.T.);
#4166=FACE_BOUND('',#3854,.T.);
#4167=FACE_BOUND('',#3855,.T.);
#4168=FACE_BOUND('',#3856,.T.);
#4169=FACE_BOUND('',#3857,.T.);
#4170=FACE_BOUND('',#3858,.T.);
#4171=FACE_BOUND('',#3859,.T.);
#4172=FACE_BOUND('',#3860,.T.);
#4173=FACE_BOUND('',#3861,.T.);
#4174=FACE_BOUND('',#3862,.T.);
#4175=FACE_BOUND('',#3863,.T.);
#4176=FACE_BOUND('',#3864,.T.);
#4177=FACE_BOUND('',#3865,.T.);
#4178=FACE_BOUND('',#3866,.T.);
#4179=FACE_BOUND('',#3867,.T.);
#4180=FACE_BOUND('',#3868,.T.);
#4181=FACE_BOUND('',#3869,.T.);
#4182=FACE_BOUND('',#3870,.T.);
#4183=FACE_BOUND('',#3871,.T.);
#4184=FACE_BOUND('',#3872,.T.);
#4185=FACE_BOUND('',#3873,.T.);
#4186=FACE_BOUND('',#3874,.T.);
#4187=FACE_BOUND('',#3875,.T.);
#4188=FACE_BOUND('',#3876,.T.);
#4189=FACE_BOUND('',#3877,.T.);
#4190=FACE_BOUND('',#3878,.T.);
#4191=FACE_BOUND('',#3879,.T.);
#4192=FACE_BOUND('',#3880,.T.);
#4193=FACE_BOUND('',#3881,.T.);
#4194=FACE_BOUND('',#3882,.T.);
#4195=FACE_BOUND('',#3883,.T.);
#4196=FACE_BOUND('',#3884,.T.);
#4197=FACE_BOUND('',#3885,.T.);
#4198=FACE_BOUND('',#3886,.T.);
#4199=FACE_BOUND('',#3887,.T.);
#4200=FACE_BOUND('',#3888,.T.);
#4201=FACE_BOUND('',#3889,.T.);
#4202=FACE_BOUND('',#3890,.T.);
#4203=FACE_BOUND('',#3891,.T.);
#4204=FACE_BOUND('',#3892,.T.);
#4205=FACE_BOUND('',#3893,.T.);
#4206=FACE_BOUND('',#3894,.T.);
#4207=FACE_BOUND('',#3895,.T.);
#4208=FACE_BOUND('',#3896,.T.);
#4209=FACE_BOUND('',#3897,.T.);
#4210=FACE_BOUND('',#3898,.T.);
#4211=FACE_BOUND('',#3899,.T.);
#4212=FACE_BOUND('',#3900,.T.);
#4213=FACE_BOUND('',#3901,.T.);
#4214=FACE_BOUND('',#3902,.T.);
#4215=FACE_BOUND('',#3903,.T.);
#4216=FACE_BOUND('',#3904,.T.);
#4217=FACE_BOUND('',#3905,.T.);
#4218=FACE_BOUND('',#3906,.T.);
#4219=FACE_BOUND('',#3907,.T.);
#4220=FACE_BOUND('',#3908,.T.);
#4221=FACE_BOUND('',#3909,.T.);
#4222=FACE_BOUND('',#3910,.T.);
#4223=FACE_BOUND('',#3911,.T.);
#4224=FACE_BOUND('',#3912,.T.);
#4225=FACE_BOUND('',#3913,.T.);
#4226=FACE_BOUND('',#3914,.T.);
#4227=FACE_BOUND('',#3915,.T.);
#4228=FACE_BOUND('',#3916,.T.);
#4229=FACE_BOUND('',#3917,.T.);
#4230=FACE_BOUND('',#3918,.T.);
#4231=FACE_BOUND('',#3919,.T.);
#4232=FACE_BOUND('',#3920,.T.);
#4233=FACE_BOUND('',#3921,.T.);
#4234=FACE_BOUND('',#3922,.T.);
#4235=FACE_BOUND('',#3923,.T.);
#4236=FACE_BOUND('',#3924,.T.);
#4237=FACE_BOUND('',#3925,.T.);
#4238=PLANE('',#4651);
#4239=PLANE('',#4656);
#4240=PLANE('',#4657);
#4241=PLANE('',#4658);
#4242=PLANE('',#4659);
#4243=PLANE('',#4660);
#4244=PLANE('',#4661);
#4245=PLANE('',#4678);
#4246=PLANE('',#4679);
#4247=PLANE('',#4680);
#4248=PLANE('',#4681);
#4249=PLANE('',#4682);
#4250=PLANE('',#4683);
#4251=PLANE('',#4686);
#4252=PLANE('',#4689);
#4253=PLANE('',#4692);
#4254=PLANE('',#4695);
#4255=PLANE('',#4714);
#4256=PLANE('',#4717);
#4257=PLANE('',#4720);
#4258=PLANE('',#4723);
#4259=PLANE('',#4724);
#4260=PLANE('',#4725);
#4261=PLANE('',#4727);
#4262=PLANE('',#4728);
#4263=PLANE('',#4729);
#4264=PLANE('',#4731);
#4265=PLANE('',#4732);
#4266=PLANE('',#4735);
#4267=PLANE('',#4736);
#4268=PLANE('',#4741);
#4269=PLANE('',#4742);
#4270=PLANE('',#4743);
#4271=PLANE('',#4744);
#4272=PLANE('',#4745);
#4273=PLANE('',#4746);
#4274=PLANE('',#4747);
#4275=PLANE('',#4748);
#4276=PLANE('',#4749);
#4277=PLANE('',#4750);
#4278=PLANE('',#4751);
#4279=PLANE('',#4752);
#4280=PLANE('',#4755);
#4281=PLANE('',#4758);
#4282=PLANE('',#4761);
#4283=PLANE('',#4764);
#4284=PLANE('',#4769);
#4285=PLANE('',#4773);
#4286=PLANE('',#4777);
#4287=PLANE('',#4784);
#4288=PLANE('',#4788);
#4289=PLANE('',#4792);
#4290=PLANE('',#4799);
#4291=PLANE('',#4803);
#4292=PLANE('',#4807);
#4293=PLANE('',#4814);
#4294=PLANE('',#4818);
#4295=PLANE('',#4822);
#4296=PLANE('',#4829);
#4297=PLANE('',#4833);
#4298=PLANE('',#4837);
#4299=PLANE('',#4844);
#4300=PLANE('',#4848);
#4301=PLANE('',#4852);
#4302=PLANE('',#4859);
#4303=PLANE('',#4863);
#4304=PLANE('',#4867);
#4305=PLANE('',#4874);
#4306=PLANE('',#4878);
#4307=PLANE('',#4882);
#4308=PLANE('',#4889);
#4309=PLANE('',#4893);
#4310=PLANE('',#4897);
#4311=PLANE('',#4904);
#4312=PLANE('',#4908);
#4313=PLANE('',#4912);
#4314=PLANE('',#4919);
#4315=PLANE('',#4923);
#4316=PLANE('',#4927);
#4317=PLANE('',#4934);
#4318=PLANE('',#4938);
#4319=PLANE('',#4942);
#4320=PLANE('',#4949);
#4321=PLANE('',#4953);
#4322=PLANE('',#4957);
#4323=PLANE('',#4964);
#4324=PLANE('',#4968);
#4325=PLANE('',#4972);
#4326=PLANE('',#4979);
#4327=PLANE('',#4983);
#4328=PLANE('',#4987);
#4329=PLANE('',#4994);
#4330=PLANE('',#4998);
#4331=PLANE('',#5002);
#4332=PLANE('',#5006);
#4333=PLANE('',#5007);
#4334=PLANE('',#5008);
#4335=PLANE('',#5009);
#4336=PLANE('',#5010);
#4337=PLANE('',#5011);
#4338=PLANE('',#5012);
#4339=PLANE('',#5013);
#4340=PLANE('',#5014);
#4341=PLANE('',#5015);
#4342=PLANE('',#5016);
#4343=PLANE('',#5017);
#4344=PLANE('',#5018);
#4345=PLANE('',#5019);
#4346=PLANE('',#5020);
#4347=PLANE('',#5021);
#4348=PLANE('',#5022);
#4349=PLANE('',#5027);
#4350=PLANE('',#5032);
#4351=PLANE('',#5033);
#4352=PLANE('',#5034);
#4353=PLANE('',#5035);
#4354=PLANE('',#5036);
#4355=PLANE('',#5037);
#4356=PLANE('',#5038);
#4357=PLANE('',#5043);
#4358=PLANE('',#5044);
#4359=PLANE('',#5045);
#4360=PLANE('',#5046);
#4361=PLANE('',#5047);
#4362=PLANE('',#5049);
#4363=PLANE('',#5050);
#4364=PLANE('',#5051);
#4365=PLANE('',#5052);
#4366=PLANE('',#5053);
#4367=PLANE('',#5054);
#4368=PLANE('',#5055);
#4369=PLANE('',#5057);
#4370=PLANE('',#5058);
#4371=PLANE('',#5059);
#4372=PLANE('',#5061);
#4373=PLANE('',#5062);
#4374=PLANE('',#5063);
#4375=PLANE('',#5064);
#4376=PLANE('',#5065);
#4377=PLANE('',#5066);
#4378=ADVANCED_FACE('',(#3926,#3927),#4238,.T.);
#4379=ADVANCED_FACE('',(#3928),#4239,.T.);
#4380=ADVANCED_FACE('',(#3929),#4240,.T.);
#4381=ADVANCED_FACE('',(#3930),#4241,.T.);
#4382=ADVANCED_FACE('',(#3931),#4242,.F.);
#4383=ADVANCED_FACE('',(#3932),#4243,.T.);
#4384=ADVANCED_FACE('',(#3933),#4244,.F.);
#4385=ADVANCED_FACE('',(#3934,#3935),#24,.F.);
#4386=ADVANCED_FACE('',(#3936,#3937),#25,.F.);
#4387=ADVANCED_FACE('',(#3938,#3939),#26,.F.);
#4388=ADVANCED_FACE('',(#3940,#3941),#27,.F.);
#4389=ADVANCED_FACE('',(#3942),#4245,.F.);
#4390=ADVANCED_FACE('',(#3943),#4246,.F.);
#4391=ADVANCED_FACE('',(#3944),#4247,.F.);
#4392=ADVANCED_FACE('',(#3945),#4248,.F.);
#4393=ADVANCED_FACE('',(#3946),#4249,.T.);
#4394=ADVANCED_FACE('',(#3947),#4250,.F.);
#4395=ADVANCED_FACE('',(#3948),#28,.F.);
#4396=ADVANCED_FACE('',(#3949),#4251,.F.);
#4397=ADVANCED_FACE('',(#3950),#29,.F.);
#4398=ADVANCED_FACE('',(#3951),#4252,.F.);
#4399=ADVANCED_FACE('',(#3952),#30,.F.);
#4400=ADVANCED_FACE('',(#3953),#4253,.F.);
#4401=ADVANCED_FACE('',(#3954),#31,.F.);
#4402=ADVANCED_FACE('',(#3955,#3956,#3957,#3958,#3959),#4254,.F.);
#4403=ADVANCED_FACE('',(#3960,#3961),#20,.F.);
#4404=ADVANCED_FACE('',(#3962,#3963),#32,.F.);
#4405=ADVANCED_FACE('',(#3964,#3965),#21,.F.);
#4406=ADVANCED_FACE('',(#3966,#3967),#33,.F.);
#4407=ADVANCED_FACE('',(#3968,#3969),#22,.F.);
#4408=ADVANCED_FACE('',(#3970,#3971),#34,.F.);
#4409=ADVANCED_FACE('',(#3972,#3973),#23,.F.);
#4410=ADVANCED_FACE('',(#3974,#3975),#35,.F.);
#4411=ADVANCED_FACE('',(#3976),#36,.F.);
#4412=ADVANCED_FACE('',(#3977),#4255,.F.);
#4413=ADVANCED_FACE('',(#3978),#37,.F.);
#4414=ADVANCED_FACE('',(#3979),#4256,.F.);
#4415=ADVANCED_FACE('',(#3980),#38,.F.);
#4416=ADVANCED_FACE('',(#3981),#4257,.F.);
#4417=ADVANCED_FACE('',(#3982),#39,.F.);
#4418=ADVANCED_FACE('',(#3983,#3984),#4258,.T.);
#4419=ADVANCED_FACE('',(#3985),#4259,.T.);
#4420=ADVANCED_FACE('',(#3986),#4260,.T.);
#4421=ADVANCED_FACE('',(#3987),#4261,.T.);
#4422=ADVANCED_FACE('',(#3988),#4262,.T.);
#4423=ADVANCED_FACE('',(#3989),#4263,.F.);
#4424=ADVANCED_FACE('',(#3990),#4264,.F.);
#4425=ADVANCED_FACE('',(#3991),#4265,.T.);
#4426=ADVANCED_FACE('',(#3992),#16,.F.);
#4427=ADVANCED_FACE('',(#3993),#17,.F.);
#4428=ADVANCED_FACE('',(#3994,#3995,#3996,#3997,#3998),#4266,.T.);
#4429=ADVANCED_FACE('',(#3999,#4000,#4001,#4002,#4003),#4267,.F.);
#4430=ADVANCED_FACE('',(#4004),#4268,.T.);
#4431=ADVANCED_FACE('',(#4005),#4269,.T.);
#4432=ADVANCED_FACE('',(#4006),#4270,.F.);
#4433=ADVANCED_FACE('',(#4007),#4271,.F.);
#4434=ADVANCED_FACE('',(#4008),#4272,.F.);
#4435=ADVANCED_FACE('',(#4009),#4273,.F.);
#4436=ADVANCED_FACE('',(#4010),#4274,.F.);
#4437=ADVANCED_FACE('',(#4011),#4275,.T.);
#4438=ADVANCED_FACE('',(#4012),#4276,.F.);
#4439=ADVANCED_FACE('',(#4013),#4277,.F.);
#4440=ADVANCED_FACE('',(#4014),#4278,.T.);
#4441=ADVANCED_FACE('',(#4015),#4279,.T.);
#4442=ADVANCED_FACE('',(#4016,#4017),#40,.T.);
#4443=ADVANCED_FACE('',(#4018),#4280,.T.);
#4444=ADVANCED_FACE('',(#4019,#4020),#41,.T.);
#4445=ADVANCED_FACE('',(#4021),#4281,.T.);
#4446=ADVANCED_FACE('',(#4022,#4023),#42,.T.);
#4447=ADVANCED_FACE('',(#4024),#4282,.T.);
#4448=ADVANCED_FACE('',(#4025,#4026),#43,.T.);
#4449=ADVANCED_FACE('',(#4027),#4283,.T.);
#4450=ADVANCED_FACE('',(#4028),#44,.F.);
#4451=ADVANCED_FACE('',(#4029),#4284,.F.);
#4452=ADVANCED_FACE('',(#4030),#45,.F.);
#4453=ADVANCED_FACE('',(#4031),#4285,.F.);
#4454=ADVANCED_FACE('',(#4032),#46,.F.);
#4455=ADVANCED_FACE('',(#4033),#4286,.T.);
#4456=ADVANCED_FACE('',(#4034),#47,.F.);
#4457=ADVANCED_FACE('',(#4035),#48,.F.);
#4458=ADVANCED_FACE('',(#4036),#4287,.F.);
#4459=ADVANCED_FACE('',(#4037),#49,.F.);
#4460=ADVANCED_FACE('',(#4038),#4288,.F.);
#4461=ADVANCED_FACE('',(#4039),#50,.F.);
#4462=ADVANCED_FACE('',(#4040),#4289,.T.);
#4463=ADVANCED_FACE('',(#4041),#51,.F.);
#4464=ADVANCED_FACE('',(#4042),#52,.F.);
#4465=ADVANCED_FACE('',(#4043),#4290,.F.);
#4466=ADVANCED_FACE('',(#4044),#53,.F.);
#4467=ADVANCED_FACE('',(#4045),#4291,.F.);
#4468=ADVANCED_FACE('',(#4046),#54,.F.);
#4469=ADVANCED_FACE('',(#4047),#4292,.T.);
#4470=ADVANCED_FACE('',(#4048),#55,.F.);
#4471=ADVANCED_FACE('',(#4049),#56,.F.);
#4472=ADVANCED_FACE('',(#4050),#4293,.F.);
#4473=ADVANCED_FACE('',(#4051),#57,.F.);
#4474=ADVANCED_FACE('',(#4052),#4294,.F.);
#4475=ADVANCED_FACE('',(#4053),#58,.F.);
#4476=ADVANCED_FACE('',(#4054),#4295,.T.);
#4477=ADVANCED_FACE('',(#4055),#59,.F.);
#4478=ADVANCED_FACE('',(#4056),#60,.F.);
#4479=ADVANCED_FACE('',(#4057),#4296,.F.);
#4480=ADVANCED_FACE('',(#4058),#61,.F.);
#4481=ADVANCED_FACE('',(#4059),#4297,.F.);
#4482=ADVANCED_FACE('',(#4060),#62,.F.);
#4483=ADVANCED_FACE('',(#4061),#4298,.T.);
#4484=ADVANCED_FACE('',(#4062),#63,.F.);
#4485=ADVANCED_FACE('',(#4063),#64,.F.);
#4486=ADVANCED_FACE('',(#4064),#4299,.F.);
#4487=ADVANCED_FACE('',(#4065),#65,.F.);
#4488=ADVANCED_FACE('',(#4066),#4300,.F.);
#4489=ADVANCED_FACE('',(#4067),#66,.F.);
#4490=ADVANCED_FACE('',(#4068),#4301,.T.);
#4491=ADVANCED_FACE('',(#4069),#67,.F.);
#4492=ADVANCED_FACE('',(#4070),#68,.F.);
#4493=ADVANCED_FACE('',(#4071),#4302,.F.);
#4494=ADVANCED_FACE('',(#4072),#69,.F.);
#4495=ADVANCED_FACE('',(#4073),#4303,.F.);
#4496=ADVANCED_FACE('',(#4074),#70,.F.);
#4497=ADVANCED_FACE('',(#4075),#4304,.T.);
#4498=ADVANCED_FACE('',(#4076),#71,.F.);
#4499=ADVANCED_FACE('',(#4077),#72,.F.);
#4500=ADVANCED_FACE('',(#4078),#4305,.F.);
#4501=ADVANCED_FACE('',(#4079),#73,.F.);
#4502=ADVANCED_FACE('',(#4080),#4306,.F.);
#4503=ADVANCED_FACE('',(#4081),#74,.F.);
#4504=ADVANCED_FACE('',(#4082),#4307,.T.);
#4505=ADVANCED_FACE('',(#4083),#75,.F.);
#4506=ADVANCED_FACE('',(#4084),#76,.F.);
#4507=ADVANCED_FACE('',(#4085),#4308,.F.);
#4508=ADVANCED_FACE('',(#4086),#77,.F.);
#4509=ADVANCED_FACE('',(#4087),#4309,.F.);
#4510=ADVANCED_FACE('',(#4088),#78,.F.);
#4511=ADVANCED_FACE('',(#4089),#4310,.T.);
#4512=ADVANCED_FACE('',(#4090),#79,.F.);
#4513=ADVANCED_FACE('',(#4091),#80,.F.);
#4514=ADVANCED_FACE('',(#4092),#4311,.F.);
#4515=ADVANCED_FACE('',(#4093),#81,.F.);
#4516=ADVANCED_FACE('',(#4094),#4312,.F.);
#4517=ADVANCED_FACE('',(#4095),#82,.F.);
#4518=ADVANCED_FACE('',(#4096),#4313,.T.);
#4519=ADVANCED_FACE('',(#4097),#83,.F.);
#4520=ADVANCED_FACE('',(#4098),#84,.F.);
#4521=ADVANCED_FACE('',(#4099),#4314,.F.);
#4522=ADVANCED_FACE('',(#4100),#85,.F.);
#4523=ADVANCED_FACE('',(#4101),#4315,.F.);
#4524=ADVANCED_FACE('',(#4102),#86,.F.);
#4525=ADVANCED_FACE('',(#4103),#4316,.T.);
#4526=ADVANCED_FACE('',(#4104),#87,.F.);
#4527=ADVANCED_FACE('',(#4105),#88,.F.);
#4528=ADVANCED_FACE('',(#4106),#4317,.F.);
#4529=ADVANCED_FACE('',(#4107),#89,.F.);
#4530=ADVANCED_FACE('',(#4108),#4318,.F.);
#4531=ADVANCED_FACE('',(#4109),#90,.F.);
#4532=ADVANCED_FACE('',(#4110),#4319,.T.);
#4533=ADVANCED_FACE('',(#4111),#91,.F.);
#4534=ADVANCED_FACE('',(#4112),#92,.F.);
#4535=ADVANCED_FACE('',(#4113),#4320,.F.);
#4536=ADVANCED_FACE('',(#4114),#93,.F.);
#4537=ADVANCED_FACE('',(#4115),#4321,.F.);
#4538=ADVANCED_FACE('',(#4116),#94,.F.);
#4539=ADVANCED_FACE('',(#4117),#4322,.T.);
#4540=ADVANCED_FACE('',(#4118),#95,.F.);
#4541=ADVANCED_FACE('',(#4119),#96,.F.);
#4542=ADVANCED_FACE('',(#4120),#4323,.F.);
#4543=ADVANCED_FACE('',(#4121),#97,.F.);
#4544=ADVANCED_FACE('',(#4122),#4324,.F.);
#4545=ADVANCED_FACE('',(#4123),#98,.F.);
#4546=ADVANCED_FACE('',(#4124),#4325,.T.);
#4547=ADVANCED_FACE('',(#4125),#99,.F.);
#4548=ADVANCED_FACE('',(#4126),#100,.F.);
#4549=ADVANCED_FACE('',(#4127),#4326,.F.);
#4550=ADVANCED_FACE('',(#4128),#101,.F.);
#4551=ADVANCED_FACE('',(#4129),#4327,.F.);
#4552=ADVANCED_FACE('',(#4130),#102,.F.);
#4553=ADVANCED_FACE('',(#4131),#4328,.T.);
#4554=ADVANCED_FACE('',(#4132),#103,.F.);
#4555=ADVANCED_FACE('',(#4133),#104,.F.);
#4556=ADVANCED_FACE('',(#4134),#4329,.F.);
#4557=ADVANCED_FACE('',(#4135),#105,.F.);
#4558=ADVANCED_FACE('',(#4136),#4330,.F.);
#4559=ADVANCED_FACE('',(#4137),#106,.F.);
#4560=ADVANCED_FACE('',(#4138),#4331,.T.);
#4561=ADVANCED_FACE('',(#4139),#107,.F.);
#4562=ADVANCED_FACE('',(#4140),#4332,.T.);
#4563=ADVANCED_FACE('',(#4141),#4333,.T.);
#4564=ADVANCED_FACE('',(#4142),#4334,.T.);
#4565=ADVANCED_FACE('',(#4143),#4335,.T.);
#4566=ADVANCED_FACE('',(#4144),#4336,.T.);
#4567=ADVANCED_FACE('',(#4145),#4337,.T.);
#4568=ADVANCED_FACE('',(#4146),#4338,.T.);
#4569=ADVANCED_FACE('',(#4147),#4339,.T.);
#4570=ADVANCED_FACE('',(#4148),#4340,.T.);
#4571=ADVANCED_FACE('',(#4149),#4341,.T.);
#4572=ADVANCED_FACE('',(#4150),#4342,.T.);
#4573=ADVANCED_FACE('',(#4151),#4343,.T.);
#4574=ADVANCED_FACE('',(#4152),#4344,.T.);
#4575=ADVANCED_FACE('',(#4153),#4345,.T.);
#4576=ADVANCED_FACE('',(#4154),#4346,.T.);
#4577=ADVANCED_FACE('',(#4155),#4347,.T.);
#4578=ADVANCED_FACE('',(#4156,#4157,#4158,#4159,#4160,#4161,#4162,#4163,
#4164,#4165,#4166,#4167,#4168,#4169,#4170,#4171,#4172,#4173,#4174,#4175,
#4176,#4177),#4348,.T.);
#4579=ADVANCED_FACE('',(#4178,#4179,#4180,#4181,#4182,#4183,#4184,#4185,
#4186,#4187,#4188,#4189,#4190,#4191,#4192,#4193,#4194,#4195,#4196,#4197,
#4198,#4199),#4349,.F.);
#4580=ADVANCED_FACE('',(#4200),#4350,.F.);
#4581=ADVANCED_FACE('',(#4201),#4351,.F.);
#4582=ADVANCED_FACE('',(#4202),#4352,.F.);
#4583=ADVANCED_FACE('',(#4203),#4353,.F.);
#4584=ADVANCED_FACE('',(#4204),#4354,.T.);
#4585=ADVANCED_FACE('',(#4205),#4355,.T.);
#4586=ADVANCED_FACE('',(#4206),#4356,.F.);
#4587=ADVANCED_FACE('',(#4207,#4208),#108,.F.);
#4588=ADVANCED_FACE('',(#4209,#4210),#109,.F.);
#4589=ADVANCED_FACE('',(#4211,#4212),#110,.F.);
#4590=ADVANCED_FACE('',(#4213,#4214),#111,.F.);
#4591=ADVANCED_FACE('',(#4215),#4357,.F.);
#4592=ADVANCED_FACE('',(#4216),#4358,.F.);
#4593=ADVANCED_FACE('',(#4217),#4359,.F.);
#4594=ADVANCED_FACE('',(#4218),#4360,.F.);
#4595=ADVANCED_FACE('',(#4219),#4361,.F.);
#4596=ADVANCED_FACE('',(#4220),#4362,.T.);
#4597=ADVANCED_FACE('',(#4221),#4363,.F.);
#4598=ADVANCED_FACE('',(#4222),#4364,.F.);
#4599=ADVANCED_FACE('',(#4223),#4365,.T.);
#4600=ADVANCED_FACE('',(#4224),#4366,.T.);
#4601=ADVANCED_FACE('',(#4225),#4367,.F.);
#4602=ADVANCED_FACE('',(#4226),#4368,.F.);
#4603=ADVANCED_FACE('',(#4227),#4369,.F.);
#4604=ADVANCED_FACE('',(#4228),#4370,.T.);
#4605=ADVANCED_FACE('',(#4229),#4371,.T.);
#4606=ADVANCED_FACE('',(#4230),#4372,.F.);
#4607=ADVANCED_FACE('',(#4231),#4373,.F.);
#4608=ADVANCED_FACE('',(#4232),#4374,.T.);
#4609=ADVANCED_FACE('',(#4233),#4375,.T.);
#4610=ADVANCED_FACE('',(#4234),#4376,.T.);
#4611=ADVANCED_FACE('',(#4235),#4377,.F.);
#4612=ADVANCED_FACE('',(#4236),#18,.T.);
#4613=ADVANCED_FACE('',(#4237),#19,.T.);
#4614=CLOSED_SHELL('',(#4378,#4379,#4380,#4381,#4382,#4383,#4384,#4385,
#4386,#4387,#4388,#4389,#4390,#4391,#4392,#4393,#4394,#4395,#4396,#4397,
#4398,#4399,#4400,#4401,#4402,#4403,#4404,#4405,#4406,#4407,#4408,#4409,
#4410,#4411,#4412,#4413,#4414,#4415,#4416,#4417,#4418,#4419,#4420,#4421,
#4422,#4423,#4424,#4425,#4426,#4427,#4428,#4429,#4430,#4431,#4432,#4433,
#4434,#4435,#4436,#4437,#4438,#4439,#4440,#4441,#4442,#4443,#4444,#4445,
#4446,#4447,#4448,#4449));
#4615=CLOSED_SHELL('',(#4450,#4451,#4452,#4453,#4454,#4455,#4456,#4457,
#4458,#4459,#4460,#4461,#4462,#4463,#4464,#4465,#4466,#4467,#4468,#4469,
#4470,#4471,#4472,#4473,#4474,#4475,#4476,#4477,#4478,#4479,#4480,#4481,
#4482,#4483,#4484,#4485,#4486,#4487,#4488,#4489,#4490,#4491,#4492,#4493,
#4494,#4495,#4496,#4497,#4498,#4499,#4500,#4501,#4502,#4503,#4504,#4505,
#4506,#4507,#4508,#4509,#4510,#4511,#4512,#4513,#4514,#4515,#4516,#4517,
#4518,#4519,#4520,#4521,#4522,#4523,#4524,#4525,#4526,#4527,#4528,#4529,
#4530,#4531,#4532,#4533,#4534,#4535,#4536,#4537,#4538,#4539,#4540,#4541,
#4542,#4543,#4544,#4545,#4546,#4547,#4548,#4549,#4550,#4551,#4552,#4553,
#4554,#4555,#4556,#4557,#4558,#4559,#4560,#4561,#4562,#4563,#4564,#4565,
#4566,#4567,#4568,#4569,#4570,#4571,#4572,#4573,#4574,#4575,#4576,#4577,
#4578,#4579,#4580,#4581,#4582,#4583,#4584,#4585,#4586,#4587,#4588,#4589,
#4590,#4591,#4592,#4593,#4594,#4595));
#4616=CLOSED_SHELL('',(#4596,#4597,#4598,#4599,#4600,#4601,#4602,#4603,
#4604,#4605,#4606,#4607,#4608,#4609,#4610,#4611,#4612,#4613));
#4617=STYLED_ITEM('',(#4620),#4641);
#4618=STYLED_ITEM('',(#4621),#4642);
#4619=STYLED_ITEM('',(#4622),#4643);
#4620=PRESENTATION_STYLE_ASSIGNMENT((#4623));
#4621=PRESENTATION_STYLE_ASSIGNMENT((#4624));
#4622=PRESENTATION_STYLE_ASSIGNMENT((#4625));
#4623=SURFACE_STYLE_USAGE(.BOTH.,#4626);
#4624=SURFACE_STYLE_USAGE(.BOTH.,#4627);
#4625=SURFACE_STYLE_USAGE(.BOTH.,#4628);
#4626=SURFACE_SIDE_STYLE('',(#4629));
#4627=SURFACE_SIDE_STYLE('',(#4630));
#4628=SURFACE_SIDE_STYLE('',(#4631));
#4629=SURFACE_STYLE_FILL_AREA(#4632);
#4630=SURFACE_STYLE_FILL_AREA(#4633);
#4631=SURFACE_STYLE_FILL_AREA(#4634);
#4632=FILL_AREA_STYLE('',(#4635));
#4633=FILL_AREA_STYLE('',(#4636));
#4634=FILL_AREA_STYLE('',(#4637));
#4635=FILL_AREA_STYLE_COLOUR('',#4638);
#4636=FILL_AREA_STYLE_COLOUR('',#4639);
#4637=FILL_AREA_STYLE_COLOUR('',#4640);
#4638=COLOUR_RGB('',0.917647058823529,0.917647058823529,0.917647058823529);
#4639=COLOUR_RGB('',0.729411764705882,0.250980392156863,0.105882352941176);
#4640=COLOUR_RGB('',0.980392156862745,0.713725490196078,0.00392156862745098);
#4641=MANIFOLD_SOLID_BREP('Main_Case',#4614);
#4642=MANIFOLD_SOLID_BREP('Top',#4615);
#4643=MANIFOLD_SOLID_BREP('Custom_Insert',#4616);
#4644=SHAPE_DEFINITION_REPRESENTATION(#7722,#4647);
#4645=SHAPE_DEFINITION_REPRESENTATION(#7723,#4648);
#4646=SHAPE_DEFINITION_REPRESENTATION(#7724,#4649);
#4647=SHAPE_REPRESENTATION('Main_Case',(#4650),#7707);
#4648=SHAPE_REPRESENTATION('Top',(#4765),#7708);
#4649=SHAPE_REPRESENTATION('Custom_Insert',(#5048),#7709);
#4650=AXIS2_PLACEMENT_3D('',#6375,#5069,#5070);
#4651=AXIS2_PLACEMENT_3D('',#6376,#5071,#5072);
#4652=AXIS2_PLACEMENT_3D('',#6380,#5074,#5075);
#4653=AXIS2_PLACEMENT_3D('',#6384,#5077,#5078);
#4654=AXIS2_PLACEMENT_3D('',#6388,#5080,#5081);
#4655=AXIS2_PLACEMENT_3D('',#6392,#5083,#5084);
#4656=AXIS2_PLACEMENT_3D('',#6425,#5101,#5102);
#4657=AXIS2_PLACEMENT_3D('',#6439,#5110,#5111);
#4658=AXIS2_PLACEMENT_3D('',#6445,#5115,#5116);
#4659=AXIS2_PLACEMENT_3D('',#6448,#5119,#5120);
#4660=AXIS2_PLACEMENT_3D('',#6454,#5124,#5125);
#4661=AXIS2_PLACEMENT_3D('',#6460,#5129,#5130);
#4662=AXIS2_PLACEMENT_3D('',#6480,#5141,#5142);
#4663=AXIS2_PLACEMENT_3D('',#6484,#5144,#5145);
#4664=AXIS2_PLACEMENT_3D('',#6488,#5147,#5148);
#4665=AXIS2_PLACEMENT_3D('',#6492,#5150,#5151);
#4666=AXIS2_PLACEMENT_3D('',#6503,#5157,#5158);
#4667=AXIS2_PLACEMENT_3D('',#6504,#5159,#5160);
#4668=AXIS2_PLACEMENT_3D('',#6506,#5161,#5162);
#4669=AXIS2_PLACEMENT_3D('',#6508,#5163,#5164);
#4670=AXIS2_PLACEMENT_3D('',#6509,#5165,#5166);
#4671=AXIS2_PLACEMENT_3D('',#6511,#5167,#5168);
#4672=AXIS2_PLACEMENT_3D('',#6513,#5169,#5170);
#4673=AXIS2_PLACEMENT_3D('',#6514,#5171,#5172);
#4674=AXIS2_PLACEMENT_3D('',#6516,#5173,#5174);
#4675=AXIS2_PLACEMENT_3D('',#6518,#5175,#5176);
#4676=AXIS2_PLACEMENT_3D('',#6519,#5177,#5178);
#4677=AXIS2_PLACEMENT_3D('',#6521,#5179,#5180);
#4678=AXIS2_PLACEMENT_3D('',#6523,#5181,#5182);
#4679=AXIS2_PLACEMENT_3D('',#6532,#5187,#5188);
#4680=AXIS2_PLACEMENT_3D('',#6535,#5191,#5192);
#4681=AXIS2_PLACEMENT_3D('',#6538,#5195,#5196);
#4682=AXIS2_PLACEMENT_3D('',#6543,#5200,#5201);
#4683=AXIS2_PLACEMENT_3D('',#6548,#5205,#5206);
#4684=AXIS2_PLACEMENT_3D('',#6554,#5210,#5211);
#4685=AXIS2_PLACEMENT_3D('',#6555,#5212,#5213);
#4686=AXIS2_PLACEMENT_3D('',#6558,#5215,#5216);
#4687=AXIS2_PLACEMENT_3D('',#6562,#5219,#5220);
#4688=AXIS2_PLACEMENT_3D('',#6563,#5221,#5222);
#4689=AXIS2_PLACEMENT_3D('',#6566,#5224,#5225);
#4690=AXIS2_PLACEMENT_3D('',#6570,#5228,#5229);
#4691=AXIS2_PLACEMENT_3D('',#6571,#5230,#5231);
#4692=AXIS2_PLACEMENT_3D('',#6574,#5233,#5234);
#4693=AXIS2_PLACEMENT_3D('',#6578,#5237,#5238);
#4694=AXIS2_PLACEMENT_3D('',#6579,#5239,#5240);
#4695=AXIS2_PLACEMENT_3D('',#6580,#5241,#5242);
#4696=AXIS2_PLACEMENT_3D('',#6581,#5243,#5244);
#4697=AXIS2_PLACEMENT_3D('',#6583,#5245,#5246);
#4698=AXIS2_PLACEMENT_3D('',#6585,#5247,#5248);
#4699=AXIS2_PLACEMENT_3D('',#6587,#5249,#5250);
#4700=AXIS2_PLACEMENT_3D('',#6589,#5251,#5252);
#4701=AXIS2_PLACEMENT_3D('',#6590,#5253,#5254);
#4702=AXIS2_PLACEMENT_3D('',#6592,#5255,#5256);
#4703=AXIS2_PLACEMENT_3D('',#6593,#5257,#5258);
#4704=AXIS2_PLACEMENT_3D('',#6594,#5259,#5260);
#4705=AXIS2_PLACEMENT_3D('',#6596,#5261,#5262);
#4706=AXIS2_PLACEMENT_3D('',#6597,#5263,#5264);
#4707=AXIS2_PLACEMENT_3D('',#6598,#5265,#5266);
#4708=AXIS2_PLACEMENT_3D('',#6600,#5267,#5268);
#4709=AXIS2_PLACEMENT_3D('',#6601,#5269,#5270);
#4710=AXIS2_PLACEMENT_3D('',#6602,#5271,#5272);
#4711=AXIS2_PLACEMENT_3D('',#6604,#5273,#5274);
#4712=AXIS2_PLACEMENT_3D('',#6605,#5275,#5276);
#4713=AXIS2_PLACEMENT_3D('',#6608,#5278,#5279);
#4714=AXIS2_PLACEMENT_3D('',#6611,#5281,#5282);
#4715=AXIS2_PLACEMENT_3D('',#6615,#5285,#5286);
#4716=AXIS2_PLACEMENT_3D('',#6618,#5288,#5289);
#4717=AXIS2_PLACEMENT_3D('',#6619,#5290,#5291);
#4718=AXIS2_PLACEMENT_3D('',#6623,#5294,#5295);
#4719=AXIS2_PLACEMENT_3D('',#6626,#5297,#5298);
#4720=AXIS2_PLACEMENT_3D('',#6627,#5299,#5300);
#4721=AXIS2_PLACEMENT_3D('',#6631,#5303,#5304);
#4722=AXIS2_PLACEMENT_3D('',#6634,#5306,#5307);
#4723=AXIS2_PLACEMENT_3D('',#6635,#5308,#5309);
#4724=AXIS2_PLACEMENT_3D('',#6637,#5311,#5312);
#4725=AXIS2_PLACEMENT_3D('',#6638,#5313,#5314);
#4726=AXIS2_PLACEMENT_3D('',#6639,#5315,#5316);
#4727=AXIS2_PLACEMENT_3D('',#6641,#5318,#5319);
#4728=AXIS2_PLACEMENT_3D('',#6643,#5321,#5322);
#4729=AXIS2_PLACEMENT_3D('',#6644,#5323,#5324);
#4730=AXIS2_PLACEMENT_3D('',#6645,#5325,#5326);
#4731=AXIS2_PLACEMENT_3D('',#6647,#5328,#5329);
#4732=AXIS2_PLACEMENT_3D('',#6649,#5331,#5332);
#4733=AXIS2_PLACEMENT_3D('',#6650,#5333,#5334);
#4734=AXIS2_PLACEMENT_3D('',#6651,#5335,#5336);
#4735=AXIS2_PLACEMENT_3D('',#6652,#5337,#5338);
#4736=AXIS2_PLACEMENT_3D('',#6653,#5339,#5340);
#4737=AXIS2_PLACEMENT_3D('',#6654,#5341,#5342);
#4738=AXIS2_PLACEMENT_3D('',#6656,#5343,#5344);
#4739=AXIS2_PLACEMENT_3D('',#6658,#5345,#5346);
#4740=AXIS2_PLACEMENT_3D('',#6660,#5347,#5348);
#4741=AXIS2_PLACEMENT_3D('',#6683,#5360,#5361);
#4742=AXIS2_PLACEMENT_3D('',#6687,#5364,#5365);
#4743=AXIS2_PLACEMENT_3D('',#6691,#5368,#5369);
#4744=AXIS2_PLACEMENT_3D('',#6695,#5372,#5373);
#4745=AXIS2_PLACEMENT_3D('',#6699,#5376,#5377);
#4746=AXIS2_PLACEMENT_3D('',#6703,#5380,#5381);
#4747=AXIS2_PLACEMENT_3D('',#6707,#5384,#5385);
#4748=AXIS2_PLACEMENT_3D('',#6711,#5388,#5389);
#4749=AXIS2_PLACEMENT_3D('',#6715,#5392,#5393);
#4750=AXIS2_PLACEMENT_3D('',#6719,#5396,#5397);
#4751=AXIS2_PLACEMENT_3D('',#6723,#5400,#5401);
#4752=AXIS2_PLACEMENT_3D('',#6725,#5403,#5404);
#4753=AXIS2_PLACEMENT_3D('',#6726,#5405,#5406);
#4754=AXIS2_PLACEMENT_3D('',#6727,#5407,#5408);
#4755=AXIS2_PLACEMENT_3D('',#6729,#5409,#5410);
#4756=AXIS2_PLACEMENT_3D('',#6730,#5411,#5412);
#4757=AXIS2_PLACEMENT_3D('',#6731,#5413,#5414);
#4758=AXIS2_PLACEMENT_3D('',#6733,#5415,#5416);
#4759=AXIS2_PLACEMENT_3D('',#6734,#5417,#5418);
#4760=AXIS2_PLACEMENT_3D('',#6735,#5419,#5420);
#4761=AXIS2_PLACEMENT_3D('',#6737,#5421,#5422);
#4762=AXIS2_PLACEMENT_3D('',#6738,#5423,#5424);
#4763=AXIS2_PLACEMENT_3D('',#6739,#5425,#5426);
#4764=AXIS2_PLACEMENT_3D('',#6741,#5427,#5428);
#4765=AXIS2_PLACEMENT_3D('',#6742,#5429,#5430);
#4766=AXIS2_PLACEMENT_3D('',#6743,#5431,#5432);
#4767=AXIS2_PLACEMENT_3D('',#6744,#5433,#5434);
#4768=AXIS2_PLACEMENT_3D('',#6749,#5436,#5437);
#4769=AXIS2_PLACEMENT_3D('',#6752,#5439,#5440);
#4770=AXIS2_PLACEMENT_3D('',#6758,#5444,#5445);
#4771=AXIS2_PLACEMENT_3D('',#6759,#5446,#5447);
#4772=AXIS2_PLACEMENT_3D('',#6763,#5449,#5450);
#4773=AXIS2_PLACEMENT_3D('',#6764,#5451,#5452);
#4774=AXIS2_PLACEMENT_3D('',#6770,#5456,#5457);
#4775=AXIS2_PLACEMENT_3D('',#6771,#5458,#5459);
#4776=AXIS2_PLACEMENT_3D('',#6775,#5461,#5462);
#4777=AXIS2_PLACEMENT_3D('',#6776,#5463,#5464);
#4778=AXIS2_PLACEMENT_3D('',#6782,#5468,#5469);
#4779=AXIS2_PLACEMENT_3D('',#6783,#5470,#5471);
#4780=AXIS2_PLACEMENT_3D('',#6787,#5473,#5474);
#4781=AXIS2_PLACEMENT_3D('',#6788,#5475,#5476);
#4782=AXIS2_PLACEMENT_3D('',#6789,#5477,#5478);
#4783=AXIS2_PLACEMENT_3D('',#6794,#5480,#5481);
#4784=AXIS2_PLACEMENT_3D('',#6797,#5483,#5484);
#4785=AXIS2_PLACEMENT_3D('',#6803,#5488,#5489);
#4786=AXIS2_PLACEMENT_3D('',#6804,#5490,#5491);
#4787=AXIS2_PLACEMENT_3D('',#6808,#5493,#5494);
#4788=AXIS2_PLACEMENT_3D('',#6809,#5495,#5496);
#4789=AXIS2_PLACEMENT_3D('',#6815,#5500,#5501);
#4790=AXIS2_PLACEMENT_3D('',#6816,#5502,#5503);
#4791=AXIS2_PLACEMENT_3D('',#6820,#5505,#5506);
#4792=AXIS2_PLACEMENT_3D('',#6821,#5507,#5508);
#4793=AXIS2_PLACEMENT_3D('',#6827,#5512,#5513);
#4794=AXIS2_PLACEMENT_3D('',#6828,#5514,#5515);
#4795=AXIS2_PLACEMENT_3D('',#6832,#5517,#5518);
#4796=AXIS2_PLACEMENT_3D('',#6833,#5519,#5520);
#4797=AXIS2_PLACEMENT_3D('',#6834,#5521,#5522);
#4798=AXIS2_PLACEMENT_3D('',#6839,#5524,#5525);
#4799=AXIS2_PLACEMENT_3D('',#6842,#5527,#5528);
#4800=AXIS2_PLACEMENT_3D('',#6848,#5532,#5533);
#4801=AXIS2_PLACEMENT_3D('',#6849,#5534,#5535);
#4802=AXIS2_PLACEMENT_3D('',#6853,#5537,#5538);
#4803=AXIS2_PLACEMENT_3D('',#6854,#5539,#5540);
#4804=AXIS2_PLACEMENT_3D('',#6860,#5544,#5545);
#4805=AXIS2_PLACEMENT_3D('',#6861,#5546,#5547);
#4806=AXIS2_PLACEMENT_3D('',#6865,#5549,#5550);
#4807=AXIS2_PLACEMENT_3D('',#6866,#5551,#5552);
#4808=AXIS2_PLACEMENT_3D('',#6872,#5556,#5557);
#4809=AXIS2_PLACEMENT_3D('',#6873,#5558,#5559);
#4810=AXIS2_PLACEMENT_3D('',#6877,#5561,#5562);
#4811=AXIS2_PLACEMENT_3D('',#6878,#5563,#5564);
#4812=AXIS2_PLACEMENT_3D('',#6879,#5565,#5566);
#4813=AXIS2_PLACEMENT_3D('',#6884,#5568,#5569);
#4814=AXIS2_PLACEMENT_3D('',#6887,#5571,#5572);
#4815=AXIS2_PLACEMENT_3D('',#6893,#5576,#5577);
#4816=AXIS2_PLACEMENT_3D('',#6894,#5578,#5579);
#4817=AXIS2_PLACEMENT_3D('',#6898,#5581,#5582);
#4818=AXIS2_PLACEMENT_3D('',#6899,#5583,#5584);
#4819=AXIS2_PLACEMENT_3D('',#6905,#5588,#5589);
#4820=AXIS2_PLACEMENT_3D('',#6906,#5590,#5591);
#4821=AXIS2_PLACEMENT_3D('',#6910,#5593,#5594);
#4822=AXIS2_PLACEMENT_3D('',#6911,#5595,#5596);
#4823=AXIS2_PLACEMENT_3D('',#6917,#5600,#5601);
#4824=AXIS2_PLACEMENT_3D('',#6918,#5602,#5603);
#4825=AXIS2_PLACEMENT_3D('',#6922,#5605,#5606);
#4826=AXIS2_PLACEMENT_3D('',#6923,#5607,#5608);
#4827=AXIS2_PLACEMENT_3D('',#6924,#5609,#5610);
#4828=AXIS2_PLACEMENT_3D('',#6929,#5612,#5613);
#4829=AXIS2_PLACEMENT_3D('',#6932,#5615,#5616);
#4830=AXIS2_PLACEMENT_3D('',#6938,#5620,#5621);
#4831=AXIS2_PLACEMENT_3D('',#6939,#5622,#5623);
#4832=AXIS2_PLACEMENT_3D('',#6943,#5625,#5626);
#4833=AXIS2_PLACEMENT_3D('',#6944,#5627,#5628);
#4834=AXIS2_PLACEMENT_3D('',#6950,#5632,#5633);
#4835=AXIS2_PLACEMENT_3D('',#6951,#5634,#5635);
#4836=AXIS2_PLACEMENT_3D('',#6955,#5637,#5638);
#4837=AXIS2_PLACEMENT_3D('',#6956,#5639,#5640);
#4838=AXIS2_PLACEMENT_3D('',#6962,#5644,#5645);
#4839=AXIS2_PLACEMENT_3D('',#6963,#5646,#5647);
#4840=AXIS2_PLACEMENT_3D('',#6967,#5649,#5650);
#4841=AXIS2_PLACEMENT_3D('',#6968,#5651,#5652);
#4842=AXIS2_PLACEMENT_3D('',#6969,#5653,#5654);
#4843=AXIS2_PLACEMENT_3D('',#6974,#5656,#5657);
#4844=AXIS2_PLACEMENT_3D('',#6977,#5659,#5660);
#4845=AXIS2_PLACEMENT_3D('',#6983,#5664,#5665);
#4846=AXIS2_PLACEMENT_3D('',#6984,#5666,#5667);
#4847=AXIS2_PLACEMENT_3D('',#6988,#5669,#5670);
#4848=AXIS2_PLACEMENT_3D('',#6989,#5671,#5672);
#4849=AXIS2_PLACEMENT_3D('',#6995,#5676,#5677);
#4850=AXIS2_PLACEMENT_3D('',#6996,#5678,#5679);
#4851=AXIS2_PLACEMENT_3D('',#7000,#5681,#5682);
#4852=AXIS2_PLACEMENT_3D('',#7001,#5683,#5684);
#4853=AXIS2_PLACEMENT_3D('',#7007,#5688,#5689);
#4854=AXIS2_PLACEMENT_3D('',#7008,#5690,#5691);
#4855=AXIS2_PLACEMENT_3D('',#7012,#5693,#5694);
#4856=AXIS2_PLACEMENT_3D('',#7013,#5695,#5696);
#4857=AXIS2_PLACEMENT_3D('',#7014,#5697,#5698);
#4858=AXIS2_PLACEMENT_3D('',#7019,#5700,#5701);
#4859=AXIS2_PLACEMENT_3D('',#7022,#5703,#5704);
#4860=AXIS2_PLACEMENT_3D('',#7028,#5708,#5709);
#4861=AXIS2_PLACEMENT_3D('',#7029,#5710,#5711);
#4862=AXIS2_PLACEMENT_3D('',#7033,#5713,#5714);
#4863=AXIS2_PLACEMENT_3D('',#7034,#5715,#5716);
#4864=AXIS2_PLACEMENT_3D('',#7040,#5720,#5721);
#4865=AXIS2_PLACEMENT_3D('',#7041,#5722,#5723);
#4866=AXIS2_PLACEMENT_3D('',#7045,#5725,#5726);
#4867=AXIS2_PLACEMENT_3D('',#7046,#5727,#5728);
#4868=AXIS2_PLACEMENT_3D('',#7052,#5732,#5733);
#4869=AXIS2_PLACEMENT_3D('',#7053,#5734,#5735);
#4870=AXIS2_PLACEMENT_3D('',#7057,#5737,#5738);
#4871=AXIS2_PLACEMENT_3D('',#7058,#5739,#5740);
#4872=AXIS2_PLACEMENT_3D('',#7059,#5741,#5742);
#4873=AXIS2_PLACEMENT_3D('',#7064,#5744,#5745);
#4874=AXIS2_PLACEMENT_3D('',#7067,#5747,#5748);
#4875=AXIS2_PLACEMENT_3D('',#7073,#5752,#5753);
#4876=AXIS2_PLACEMENT_3D('',#7074,#5754,#5755);
#4877=AXIS2_PLACEMENT_3D('',#7078,#5757,#5758);
#4878=AXIS2_PLACEMENT_3D('',#7079,#5759,#5760);
#4879=AXIS2_PLACEMENT_3D('',#7085,#5764,#5765);
#4880=AXIS2_PLACEMENT_3D('',#7086,#5766,#5767);
#4881=AXIS2_PLACEMENT_3D('',#7090,#5769,#5770);
#4882=AXIS2_PLACEMENT_3D('',#7091,#5771,#5772);
#4883=AXIS2_PLACEMENT_3D('',#7097,#5776,#5777);
#4884=AXIS2_PLACEMENT_3D('',#7098,#5778,#5779);
#4885=AXIS2_PLACEMENT_3D('',#7102,#5781,#5782);
#4886=AXIS2_PLACEMENT_3D('',#7103,#5783,#5784);
#4887=AXIS2_PLACEMENT_3D('',#7104,#5785,#5786);
#4888=AXIS2_PLACEMENT_3D('',#7109,#5788,#5789);
#4889=AXIS2_PLACEMENT_3D('',#7112,#5791,#5792);
#4890=AXIS2_PLACEMENT_3D('',#7118,#5796,#5797);
#4891=AXIS2_PLACEMENT_3D('',#7119,#5798,#5799);
#4892=AXIS2_PLACEMENT_3D('',#7123,#5801,#5802);
#4893=AXIS2_PLACEMENT_3D('',#7124,#5803,#5804);
#4894=AXIS2_PLACEMENT_3D('',#7130,#5808,#5809);
#4895=AXIS2_PLACEMENT_3D('',#7131,#5810,#5811);
#4896=AXIS2_PLACEMENT_3D('',#7135,#5813,#5814);
#4897=AXIS2_PLACEMENT_3D('',#7136,#5815,#5816);
#4898=AXIS2_PLACEMENT_3D('',#7142,#5820,#5821);
#4899=AXIS2_PLACEMENT_3D('',#7143,#5822,#5823);
#4900=AXIS2_PLACEMENT_3D('',#7147,#5825,#5826);
#4901=AXIS2_PLACEMENT_3D('',#7148,#5827,#5828);
#4902=AXIS2_PLACEMENT_3D('',#7149,#5829,#5830);
#4903=AXIS2_PLACEMENT_3D('',#7154,#5832,#5833);
#4904=AXIS2_PLACEMENT_3D('',#7157,#5835,#5836);
#4905=AXIS2_PLACEMENT_3D('',#7163,#5840,#5841);
#4906=AXIS2_PLACEMENT_3D('',#7164,#5842,#5843);
#4907=AXIS2_PLACEMENT_3D('',#7168,#5845,#5846);
#4908=AXIS2_PLACEMENT_3D('',#7169,#5847,#5848);
#4909=AXIS2_PLACEMENT_3D('',#7175,#5852,#5853);
#4910=AXIS2_PLACEMENT_3D('',#7176,#5854,#5855);
#4911=AXIS2_PLACEMENT_3D('',#7180,#5857,#5858);
#4912=AXIS2_PLACEMENT_3D('',#7181,#5859,#5860);
#4913=AXIS2_PLACEMENT_3D('',#7187,#5864,#5865);
#4914=AXIS2_PLACEMENT_3D('',#7188,#5866,#5867);
#4915=AXIS2_PLACEMENT_3D('',#7192,#5869,#5870);
#4916=AXIS2_PLACEMENT_3D('',#7193,#5871,#5872);
#4917=AXIS2_PLACEMENT_3D('',#7194,#5873,#5874);
#4918=AXIS2_PLACEMENT_3D('',#7199,#5876,#5877);
#4919=AXIS2_PLACEMENT_3D('',#7202,#5879,#5880);
#4920=AXIS2_PLACEMENT_3D('',#7208,#5884,#5885);
#4921=AXIS2_PLACEMENT_3D('',#7209,#5886,#5887);
#4922=AXIS2_PLACEMENT_3D('',#7213,#5889,#5890);
#4923=AXIS2_PLACEMENT_3D('',#7214,#5891,#5892);
#4924=AXIS2_PLACEMENT_3D('',#7220,#5896,#5897);
#4925=AXIS2_PLACEMENT_3D('',#7221,#5898,#5899);
#4926=AXIS2_PLACEMENT_3D('',#7225,#5901,#5902);
#4927=AXIS2_PLACEMENT_3D('',#7226,#5903,#5904);
#4928=AXIS2_PLACEMENT_3D('',#7232,#5908,#5909);
#4929=AXIS2_PLACEMENT_3D('',#7233,#5910,#5911);
#4930=AXIS2_PLACEMENT_3D('',#7237,#5913,#5914);
#4931=AXIS2_PLACEMENT_3D('',#7238,#5915,#5916);
#4932=AXIS2_PLACEMENT_3D('',#7239,#5917,#5918);
#4933=AXIS2_PLACEMENT_3D('',#7244,#5920,#5921);
#4934=AXIS2_PLACEMENT_3D('',#7247,#5923,#5924);
#4935=AXIS2_PLACEMENT_3D('',#7253,#5928,#5929);
#4936=AXIS2_PLACEMENT_3D('',#7254,#5930,#5931);
#4937=AXIS2_PLACEMENT_3D('',#7258,#5933,#5934);
#4938=AXIS2_PLACEMENT_3D('',#7259,#5935,#5936);
#4939=AXIS2_PLACEMENT_3D('',#7265,#5940,#5941);
#4940=AXIS2_PLACEMENT_3D('',#7266,#5942,#5943);
#4941=AXIS2_PLACEMENT_3D('',#7270,#5945,#5946);
#4942=AXIS2_PLACEMENT_3D('',#7271,#5947,#5948);
#4943=AXIS2_PLACEMENT_3D('',#7277,#5952,#5953);
#4944=AXIS2_PLACEMENT_3D('',#7278,#5954,#5955);
#4945=AXIS2_PLACEMENT_3D('',#7282,#5957,#5958);
#4946=AXIS2_PLACEMENT_3D('',#7283,#5959,#5960);
#4947=AXIS2_PLACEMENT_3D('',#7284,#5961,#5962);
#4948=AXIS2_PLACEMENT_3D('',#7289,#5964,#5965);
#4949=AXIS2_PLACEMENT_3D('',#7292,#5967,#5968);
#4950=AXIS2_PLACEMENT_3D('',#7298,#5972,#5973);
#4951=AXIS2_PLACEMENT_3D('',#7299,#5974,#5975);
#4952=AXIS2_PLACEMENT_3D('',#7303,#5977,#5978);
#4953=AXIS2_PLACEMENT_3D('',#7304,#5979,#5980);
#4954=AXIS2_PLACEMENT_3D('',#7310,#5984,#5985);
#4955=AXIS2_PLACEMENT_3D('',#7311,#5986,#5987);
#4956=AXIS2_PLACEMENT_3D('',#7315,#5989,#5990);
#4957=AXIS2_PLACEMENT_3D('',#7316,#5991,#5992);
#4958=AXIS2_PLACEMENT_3D('',#7322,#5996,#5997);
#4959=AXIS2_PLACEMENT_3D('',#7323,#5998,#5999);
#4960=AXIS2_PLACEMENT_3D('',#7327,#6001,#6002);
#4961=AXIS2_PLACEMENT_3D('',#7328,#6003,#6004);
#4962=AXIS2_PLACEMENT_3D('',#7329,#6005,#6006);
#4963=AXIS2_PLACEMENT_3D('',#7334,#6008,#6009);
#4964=AXIS2_PLACEMENT_3D('',#7337,#6011,#6012);
#4965=AXIS2_PLACEMENT_3D('',#7343,#6016,#6017);
#4966=AXIS2_PLACEMENT_3D('',#7344,#6018,#6019);
#4967=AXIS2_PLACEMENT_3D('',#7348,#6021,#6022);
#4968=AXIS2_PLACEMENT_3D('',#7349,#6023,#6024);
#4969=AXIS2_PLACEMENT_3D('',#7355,#6028,#6029);
#4970=AXIS2_PLACEMENT_3D('',#7356,#6030,#6031);
#4971=AXIS2_PLACEMENT_3D('',#7360,#6033,#6034);
#4972=AXIS2_PLACEMENT_3D('',#7361,#6035,#6036);
#4973=AXIS2_PLACEMENT_3D('',#7367,#6040,#6041);
#4974=AXIS2_PLACEMENT_3D('',#7368,#6042,#6043);
#4975=AXIS2_PLACEMENT_3D('',#7372,#6045,#6046);
#4976=AXIS2_PLACEMENT_3D('',#7373,#6047,#6048);
#4977=AXIS2_PLACEMENT_3D('',#7374,#6049,#6050);
#4978=AXIS2_PLACEMENT_3D('',#7379,#6052,#6053);
#4979=AXIS2_PLACEMENT_3D('',#7382,#6055,#6056);
#4980=AXIS2_PLACEMENT_3D('',#7388,#6060,#6061);
#4981=AXIS2_PLACEMENT_3D('',#7389,#6062,#6063);
#4982=AXIS2_PLACEMENT_3D('',#7393,#6065,#6066);
#4983=AXIS2_PLACEMENT_3D('',#7394,#6067,#6068);
#4984=AXIS2_PLACEMENT_3D('',#7400,#6072,#6073);
#4985=AXIS2_PLACEMENT_3D('',#7401,#6074,#6075);
#4986=AXIS2_PLACEMENT_3D('',#7405,#6077,#6078);
#4987=AXIS2_PLACEMENT_3D('',#7406,#6079,#6080);
#4988=AXIS2_PLACEMENT_3D('',#7412,#6084,#6085);
#4989=AXIS2_PLACEMENT_3D('',#7413,#6086,#6087);
#4990=AXIS2_PLACEMENT_3D('',#7417,#6089,#6090);
#4991=AXIS2_PLACEMENT_3D('',#7418,#6091,#6092);
#4992=AXIS2_PLACEMENT_3D('',#7419,#6093,#6094);
#4993=AXIS2_PLACEMENT_3D('',#7424,#6096,#6097);
#4994=AXIS2_PLACEMENT_3D('',#7427,#6099,#6100);
#4995=AXIS2_PLACEMENT_3D('',#7433,#6104,#6105);
#4996=AXIS2_PLACEMENT_3D('',#7434,#6106,#6107);
#4997=AXIS2_PLACEMENT_3D('',#7438,#6109,#6110);
#4998=AXIS2_PLACEMENT_3D('',#7439,#6111,#6112);
#4999=AXIS2_PLACEMENT_3D('',#7445,#6116,#6117);
#5000=AXIS2_PLACEMENT_3D('',#7446,#6118,#6119);
#5001=AXIS2_PLACEMENT_3D('',#7450,#6121,#6122);
#5002=AXIS2_PLACEMENT_3D('',#7451,#6123,#6124);
#5003=AXIS2_PLACEMENT_3D('',#7457,#6128,#6129);
#5004=AXIS2_PLACEMENT_3D('',#7458,#6130,#6131);
#5005=AXIS2_PLACEMENT_3D('',#7462,#6133,#6134);
#5006=AXIS2_PLACEMENT_3D('',#7463,#6135,#6136);
#5007=AXIS2_PLACEMENT_3D('',#7466,#6139,#6140);
#5008=AXIS2_PLACEMENT_3D('',#7469,#6143,#6144);
#5009=AXIS2_PLACEMENT_3D('',#7472,#6147,#6148);
#5010=AXIS2_PLACEMENT_3D('',#7475,#6151,#6152);
#5011=AXIS2_PLACEMENT_3D('',#7478,#6155,#6156);
#5012=AXIS2_PLACEMENT_3D('',#7481,#6159,#6160);
#5013=AXIS2_PLACEMENT_3D('',#7484,#6163,#6164);
#5014=AXIS2_PLACEMENT_3D('',#7487,#6167,#6168);
#5015=AXIS2_PLACEMENT_3D('',#7490,#6171,#6172);
#5016=AXIS2_PLACEMENT_3D('',#7493,#6175,#6176);
#5017=AXIS2_PLACEMENT_3D('',#7496,#6179,#6180);
#5018=AXIS2_PLACEMENT_3D('',#7499,#6183,#6184);
#5019=AXIS2_PLACEMENT_3D('',#7502,#6187,#6188);
#5020=AXIS2_PLACEMENT_3D('',#7505,#6191,#6192);
#5021=AXIS2_PLACEMENT_3D('',#7508,#6195,#6196);
#5022=AXIS2_PLACEMENT_3D('',#7511,#6199,#6200);
#5023=AXIS2_PLACEMENT_3D('',#7536,#6213,#6214);
#5024=AXIS2_PLACEMENT_3D('',#7538,#6215,#6216);
#5025=AXIS2_PLACEMENT_3D('',#7540,#6217,#6218);
#5026=AXIS2_PLACEMENT_3D('',#7542,#6219,#6220);
#5027=AXIS2_PLACEMENT_3D('',#7544,#6221,#6222);
#5028=AXIS2_PLACEMENT_3D('',#7569,#6235,#6236);
#5029=AXIS2_PLACEMENT_3D('',#7571,#6237,#6238);
#5030=AXIS2_PLACEMENT_3D('',#7573,#6239,#6240);
#5031=AXIS2_PLACEMENT_3D('',#7575,#6241,#6242);
#5032=AXIS2_PLACEMENT_3D('',#7577,#6243,#6244);
#5033=AXIS2_PLACEMENT_3D('',#7580,#6247,#6248);
#5034=AXIS2_PLACEMENT_3D('',#7582,#6250,#6251);
#5035=AXIS2_PLACEMENT_3D('',#7584,#6253,#6254);
#5036=AXIS2_PLACEMENT_3D('',#7585,#6255,#6256);
#5037=AXIS2_PLACEMENT_3D('',#7588,#6259,#6260);
#5038=AXIS2_PLACEMENT_3D('',#7590,#6262,#6263);
#5039=AXIS2_PLACEMENT_3D('',#7592,#6265,#6266);
#5040=AXIS2_PLACEMENT_3D('',#7593,#6267,#6268);
#5041=AXIS2_PLACEMENT_3D('',#7594,#6269,#6270);
#5042=AXIS2_PLACEMENT_3D('',#7595,#6271,#6272);
#5043=AXIS2_PLACEMENT_3D('',#7596,#6273,#6274);
#5044=AXIS2_PLACEMENT_3D('',#7599,#6277,#6278);
#5045=AXIS2_PLACEMENT_3D('',#7602,#6281,#6282);
#5046=AXIS2_PLACEMENT_3D('',#7603,#6283,#6284);
#5047=AXIS2_PLACEMENT_3D('',#7604,#6285,#6286);
#5048=AXIS2_PLACEMENT_3D('',#7605,#6287,#6288);
#5049=AXIS2_PLACEMENT_3D('',#7606,#6289,#6290);
#5050=AXIS2_PLACEMENT_3D('',#7615,#6295,#6296);
#5051=AXIS2_PLACEMENT_3D('',#7628,#6303,#6304);
#5052=AXIS2_PLACEMENT_3D('',#7650,#6316,#6317);
#5053=AXIS2_PLACEMENT_3D('',#7653,#6320,#6321);
#5054=AXIS2_PLACEMENT_3D('',#7661,#6326,#6327);
#5055=AXIS2_PLACEMENT_3D('',#7669,#6332,#6333);
#5056=AXIS2_PLACEMENT_3D('',#7670,#6334,#6335);
#5057=AXIS2_PLACEMENT_3D('',#7674,#6338,#6339);
#5058=AXIS2_PLACEMENT_3D('',#7676,#6341,#6342);
#5059=AXIS2_PLACEMENT_3D('',#7680,#6345,#6346);
#5060=AXIS2_PLACEMENT_3D('',#7681,#6347,#6348);
#5061=AXIS2_PLACEMENT_3D('',#7683,#6350,#6351);
#5062=AXIS2_PLACEMENT_3D('',#7689,#6355,#6356);
#5063=AXIS2_PLACEMENT_3D('',#7691,#6358,#6359);
#5064=AXIS2_PLACEMENT_3D('',#7697,#6363,#6364);
#5065=AXIS2_PLACEMENT_3D('',#7699,#6366,#6367);
#5066=AXIS2_PLACEMENT_3D('',#7701,#6369,#6370);
#5067=AXIS2_PLACEMENT_3D('',#7702,#6371,#6372);
#5068=AXIS2_PLACEMENT_3D('',#7703,#6373,#6374);
#5069=DIRECTION('',(0.,0.,1.));
#5070=DIRECTION('',(1.,0.,0.));
#5071=DIRECTION('',(0.999999992029881,-0.000126254655137407,0.));
#5072=DIRECTION('',(0.000126254655137407,0.999999992029881,0.));
#5073=DIRECTION('',(-0.000126254655137407,-0.999999992029881,0.));
#5074=DIRECTION('',(0.999999992029881,-0.000126254655137407,0.));
#5075=DIRECTION('',(0.000126254655137407,0.999999992029881,0.));
#5076=DIRECTION('',(-1.34623960620603E-12,-1.06628907584531E-8,1.));
#5077=DIRECTION('',(0.999999992029881,-0.000126254655137407,0.));
#5078=DIRECTION('',(0.000126254655137407,0.999999992029881,0.));
#5079=DIRECTION('',(0.000126254655137407,0.999999992029881,0.));
#5080=DIRECTION('',(0.999999992029881,-0.000126254655137407,0.));
#5081=DIRECTION('',(0.000126254655137407,0.999999992029881,0.));
#5082=DIRECTION('',(1.34623960620603E-12,1.06628907584531E-8,-1.));
#5083=DIRECTION('',(0.999999992029881,-0.000126254655137407,0.));
#5084=DIRECTION('',(0.000126254655137407,0.999999992029881,0.));
#5085=DIRECTION('',(0.,0.,1.));
#5086=DIRECTION('',(0.000126254655137407,0.999999992029881,0.));
#5087=DIRECTION('',(0.,0.,1.));
#5088=DIRECTION('',(-0.000126254655137407,-0.999999992029881,0.));
#5089=DIRECTION('',(0.,0.,-1.));
#5090=DIRECTION('',(-0.000126254655137407,-0.999999992029881,-1.99106284066023E-20));
#5091=DIRECTION('',(0.,0.,1.));
#5092=DIRECTION('',(0.000126254655137407,0.999999992029881,0.));
#5093=DIRECTION('',(0.,0.,-1.));
#5094=DIRECTION('',(-0.000126254655137407,-0.999999992029881,0.));
#5095=DIRECTION('',(0.,0.,-1.));
#5096=DIRECTION('',(0.000126254655137407,0.999999992029881,1.99106284066023E-20));
#5097=DIRECTION('',(0.,0.,1.));
#5098=DIRECTION('',(0.000126254655137407,0.999999992029881,0.));
#5099=DIRECTION('',(0.,0.,-1.));
#5100=DIRECTION('',(-0.000126254655137407,-0.999999992029881,0.));
#5101=DIRECTION('',(9.99999995000604E-5,-0.999999995,0.));
#5102=DIRECTION('',(0.999999995,9.99999995000604E-5,0.));
#5103=DIRECTION('',(0.,0.,1.));
#5104=DIRECTION('',(0.999999995,9.99999995000605E-5,0.));
#5105=DIRECTION('',(0.,0.,1.));
#5106=DIRECTION('',(-0.999999995,-9.99999995000604E-5,0.));
#5107=DIRECTION('',(0.999999995,9.99999995000605E-5,0.));
#5108=DIRECTION('',(0.,0.,-1.));
#5109=DIRECTION('',(-0.999999995,-9.99999995000604E-5,0.));
#5110=DIRECTION('',(-0.999999992030887,0.000126246685018355,0.));
#5111=DIRECTION('',(-0.000126246685018355,-0.999999992030887,0.));
#5112=DIRECTION('',(-0.000126246685018355,-0.999999992030887,0.));
#5113=DIRECTION('',(0.,0.,1.));
#5114=DIRECTION('',(0.000126246685018355,0.999999992030887,0.));
#5115=DIRECTION('',(-7.97077906833938E-13,1.,0.));
#5116=DIRECTION('',(-1.,-7.97077906833938E-13,0.));
#5117=DIRECTION('',(-1.,-7.97077906833938E-13,0.));
#5118=DIRECTION('',(1.,7.97077906833938E-13,0.));
#5119=DIRECTION('',(0.,-1.,0.));
#5120=DIRECTION('',(0.,0.,-1.));
#5121=DIRECTION('',(-1.,0.,0.));
#5122=DIRECTION('',(1.,0.,1.57702132922805E-16));
#5123=DIRECTION('',(0.,0.,1.));
#5124=DIRECTION('',(0.,-1.,0.));
#5125=DIRECTION('',(0.,0.,-1.));
#5126=DIRECTION('',(-1.,0.,0.));
#5127=DIRECTION('',(0.,0.,1.));
#5128=DIRECTION('',(1.,0.,1.57702132922805E-16));
#5129=DIRECTION('',(0.999999992029881,-0.000126254655137494,0.));
#5130=DIRECTION('',(0.000126254655137494,0.999999992029881,0.));
#5131=DIRECTION('',(-0.000126254655137494,-0.999999992029881,0.));
#5132=DIRECTION('',(0.,0.,1.));
#5133=DIRECTION('',(0.000126254655137494,0.999999992029881,0.));
#5134=DIRECTION('',(0.,0.,1.));
#5135=DIRECTION('',(-0.000126254655137494,-0.999999992029881,0.));
#5136=DIRECTION('',(0.000126254655137494,0.999999992029881,1.99106284066159E-20));
#5137=DIRECTION('',(0.,0.,1.));
#5138=DIRECTION('',(0.000126254655137494,0.999999992029881,0.));
#5139=DIRECTION('',(0.,0.,1.));
#5140=DIRECTION('',(-0.000126254655137494,-0.999999992029881,0.));
#5141=DIRECTION('',(-0.999999992029881,0.000126254655137494,0.));
#5142=DIRECTION('',(-0.000126254655137494,-0.999999992029881,0.));
#5143=DIRECTION('',(-1.34623960620696E-12,-1.06628907584531E-8,1.));
#5144=DIRECTION('',(-0.999999992029881,0.000126254655137494,0.));
#5145=DIRECTION('',(-0.000126254655137494,-0.999999992029881,0.));
#5146=DIRECTION('',(-0.000126254655137494,-0.999999992029881,0.));
#5147=DIRECTION('',(-0.999999992029881,0.000126254655137494,0.));
#5148=DIRECTION('',(-0.000126254655137494,-0.999999992029881,0.));
#5149=DIRECTION('',(1.34623960620696E-12,1.06628907584531E-8,-1.));
#5150=DIRECTION('',(-0.999999992029881,0.000126254655137494,0.));
#5151=DIRECTION('',(-0.000126254655137494,-0.999999992029881,0.));
#5152=DIRECTION('',(-0.000126254655137494,-0.999999992029881,0.));
#5153=DIRECTION('',(0.,0.,1.));
#5154=DIRECTION('',(-0.000126254655137494,-0.999999992029881,-1.99106284066159E-20));
#5155=DIRECTION('',(0.,0.,-1.));
#5156=DIRECTION('',(0.000126254655137494,0.999999992029881,0.));
#5157=DIRECTION('',(0.,0.,-1.));
#5158=DIRECTION('',(-1.,0.,0.));
#5159=DIRECTION('',(0.,0.,-1.));
#5160=DIRECTION('',(-1.,0.,0.));
#5161=DIRECTION('',(0.,0.,1.));
#5162=DIRECTION('',(1.,0.,0.));
#5163=DIRECTION('',(0.,0.,-1.));
#5164=DIRECTION('',(-1.,0.,0.));
#5165=DIRECTION('',(0.,0.,-1.));
#5166=DIRECTION('',(-1.,0.,0.));
#5167=DIRECTION('',(0.,0.,1.));
#5168=DIRECTION('',(1.,0.,0.));
#5169=DIRECTION('',(0.,0.,-1.));
#5170=DIRECTION('',(-1.,0.,0.));
#5171=DIRECTION('',(0.,0.,-1.));
#5172=DIRECTION('',(-1.,0.,0.));
#5173=DIRECTION('',(0.,0.,1.));
#5174=DIRECTION('',(1.,0.,0.));
#5175=DIRECTION('',(0.,0.,-1.));
#5176=DIRECTION('',(-1.,0.,0.));
#5177=DIRECTION('',(0.,0.,-1.));
#5178=DIRECTION('',(-1.,0.,0.));
#5179=DIRECTION('',(0.,0.,1.));
#5180=DIRECTION('',(1.,0.,0.));
#5181=DIRECTION('',(-0.999999992030887,0.000126246685018394,0.));
#5182=DIRECTION('',(-0.000126246685018394,-0.999999992030887,0.));
#5183=DIRECTION('',(0.000126246685018394,0.999999992030887,0.));
#5184=DIRECTION('',(0.,0.,1.));
#5185=DIRECTION('',(-0.000126246685018394,-0.999999992030887,0.));
#5186=DIRECTION('',(0.,0.,1.));
#5187=DIRECTION('',(9.99999995000848E-5,-0.999999995,0.));
#5188=DIRECTION('',(0.999999995,9.99999995000848E-5,0.));
#5189=DIRECTION('',(-0.999999995,-9.99999995000848E-5,0.));
#5190=DIRECTION('',(0.999999995,9.99999995000848E-5,0.));
#5191=DIRECTION('',(-7.97103889075094E-13,1.,0.));
#5192=DIRECTION('',(-1.,-7.97103889075094E-13,0.));
#5193=DIRECTION('',(1.,7.97103889075094E-13,0.));
#5194=DIRECTION('',(-1.,-7.97103889075094E-13,0.));
#5195=DIRECTION('',(0.,-1.,0.));
#5196=DIRECTION('',(0.,0.,-1.));
#5197=DIRECTION('',(-1.,0.,-1.57702132922805E-16));
#5198=DIRECTION('',(1.,0.,0.));
#5199=DIRECTION('',(-1.,0.,-1.57702132922805E-16));
#5200=DIRECTION('',(0.,-1.,0.));
#5201=DIRECTION('',(0.,0.,-1.));
#5202=DIRECTION('',(-1.,0.,-1.57702132922805E-16));
#5203=DIRECTION('',(-1.,0.,-1.57702132922805E-16));
#5204=DIRECTION('',(1.,0.,0.));
#5205=DIRECTION('',(0.,0.,1.));
#5206=DIRECTION('',(1.,0.,0.));
#5207=DIRECTION('',(0.000126254655137494,0.999999992029881,0.));
#5208=DIRECTION('',(-0.999999992029881,0.000126254655137494,0.));
#5209=DIRECTION('',(-0.999999992029881,0.000126254655137494,0.));
#5210=DIRECTION('',(-0.999999992029881,0.000126254655137494,0.));
#5211=DIRECTION('',(-0.000126254655137494,-0.999999992029881,0.));
#5212=DIRECTION('',(-0.999999992029881,0.000126254655137494,0.));
#5213=DIRECTION('',(-0.000126254655137494,-0.999999992029881,0.));
#5214=DIRECTION('',(-0.999999992029881,0.000126254655137494,0.));
#5215=DIRECTION('',(0.000126254655137494,0.999999992029881,1.06628908434376E-8));
#5216=DIRECTION('',(-0.999999992029881,0.000126254655137494,0.));
#5217=DIRECTION('',(1.34623960620696E-12,1.06628907584531E-8,-1.));
#5218=DIRECTION('',(-0.999999992029881,0.000126254655137494,0.));
#5219=DIRECTION('',(-0.999999992029881,0.000126254655137494,0.));
#5220=DIRECTION('',(-0.000126254655137494,-0.999999992029881,0.));
#5221=DIRECTION('',(-0.999999992029881,0.000126254655137494,0.));
#5222=DIRECTION('',(-0.000126254655137494,-0.999999992029881,0.));
#5223=DIRECTION('',(-0.999999992029881,0.000126254655137494,0.));
#5224=DIRECTION('',(0.,0.,-1.));
#5225=DIRECTION('',(-1.,0.,0.));
#5226=DIRECTION('',(-0.000126254655137494,-0.999999992029881,0.));
#5227=DIRECTION('',(-0.999999992029881,0.000126254655137494,0.));
#5228=DIRECTION('',(-0.999999992029881,0.000126254655137494,0.));
#5229=DIRECTION('',(-0.000126254655137494,-0.999999992029881,0.));
#5230=DIRECTION('',(-0.999999992029881,0.000126254655137494,0.));
#5231=DIRECTION('',(-0.000126254655137494,-0.999999992029881,0.));
#5232=DIRECTION('',(-0.999999992029881,0.000126254655137494,0.));
#5233=DIRECTION('',(-0.000126254655137494,-0.999999992029881,-1.06628908434376E-8));
#5234=DIRECTION('',(0.999999992029881,-0.000126254655137494,0.));
#5235=DIRECTION('',(-1.34623960620696E-12,-1.06628907584531E-8,1.));
#5236=DIRECTION('',(-0.999999992029881,0.000126254655137494,0.));
#5237=DIRECTION('',(-0.999999992029881,0.000126254655137494,0.));
#5238=DIRECTION('',(-0.000126254655137494,-0.999999992029881,0.));
#5239=DIRECTION('',(-0.999999992029881,0.000126254655137494,0.));
#5240=DIRECTION('',(-0.000126254655137494,-0.999999992029881,0.));
#5241=DIRECTION('',(0.,0.,1.));
#5242=DIRECTION('',(1.,0.,0.));
#5243=DIRECTION('',(0.,0.,1.));
#5244=DIRECTION('',(1.,0.,0.));
#5245=DIRECTION('',(0.,0.,1.));
#5246=DIRECTION('',(1.,0.,0.));
#5247=DIRECTION('',(0.,0.,1.));
#5248=DIRECTION('',(1.,0.,0.));
#5249=DIRECTION('',(0.,0.,1.));
#5250=DIRECTION('',(1.,0.,0.));
#5251=DIRECTION('',(0.,0.,-1.));
#5252=DIRECTION('',(-1.,0.,0.));
#5253=DIRECTION('',(0.,0.,1.));
#5254=DIRECTION('',(1.,0.,0.));
#5255=DIRECTION('',(0.,0.,1.));
#5256=DIRECTION('',(1.,0.,0.));
#5257=DIRECTION('',(0.,0.,-1.));
#5258=DIRECTION('',(-1.,0.,0.));
#5259=DIRECTION('',(0.,0.,1.));
#5260=DIRECTION('',(1.,0.,0.));
#5261=DIRECTION('',(0.,0.,1.));
#5262=DIRECTION('',(1.,0.,0.));
#5263=DIRECTION('',(0.,0.,-1.));
#5264=DIRECTION('',(-1.,0.,0.));
#5265=DIRECTION('',(0.,0.,1.));
#5266=DIRECTION('',(1.,0.,0.));
#5267=DIRECTION('',(0.,0.,1.));
#5268=DIRECTION('',(1.,0.,0.));
#5269=DIRECTION('',(0.,0.,-1.));
#5270=DIRECTION('',(-1.,0.,0.));
#5271=DIRECTION('',(0.,0.,1.));
#5272=DIRECTION('',(1.,0.,0.));
#5273=DIRECTION('',(0.,0.,1.));
#5274=DIRECTION('',(1.,0.,0.));
#5275=DIRECTION('',(-0.999999992029881,0.000126254655137494,0.));
#5276=DIRECTION('',(-0.000126254655137494,-0.999999992029881,0.));
#5277=DIRECTION('',(-0.999999992029881,0.000126254655137494,0.));
#5278=DIRECTION('',(-0.999999992029881,0.000126254655137494,0.));
#5279=DIRECTION('',(-0.000126254655137494,-0.999999992029881,0.));
#5280=DIRECTION('',(-0.999999992029881,0.000126254655137494,0.));
#5281=DIRECTION('',(0.000126254655137494,0.999999992029881,1.06628908434376E-8));
#5282=DIRECTION('',(-0.999999992029881,0.000126254655137494,0.));
#5283=DIRECTION('',(-0.999999992029881,0.000126254655137494,0.));
#5284=DIRECTION('',(1.34623960620696E-12,1.06628907584531E-8,-1.));
#5285=DIRECTION('',(-0.999999992029881,0.000126254655137494,0.));
#5286=DIRECTION('',(-0.000126254655137494,-0.999999992029881,0.));
#5287=DIRECTION('',(-0.999999992029881,0.000126254655137494,0.));
#5288=DIRECTION('',(-0.999999992029881,0.000126254655137494,0.));
#5289=DIRECTION('',(-0.000126254655137494,-0.999999992029881,0.));
#5290=DIRECTION('',(0.,0.,-1.));
#5291=DIRECTION('',(-1.,0.,0.));
#5292=DIRECTION('',(-0.999999992029881,0.000126254655137494,0.));
#5293=DIRECTION('',(-0.000126254655137494,-0.999999992029881,0.));
#5294=DIRECTION('',(-0.999999992029881,0.000126254655137494,0.));
#5295=DIRECTION('',(-0.000126254655137494,-0.999999992029881,0.));
#5296=DIRECTION('',(-0.999999992029881,0.000126254655137494,0.));
#5297=DIRECTION('',(-0.999999992029881,0.000126254655137494,0.));
#5298=DIRECTION('',(-0.000126254655137494,-0.999999992029881,0.));
#5299=DIRECTION('',(-0.000126254655137494,-0.999999992029881,-1.06628908434376E-8));
#5300=DIRECTION('',(0.999999992029881,-0.000126254655137494,0.));
#5301=DIRECTION('',(-0.999999992029881,0.000126254655137494,0.));
#5302=DIRECTION('',(-1.34623960620696E-12,-1.06628907584531E-8,1.));
#5303=DIRECTION('',(-0.999999992029881,0.000126254655137494,0.));
#5304=DIRECTION('',(-0.000126254655137494,-0.999999992029881,0.));
#5305=DIRECTION('',(-0.999999992029881,0.000126254655137494,0.));
#5306=DIRECTION('',(-0.999999992029881,0.000126254655137494,0.));
#5307=DIRECTION('',(-0.000126254655137494,-0.999999992029881,0.));
#5308=DIRECTION('',(-0.999999992029881,0.000126254655137494,0.));
#5309=DIRECTION('',(-0.000126254655137494,-0.999999992029881,0.));
#5310=DIRECTION('',(0.000126254655137494,0.999999992029881,3.36708752298195E-17));
#5311=DIRECTION('',(0.,0.,1.));
#5312=DIRECTION('',(1.,0.,0.));
#5313=DIRECTION('',(-1.57702132922805E-16,0.,1.));
#5314=DIRECTION('',(1.,0.,1.57702132922805E-16));
#5315=DIRECTION('',(1.57702132922805E-16,0.,-1.));
#5316=DIRECTION('',(-1.,0.,-1.57702132922805E-16));
#5317=DIRECTION('',(-1.,0.,-1.57702132922805E-16));
#5318=DIRECTION('',(1.57702132922805E-16,0.,-1.));
#5319=DIRECTION('',(-1.,0.,-1.57702132922805E-16));
#5320=DIRECTION('',(1.,0.,1.57702132922805E-16));
#5321=DIRECTION('',(0.,-1.,0.));
#5322=DIRECTION('',(1.,0.,0.));
#5323=DIRECTION('',(1.57702132922805E-16,0.,-1.));
#5324=DIRECTION('',(-1.,0.,-1.57702132922805E-16));
#5325=DIRECTION('',(1.57702132922805E-16,0.,-1.));
#5326=DIRECTION('',(-1.,0.,-1.57702132922805E-16));
#5327=DIRECTION('',(-1.,0.,-1.57702132922805E-16));
#5328=DIRECTION('',(-1.57702132922805E-16,0.,1.));
#5329=DIRECTION('',(1.,0.,1.57702132922805E-16));
#5330=DIRECTION('',(1.,0.,1.57702132922805E-16));
#5331=DIRECTION('',(0.,1.,0.));
#5332=DIRECTION('',(1.,0.,0.));
#5333=DIRECTION('',(1.57702132922805E-16,0.,-1.));
#5334=DIRECTION('',(-1.,0.,-1.57702132922805E-16));
#5335=DIRECTION('',(1.57702132922805E-16,0.,-1.));
#5336=DIRECTION('',(-1.,0.,-1.57702132922805E-16));
#5337=DIRECTION('',(0.,0.,1.));
#5338=DIRECTION('',(1.,0.,0.));
#5339=DIRECTION('',(0.,0.,-1.));
#5340=DIRECTION('',(1.,0.,0.));
#5341=DIRECTION('',(0.,0.,-1.));
#5342=DIRECTION('',(-1.,0.,0.));
#5343=DIRECTION('',(0.,0.,-1.));
#5344=DIRECTION('',(-1.,0.,0.));
#5345=DIRECTION('',(0.,0.,-1.));
#5346=DIRECTION('',(-1.,0.,0.));
#5347=DIRECTION('',(0.,0.,-1.));
#5348=DIRECTION('',(-1.,0.,0.));
#5349=DIRECTION('',(-0.000326246678899793,-0.999999946781551,0.));
#5350=DIRECTION('',(-0.99999998,0.000199999998000068,0.));
#5351=DIRECTION('',(-0.000326246678900383,-0.999999946781551,0.));
#5352=DIRECTION('',(-0.999999946781551,0.000326246678901411,0.));
#5353=DIRECTION('',(-0.000326246678899766,-0.999999946781551,0.));
#5354=DIRECTION('',(-0.99999998,0.00019999999800011,0.));
#5355=DIRECTION('',(-0.000326246678899857,-0.999999946781551,0.));
#5356=DIRECTION('',(0.999999995,-9.99999995000652E-5,0.));
#5357=DIRECTION('',(0.000326246678899836,0.999999946781551,0.));
#5358=DIRECTION('',(0.999999946781551,-0.000326246678885798,0.));
#5359=DIRECTION('',(0.000326246678899812,0.999999946781551,0.));
#5360=DIRECTION('',(0.999999946781551,-0.000326246678899793,0.));
#5361=DIRECTION('',(0.000326246678899793,0.999999946781551,0.));
#5362=DIRECTION('',(-0.000326246678899793,-0.999999946781551,0.));
#5363=DIRECTION('',(0.,0.,-1.));
#5364=DIRECTION('',(-0.999999946781551,0.000326246678899812,0.));
#5365=DIRECTION('',(-0.000326246678899812,-0.999999946781551,0.));
#5366=DIRECTION('',(0.000326246678899812,0.999999946781551,0.));
#5367=DIRECTION('',(0.,0.,-1.));
#5368=DIRECTION('',(0.000326246678885798,0.999999946781551,0.));
#5369=DIRECTION('',(-0.999999946781551,0.000326246678885798,0.));
#5370=DIRECTION('',(0.,0.,-1.));
#5371=DIRECTION('',(0.999999946781551,-0.000326246678885798,0.));
#5372=DIRECTION('',(-0.999999946781551,0.000326246678899836,0.));
#5373=DIRECTION('',(-0.000326246678899836,-0.999999946781551,0.));
#5374=DIRECTION('',(0.,0.,-1.));
#5375=DIRECTION('',(0.000326246678899836,0.999999946781551,0.));
#5376=DIRECTION('',(9.99999995000652E-5,0.999999995,0.));
#5377=DIRECTION('',(-0.999999995,9.99999995000652E-5,0.));
#5378=DIRECTION('',(0.,0.,-1.));
#5379=DIRECTION('',(0.999999995,-9.99999995000652E-5,0.));
#5380=DIRECTION('',(0.999999946781551,-0.000326246678899857,0.));
#5381=DIRECTION('',(0.000326246678899857,0.999999946781551,0.));
#5382=DIRECTION('',(0.,0.,-1.));
#5383=DIRECTION('',(-0.000326246678899857,-0.999999946781551,0.));
#5384=DIRECTION('',(-0.00019999999800011,-0.99999998,0.));
#5385=DIRECTION('',(0.99999998,-0.00019999999800011,0.));
#5386=DIRECTION('',(0.,0.,-1.));
#5387=DIRECTION('',(-0.99999998,0.00019999999800011,0.));
#5388=DIRECTION('',(0.999999946781551,-0.000326246678899766,0.));
#5389=DIRECTION('',(0.000326246678899766,0.999999946781551,0.));
#5390=DIRECTION('',(0.,0.,-1.));
#5391=DIRECTION('',(-0.000326246678899766,-0.999999946781551,0.));
#5392=DIRECTION('',(-0.000326246678901411,-0.999999946781551,0.));
#5393=DIRECTION('',(0.999999946781551,-0.000326246678901411,0.));
#5394=DIRECTION('',(0.,0.,-1.));
#5395=DIRECTION('',(-0.999999946781551,0.000326246678901411,0.));
#5396=DIRECTION('',(0.999999946781551,-0.000326246678900383,0.));
#5397=DIRECTION('',(0.000326246678900383,0.999999946781551,0.));
#5398=DIRECTION('',(0.,0.,-1.));
#5399=DIRECTION('',(-0.000326246678900383,-0.999999946781551,0.));
#5400=DIRECTION('',(-0.000199999998000068,-0.99999998,0.));
#5401=DIRECTION('',(0.99999998,-0.000199999998000068,0.));
#5402=DIRECTION('',(-0.99999998,0.000199999998000068,0.));
#5403=DIRECTION('',(0.,0.,1.));
#5404=DIRECTION('',(1.,0.,0.));
#5405=DIRECTION('',(0.,0.,-1.));
#5406=DIRECTION('',(-1.,0.,0.));
#5407=DIRECTION('',(0.,0.,1.));
#5408=DIRECTION('',(1.,0.,0.));
#5409=DIRECTION('',(0.,0.,1.));
#5410=DIRECTION('',(1.,0.,0.));
#5411=DIRECTION('',(0.,0.,-1.));
#5412=DIRECTION('',(-1.,0.,0.));
#5413=DIRECTION('',(0.,0.,1.));
#5414=DIRECTION('',(1.,0.,0.));
#5415=DIRECTION('',(0.,0.,1.));
#5416=DIRECTION('',(1.,0.,0.));
#5417=DIRECTION('',(0.,0.,-1.));
#5418=DIRECTION('',(-1.,0.,0.));
#5419=DIRECTION('',(0.,0.,1.));
#5420=DIRECTION('',(1.,0.,0.));
#5421=DIRECTION('',(0.,0.,1.));
#5422=DIRECTION('',(1.,0.,0.));
#5423=DIRECTION('',(0.,0.,-1.));
#5424=DIRECTION('',(-1.,0.,0.));
#5425=DIRECTION('',(0.,0.,1.));
#5426=DIRECTION('',(1.,0.,0.));
#5427=DIRECTION('',(0.,0.,1.));
#5428=DIRECTION('',(1.,0.,0.));
#5429=DIRECTION('',(0.,0.,1.));
#5430=DIRECTION('',(1.,0.,0.));
#5431=DIRECTION('',(0.,0.,-1.));
#5432=DIRECTION('',(-1.,0.,0.));
#5433=DIRECTION('',(0.,0.,1.));
#5434=DIRECTION('',(1.,0.,0.));
#5435=DIRECTION('',(0.,0.,-1.));
#5436=DIRECTION('',(0.,0.,1.));
#5437=DIRECTION('',(1.,0.,0.));
#5438=DIRECTION('',(0.,0.,-1.));
#5439=DIRECTION('',(0.,1.,0.));
#5440=DIRECTION('',(0.,0.,1.));
#5441=DIRECTION('',(1.,0.,0.));
#5442=DIRECTION('',(0.,0.,-1.));
#5443=DIRECTION('',(1.,0.,0.));
#5444=DIRECTION('',(0.,0.,-1.));
#5445=DIRECTION('',(-1.,0.,0.));
#5446=DIRECTION('',(0.,0.,1.));
#5447=DIRECTION('',(1.,0.,0.));
#5448=DIRECTION('',(0.,0.,-1.));
#5449=DIRECTION('',(0.,0.,1.));
#5450=DIRECTION('',(1.,0.,0.));
#5451=DIRECTION('',(1.,0.,0.));
#5452=DIRECTION('',(0.,0.,-1.));
#5453=DIRECTION('',(0.,-1.,0.));
#5454=DIRECTION('',(0.,0.,-1.));
#5455=DIRECTION('',(0.,-1.,0.));
#5456=DIRECTION('',(0.,0.,-1.));
#5457=DIRECTION('',(-1.,0.,0.));
#5458=DIRECTION('',(0.,0.,1.));
#5459=DIRECTION('',(1.,0.,0.));
#5460=DIRECTION('',(0.,0.,-1.));
#5461=DIRECTION('',(0.,0.,1.));
#5462=DIRECTION('',(1.,0.,0.));
#5463=DIRECTION('',(0.,1.,0.));
#5464=DIRECTION('',(0.,0.,1.));
#5465=DIRECTION('',(1.,0.,0.));
#5466=DIRECTION('',(0.,0.,-1.));
#5467=DIRECTION('',(1.,0.,0.));
#5468=DIRECTION('',(0.,0.,-1.));
#5469=DIRECTION('',(-1.,0.,0.));
#5470=DIRECTION('',(0.,0.,1.));
#5471=DIRECTION('',(1.,0.,0.));
#5472=DIRECTION('',(0.,0.,-1.));
#5473=DIRECTION('',(0.,0.,1.));
#5474=DIRECTION('',(1.,0.,0.));
#5475=DIRECTION('',(0.,0.,-1.));
#5476=DIRECTION('',(-1.,0.,0.));
#5477=DIRECTION('',(0.,0.,1.));
#5478=DIRECTION('',(1.,0.,0.));
#5479=DIRECTION('',(0.,0.,-1.));
#5480=DIRECTION('',(0.,0.,1.));
#5481=DIRECTION('',(1.,0.,0.));
#5482=DIRECTION('',(0.,0.,-1.));
#5483=DIRECTION('',(0.,1.,0.));
#5484=DIRECTION('',(0.,0.,1.));
#5485=DIRECTION('',(1.,0.,0.));
#5486=DIRECTION('',(0.,0.,-1.));
#5487=DIRECTION('',(1.,0.,0.));
#5488=DIRECTION('',(0.,0.,-1.));
#5489=DIRECTION('',(-1.,0.,0.));
#5490=DIRECTION('',(0.,0.,1.));
#5491=DIRECTION('',(1.,0.,0.));
#5492=DIRECTION('',(0.,0.,-1.));
#5493=DIRECTION('',(0.,0.,1.));
#5494=DIRECTION('',(1.,0.,0.));
#5495=DIRECTION('',(1.,0.,0.));
#5496=DIRECTION('',(0.,0.,-1.));
#5497=DIRECTION('',(0.,-1.,0.));
#5498=DIRECTION('',(0.,0.,-1.));
#5499=DIRECTION('',(0.,-1.,0.));
#5500=DIRECTION('',(0.,0.,-1.));
#5501=DIRECTION('',(-1.,0.,0.));
#5502=DIRECTION('',(0.,0.,1.));
#5503=DIRECTION('',(1.,0.,0.));
#5504=DIRECTION('',(0.,0.,-1.));
#5505=DIRECTION('',(0.,0.,1.));
#5506=DIRECTION('',(1.,0.,0.));
#5507=DIRECTION('',(0.,1.,0.));
#5508=DIRECTION('',(0.,0.,1.));
#5509=DIRECTION('',(1.,0.,0.));
#5510=DIRECTION('',(0.,0.,-1.));
#5511=DIRECTION('',(1.,0.,0.));
#5512=DIRECTION('',(0.,0.,-1.));
#5513=DIRECTION('',(-1.,0.,0.));
#5514=DIRECTION('',(0.,0.,1.));
#5515=DIRECTION('',(1.,0.,0.));
#5516=DIRECTION('',(0.,0.,-1.));
#5517=DIRECTION('',(0.,0.,1.));
#5518=DIRECTION('',(1.,0.,0.));
#5519=DIRECTION('',(0.,0.,-1.));
#5520=DIRECTION('',(-1.,0.,0.));
#5521=DIRECTION('',(0.,0.,1.));
#5522=DIRECTION('',(1.,0.,0.));
#5523=DIRECTION('',(0.,0.,-1.));
#5524=DIRECTION('',(0.,0.,1.));
#5525=DIRECTION('',(1.,0.,0.));
#5526=DIRECTION('',(0.,0.,-1.));
#5527=DIRECTION('',(0.,1.,0.));
#5528=DIRECTION('',(0.,0.,1.));
#5529=DIRECTION('',(1.,0.,0.));
#5530=DIRECTION('',(0.,0.,-1.));
#5531=DIRECTION('',(1.,0.,0.));
#5532=DIRECTION('',(0.,0.,-1.));
#5533=DIRECTION('',(-1.,0.,0.));
#5534=DIRECTION('',(0.,0.,1.));
#5535=DIRECTION('',(1.,0.,0.));
#5536=DIRECTION('',(0.,0.,-1.));
#5537=DIRECTION('',(0.,0.,1.));
#5538=DIRECTION('',(1.,0.,0.));
#5539=DIRECTION('',(1.,0.,0.));
#5540=DIRECTION('',(0.,0.,-1.));
#5541=DIRECTION('',(0.,-1.,0.));
#5542=DIRECTION('',(0.,0.,-1.));
#5543=DIRECTION('',(0.,-1.,0.));
#5544=DIRECTION('',(0.,0.,-1.));
#5545=DIRECTION('',(-1.,0.,0.));
#5546=DIRECTION('',(0.,0.,1.));
#5547=DIRECTION('',(1.,0.,0.));
#5548=DIRECTION('',(0.,0.,-1.));
#5549=DIRECTION('',(0.,0.,1.));
#5550=DIRECTION('',(1.,0.,0.));
#5551=DIRECTION('',(0.,1.,0.));
#5552=DIRECTION('',(0.,0.,1.));
#5553=DIRECTION('',(1.,0.,0.));
#5554=DIRECTION('',(0.,0.,-1.));
#5555=DIRECTION('',(1.,0.,0.));
#5556=DIRECTION('',(0.,0.,-1.));
#5557=DIRECTION('',(-1.,0.,0.));
#5558=DIRECTION('',(0.,0.,1.));
#5559=DIRECTION('',(1.,0.,0.));
#5560=DIRECTION('',(0.,0.,-1.));
#5561=DIRECTION('',(0.,0.,1.));
#5562=DIRECTION('',(1.,0.,0.));
#5563=DIRECTION('',(0.,0.,-1.));
#5564=DIRECTION('',(-1.,0.,0.));
#5565=DIRECTION('',(0.,0.,1.));
#5566=DIRECTION('',(1.,0.,0.));
#5567=DIRECTION('',(0.,0.,-1.));
#5568=DIRECTION('',(0.,0.,1.));
#5569=DIRECTION('',(1.,0.,0.));
#5570=DIRECTION('',(0.,0.,-1.));
#5571=DIRECTION('',(0.,1.,0.));
#5572=DIRECTION('',(0.,0.,1.));
#5573=DIRECTION('',(1.,0.,0.));
#5574=DIRECTION('',(0.,0.,-1.));
#5575=DIRECTION('',(1.,0.,0.));
#5576=DIRECTION('',(0.,0.,-1.));
#5577=DIRECTION('',(-1.,0.,0.));
#5578=DIRECTION('',(0.,0.,1.));
#5579=DIRECTION('',(1.,0.,0.));
#5580=DIRECTION('',(0.,0.,-1.));
#5581=DIRECTION('',(0.,0.,1.));
#5582=DIRECTION('',(1.,0.,0.));
#5583=DIRECTION('',(1.,0.,0.));
#5584=DIRECTION('',(0.,0.,-1.));
#5585=DIRECTION('',(0.,-1.,0.));
#5586=DIRECTION('',(0.,0.,-1.));
#5587=DIRECTION('',(0.,-1.,0.));
#5588=DIRECTION('',(0.,0.,-1.));
#5589=DIRECTION('',(-1.,0.,0.));
#5590=DIRECTION('',(0.,0.,1.));
#5591=DIRECTION('',(1.,0.,0.));
#5592=DIRECTION('',(0.,0.,-1.));
#5593=DIRECTION('',(0.,0.,1.));
#5594=DIRECTION('',(1.,0.,0.));
#5595=DIRECTION('',(0.,1.,0.));
#5596=DIRECTION('',(0.,0.,1.));
#5597=DIRECTION('',(1.,0.,0.));
#5598=DIRECTION('',(0.,0.,-1.));
#5599=DIRECTION('',(1.,0.,0.));
#5600=DIRECTION('',(0.,0.,-1.));
#5601=DIRECTION('',(-1.,0.,0.));
#5602=DIRECTION('',(0.,0.,1.));
#5603=DIRECTION('',(1.,0.,0.));
#5604=DIRECTION('',(0.,0.,-1.));
#5605=DIRECTION('',(0.,0.,1.));
#5606=DIRECTION('',(1.,0.,0.));
#5607=DIRECTION('',(0.,0.,-1.));
#5608=DIRECTION('',(-1.,0.,0.));
#5609=DIRECTION('',(0.,0.,1.));
#5610=DIRECTION('',(1.,0.,0.));
#5611=DIRECTION('',(0.,0.,-1.));
#5612=DIRECTION('',(0.,0.,1.));
#5613=DIRECTION('',(1.,0.,0.));
#5614=DIRECTION('',(0.,0.,-1.));
#5615=DIRECTION('',(0.,1.,0.));
#5616=DIRECTION('',(0.,0.,1.));
#5617=DIRECTION('',(1.,0.,0.));
#5618=DIRECTION('',(0.,0.,-1.));
#5619=DIRECTION('',(1.,0.,0.));
#5620=DIRECTION('',(0.,0.,-1.));
#5621=DIRECTION('',(-1.,0.,0.));
#5622=DIRECTION('',(0.,0.,1.));
#5623=DIRECTION('',(1.,0.,0.));
#5624=DIRECTION('',(0.,0.,-1.));
#5625=DIRECTION('',(0.,0.,1.));
#5626=DIRECTION('',(1.,0.,0.));
#5627=DIRECTION('',(1.,0.,0.));
#5628=DIRECTION('',(0.,0.,-1.));
#5629=DIRECTION('',(0.,-1.,0.));
#5630=DIRECTION('',(0.,0.,-1.));
#5631=DIRECTION('',(0.,-1.,0.));
#5632=DIRECTION('',(0.,0.,-1.));
#5633=DIRECTION('',(-1.,0.,0.));
#5634=DIRECTION('',(0.,0.,1.));
#5635=DIRECTION('',(1.,0.,0.));
#5636=DIRECTION('',(0.,0.,-1.));
#5637=DIRECTION('',(0.,0.,1.));
#5638=DIRECTION('',(1.,0.,0.));
#5639=DIRECTION('',(0.,1.,0.));
#5640=DIRECTION('',(0.,0.,1.));
#5641=DIRECTION('',(1.,0.,0.));
#5642=DIRECTION('',(0.,0.,-1.));
#5643=DIRECTION('',(1.,0.,0.));
#5644=DIRECTION('',(0.,0.,-1.));
#5645=DIRECTION('',(-1.,0.,0.));
#5646=DIRECTION('',(0.,0.,1.));
#5647=DIRECTION('',(1.,0.,0.));
#5648=DIRECTION('',(0.,0.,-1.));
#5649=DIRECTION('',(0.,0.,1.));
#5650=DIRECTION('',(1.,0.,0.));
#5651=DIRECTION('',(0.,0.,-1.));
#5652=DIRECTION('',(-1.,0.,0.));
#5653=DIRECTION('',(0.,0.,1.));
#5654=DIRECTION('',(1.,0.,0.));
#5655=DIRECTION('',(0.,0.,-1.));
#5656=DIRECTION('',(0.,0.,1.));
#5657=DIRECTION('',(1.,0.,0.));
#5658=DIRECTION('',(0.,0.,-1.));
#5659=DIRECTION('',(0.,1.,0.));
#5660=DIRECTION('',(0.,0.,1.));
#5661=DIRECTION('',(1.,0.,0.));
#5662=DIRECTION('',(0.,0.,-1.));
#5663=DIRECTION('',(1.,0.,0.));
#5664=DIRECTION('',(0.,0.,-1.));
#5665=DIRECTION('',(-1.,0.,0.));
#5666=DIRECTION('',(0.,0.,1.));
#5667=DIRECTION('',(1.,0.,0.));
#5668=DIRECTION('',(0.,0.,-1.));
#5669=DIRECTION('',(0.,0.,1.));
#5670=DIRECTION('',(1.,0.,0.));
#5671=DIRECTION('',(1.,0.,0.));
#5672=DIRECTION('',(0.,0.,-1.));
#5673=DIRECTION('',(0.,-1.,0.));
#5674=DIRECTION('',(0.,0.,-1.));
#5675=DIRECTION('',(0.,-1.,0.));
#5676=DIRECTION('',(0.,0.,-1.));
#5677=DIRECTION('',(-1.,0.,0.));
#5678=DIRECTION('',(0.,0.,1.));
#5679=DIRECTION('',(1.,0.,0.));
#5680=DIRECTION('',(0.,0.,-1.));
#5681=DIRECTION('',(0.,0.,1.));
#5682=DIRECTION('',(1.,0.,0.));
#5683=DIRECTION('',(0.,1.,0.));
#5684=DIRECTION('',(0.,0.,1.));
#5685=DIRECTION('',(1.,0.,0.));
#5686=DIRECTION('',(0.,0.,-1.));
#5687=DIRECTION('',(1.,0.,0.));
#5688=DIRECTION('',(0.,0.,-1.));
#5689=DIRECTION('',(-1.,0.,0.));
#5690=DIRECTION('',(0.,0.,1.));
#5691=DIRECTION('',(1.,0.,0.));
#5692=DIRECTION('',(0.,0.,-1.));
#5693=DIRECTION('',(0.,0.,1.));
#5694=DIRECTION('',(1.,0.,0.));
#5695=DIRECTION('',(0.,0.,-1.));
#5696=DIRECTION('',(-1.,0.,0.));
#5697=DIRECTION('',(0.,0.,1.));
#5698=DIRECTION('',(1.,0.,0.));
#5699=DIRECTION('',(0.,0.,-1.));
#5700=DIRECTION('',(0.,0.,1.));
#5701=DIRECTION('',(1.,0.,0.));
#5702=DIRECTION('',(0.,0.,-1.));
#5703=DIRECTION('',(0.,1.,0.));
#5704=DIRECTION('',(0.,0.,1.));
#5705=DIRECTION('',(1.,0.,0.));
#5706=DIRECTION('',(0.,0.,-1.));
#5707=DIRECTION('',(1.,0.,0.));
#5708=DIRECTION('',(0.,0.,-1.));
#5709=DIRECTION('',(-1.,0.,0.));
#5710=DIRECTION('',(0.,0.,1.));
#5711=DIRECTION('',(1.,0.,0.));
#5712=DIRECTION('',(0.,0.,-1.));
#5713=DIRECTION('',(0.,0.,1.));
#5714=DIRECTION('',(1.,0.,0.));
#5715=DIRECTION('',(1.,0.,0.));
#5716=DIRECTION('',(0.,0.,-1.));
#5717=DIRECTION('',(0.,-1.,0.));
#5718=DIRECTION('',(0.,0.,-1.));
#5719=DIRECTION('',(0.,-1.,0.));
#5720=DIRECTION('',(0.,0.,-1.));
#5721=DIRECTION('',(-1.,0.,0.));
#5722=DIRECTION('',(0.,0.,1.));
#5723=DIRECTION('',(1.,0.,0.));
#5724=DIRECTION('',(0.,0.,-1.));
#5725=DIRECTION('',(0.,0.,1.));
#5726=DIRECTION('',(1.,0.,0.));
#5727=DIRECTION('',(0.,1.,0.));
#5728=DIRECTION('',(0.,0.,1.));
#5729=DIRECTION('',(1.,0.,0.));
#5730=DIRECTION('',(0.,0.,-1.));
#5731=DIRECTION('',(1.,0.,0.));
#5732=DIRECTION('',(0.,0.,-1.));
#5733=DIRECTION('',(-1.,0.,0.));
#5734=DIRECTION('',(0.,0.,1.));
#5735=DIRECTION('',(1.,0.,0.));
#5736=DIRECTION('',(0.,0.,-1.));
#5737=DIRECTION('',(0.,0.,1.));
#5738=DIRECTION('',(1.,0.,0.));
#5739=DIRECTION('',(0.,0.,-1.));
#5740=DIRECTION('',(-1.,0.,0.));
#5741=DIRECTION('',(0.,0.,1.));
#5742=DIRECTION('',(1.,0.,0.));
#5743=DIRECTION('',(0.,0.,-1.));
#5744=DIRECTION('',(0.,0.,1.));
#5745=DIRECTION('',(1.,0.,0.));
#5746=DIRECTION('',(0.,0.,-1.));
#5747=DIRECTION('',(0.,1.,0.));
#5748=DIRECTION('',(0.,0.,1.));
#5749=DIRECTION('',(1.,0.,0.));
#5750=DIRECTION('',(0.,0.,-1.));
#5751=DIRECTION('',(1.,0.,0.));
#5752=DIRECTION('',(0.,0.,-1.));
#5753=DIRECTION('',(-1.,0.,0.));
#5754=DIRECTION('',(0.,0.,1.));
#5755=DIRECTION('',(1.,0.,0.));
#5756=DIRECTION('',(0.,0.,-1.));
#5757=DIRECTION('',(0.,0.,1.));
#5758=DIRECTION('',(1.,0.,0.));
#5759=DIRECTION('',(1.,0.,0.));
#5760=DIRECTION('',(0.,0.,-1.));
#5761=DIRECTION('',(0.,-1.,0.));
#5762=DIRECTION('',(0.,0.,-1.));
#5763=DIRECTION('',(0.,-1.,0.));
#5764=DIRECTION('',(0.,0.,-1.));
#5765=DIRECTION('',(-1.,0.,0.));
#5766=DIRECTION('',(0.,0.,1.));
#5767=DIRECTION('',(1.,0.,0.));
#5768=DIRECTION('',(0.,0.,-1.));
#5769=DIRECTION('',(0.,0.,1.));
#5770=DIRECTION('',(1.,0.,0.));
#5771=DIRECTION('',(0.,1.,0.));
#5772=DIRECTION('',(0.,0.,1.));
#5773=DIRECTION('',(1.,0.,0.));
#5774=DIRECTION('',(0.,0.,-1.));
#5775=DIRECTION('',(1.,0.,0.));
#5776=DIRECTION('',(0.,0.,-1.));
#5777=DIRECTION('',(-1.,0.,0.));
#5778=DIRECTION('',(0.,0.,1.));
#5779=DIRECTION('',(1.,0.,0.));
#5780=DIRECTION('',(0.,0.,-1.));
#5781=DIRECTION('',(0.,0.,1.));
#5782=DIRECTION('',(1.,0.,0.));
#5783=DIRECTION('',(0.,0.,-1.));
#5784=DIRECTION('',(-1.,0.,0.));
#5785=DIRECTION('',(0.,0.,1.));
#5786=DIRECTION('',(1.,0.,0.));
#5787=DIRECTION('',(0.,0.,-1.));
#5788=DIRECTION('',(0.,0.,1.));
#5789=DIRECTION('',(1.,0.,0.));
#5790=DIRECTION('',(0.,0.,-1.));
#5791=DIRECTION('',(0.,1.,0.));
#5792=DIRECTION('',(0.,0.,1.));
#5793=DIRECTION('',(1.,0.,0.));
#5794=DIRECTION('',(0.,0.,-1.));
#5795=DIRECTION('',(1.,0.,0.));
#5796=DIRECTION('',(0.,0.,-1.));
#5797=DIRECTION('',(-1.,0.,0.));
#5798=DIRECTION('',(0.,0.,1.));
#5799=DIRECTION('',(1.,0.,0.));
#5800=DIRECTION('',(0.,0.,-1.));
#5801=DIRECTION('',(0.,0.,1.));
#5802=DIRECTION('',(1.,0.,0.));
#5803=DIRECTION('',(1.,0.,0.));
#5804=DIRECTION('',(0.,0.,-1.));
#5805=DIRECTION('',(0.,-1.,0.));
#5806=DIRECTION('',(0.,0.,-1.));
#5807=DIRECTION('',(0.,-1.,0.));
#5808=DIRECTION('',(0.,0.,-1.));
#5809=DIRECTION('',(-1.,0.,0.));
#5810=DIRECTION('',(0.,0.,1.));
#5811=DIRECTION('',(1.,0.,0.));
#5812=DIRECTION('',(0.,0.,-1.));
#5813=DIRECTION('',(0.,0.,1.));
#5814=DIRECTION('',(1.,0.,0.));
#5815=DIRECTION('',(0.,1.,0.));
#5816=DIRECTION('',(0.,0.,1.));
#5817=DIRECTION('',(1.,0.,0.));
#5818=DIRECTION('',(0.,0.,-1.));
#5819=DIRECTION('',(1.,0.,0.));
#5820=DIRECTION('',(0.,0.,-1.));
#5821=DIRECTION('',(-1.,0.,0.));
#5822=DIRECTION('',(0.,0.,1.));
#5823=DIRECTION('',(1.,0.,0.));
#5824=DIRECTION('',(0.,0.,-1.));
#5825=DIRECTION('',(0.,0.,1.));
#5826=DIRECTION('',(1.,0.,0.));
#5827=DIRECTION('',(0.,0.,-1.));
#5828=DIRECTION('',(-1.,0.,0.));
#5829=DIRECTION('',(0.,0.,1.));
#5830=DIRECTION('',(1.,0.,0.));
#5831=DIRECTION('',(0.,0.,-1.));
#5832=DIRECTION('',(0.,0.,1.));
#5833=DIRECTION('',(1.,0.,0.));
#5834=DIRECTION('',(0.,0.,-1.));
#5835=DIRECTION('',(0.,1.,0.));
#5836=DIRECTION('',(0.,0.,1.));
#5837=DIRECTION('',(1.,0.,0.));
#5838=DIRECTION('',(0.,0.,-1.));
#5839=DIRECTION('',(1.,0.,0.));
#5840=DIRECTION('',(0.,0.,-1.));
#5841=DIRECTION('',(-1.,0.,0.));
#5842=DIRECTION('',(0.,0.,1.));
#5843=DIRECTION('',(1.,0.,0.));
#5844=DIRECTION('',(0.,0.,-1.));
#5845=DIRECTION('',(0.,0.,1.));
#5846=DIRECTION('',(1.,0.,0.));
#5847=DIRECTION('',(1.,0.,0.));
#5848=DIRECTION('',(0.,0.,-1.));
#5849=DIRECTION('',(0.,-1.,0.));
#5850=DIRECTION('',(0.,0.,-1.));
#5851=DIRECTION('',(0.,-1.,0.));
#5852=DIRECTION('',(0.,0.,-1.));
#5853=DIRECTION('',(-1.,0.,0.));
#5854=DIRECTION('',(0.,0.,1.));
#5855=DIRECTION('',(1.,0.,0.));
#5856=DIRECTION('',(0.,0.,-1.));
#5857=DIRECTION('',(0.,0.,1.));
#5858=DIRECTION('',(1.,0.,0.));
#5859=DIRECTION('',(0.,1.,0.));
#5860=DIRECTION('',(0.,0.,1.));
#5861=DIRECTION('',(1.,0.,0.));
#5862=DIRECTION('',(0.,0.,-1.));
#5863=DIRECTION('',(1.,0.,0.));
#5864=DIRECTION('',(0.,0.,-1.));
#5865=DIRECTION('',(-1.,0.,0.));
#5866=DIRECTION('',(0.,0.,1.));
#5867=DIRECTION('',(1.,0.,0.));
#5868=DIRECTION('',(0.,0.,-1.));
#5869=DIRECTION('',(0.,0.,1.));
#5870=DIRECTION('',(1.,0.,0.));
#5871=DIRECTION('',(0.,0.,-1.));
#5872=DIRECTION('',(-1.,0.,0.));
#5873=DIRECTION('',(0.,0.,1.));
#5874=DIRECTION('',(1.,0.,0.));
#5875=DIRECTION('',(0.,0.,-1.));
#5876=DIRECTION('',(0.,0.,1.));
#5877=DIRECTION('',(1.,0.,0.));
#5878=DIRECTION('',(0.,0.,-1.));
#5879=DIRECTION('',(0.,1.,0.));
#5880=DIRECTION('',(0.,0.,1.));
#5881=DIRECTION('',(1.,0.,0.));
#5882=DIRECTION('',(0.,0.,-1.));
#5883=DIRECTION('',(1.,0.,0.));
#5884=DIRECTION('',(0.,0.,-1.));
#5885=DIRECTION('',(-1.,0.,0.));
#5886=DIRECTION('',(0.,0.,1.));
#5887=DIRECTION('',(1.,0.,0.));
#5888=DIRECTION('',(0.,0.,-1.));
#5889=DIRECTION('',(0.,0.,1.));
#5890=DIRECTION('',(1.,0.,0.));
#5891=DIRECTION('',(1.,0.,0.));
#5892=DIRECTION('',(0.,0.,-1.));
#5893=DIRECTION('',(0.,-1.,0.));
#5894=DIRECTION('',(0.,0.,-1.));
#5895=DIRECTION('',(0.,-1.,0.));
#5896=DIRECTION('',(0.,0.,-1.));
#5897=DIRECTION('',(-1.,0.,0.));
#5898=DIRECTION('',(0.,0.,1.));
#5899=DIRECTION('',(1.,0.,0.));
#5900=DIRECTION('',(0.,0.,-1.));
#5901=DIRECTION('',(0.,0.,1.));
#5902=DIRECTION('',(1.,0.,0.));
#5903=DIRECTION('',(0.,1.,0.));
#5904=DIRECTION('',(0.,0.,1.));
#5905=DIRECTION('',(1.,0.,0.));
#5906=DIRECTION('',(0.,0.,-1.));
#5907=DIRECTION('',(1.,0.,0.));
#5908=DIRECTION('',(0.,0.,-1.));
#5909=DIRECTION('',(-1.,0.,0.));
#5910=DIRECTION('',(0.,0.,1.));
#5911=DIRECTION('',(1.,0.,0.));
#5912=DIRECTION('',(0.,0.,-1.));
#5913=DIRECTION('',(0.,0.,1.));
#5914=DIRECTION('',(1.,0.,0.));
#5915=DIRECTION('',(0.,0.,-1.));
#5916=DIRECTION('',(-1.,0.,0.));
#5917=DIRECTION('',(0.,0.,1.));
#5918=DIRECTION('',(1.,0.,0.));
#5919=DIRECTION('',(0.,0.,-1.));
#5920=DIRECTION('',(0.,0.,1.));
#5921=DIRECTION('',(1.,0.,0.));
#5922=DIRECTION('',(0.,0.,-1.));
#5923=DIRECTION('',(0.,1.,0.));
#5924=DIRECTION('',(0.,0.,1.));
#5925=DIRECTION('',(1.,0.,0.));
#5926=DIRECTION('',(0.,0.,-1.));
#5927=DIRECTION('',(1.,0.,0.));
#5928=DIRECTION('',(0.,0.,-1.));
#5929=DIRECTION('',(-1.,0.,0.));
#5930=DIRECTION('',(0.,0.,1.));
#5931=DIRECTION('',(1.,0.,0.));
#5932=DIRECTION('',(0.,0.,-1.));
#5933=DIRECTION('',(0.,0.,1.));
#5934=DIRECTION('',(1.,0.,0.));
#5935=DIRECTION('',(1.,0.,0.));
#5936=DIRECTION('',(0.,0.,-1.));
#5937=DIRECTION('',(0.,-1.,0.));
#5938=DIRECTION('',(0.,0.,-1.));
#5939=DIRECTION('',(0.,-1.,0.));
#5940=DIRECTION('',(0.,0.,-1.));
#5941=DIRECTION('',(-1.,0.,0.));
#5942=DIRECTION('',(0.,0.,1.));
#5943=DIRECTION('',(1.,0.,0.));
#5944=DIRECTION('',(0.,0.,-1.));
#5945=DIRECTION('',(0.,0.,1.));
#5946=DIRECTION('',(1.,0.,0.));
#5947=DIRECTION('',(0.,1.,0.));
#5948=DIRECTION('',(0.,0.,1.));
#5949=DIRECTION('',(1.,0.,0.));
#5950=DIRECTION('',(0.,0.,-1.));
#5951=DIRECTION('',(1.,0.,0.));
#5952=DIRECTION('',(0.,0.,-1.));
#5953=DIRECTION('',(-1.,0.,0.));
#5954=DIRECTION('',(0.,0.,1.));
#5955=DIRECTION('',(1.,0.,0.));
#5956=DIRECTION('',(0.,0.,-1.));
#5957=DIRECTION('',(0.,0.,1.));
#5958=DIRECTION('',(1.,0.,0.));
#5959=DIRECTION('',(0.,0.,-1.));
#5960=DIRECTION('',(-1.,0.,0.));
#5961=DIRECTION('',(0.,0.,1.));
#5962=DIRECTION('',(1.,0.,0.));
#5963=DIRECTION('',(0.,0.,-1.));
#5964=DIRECTION('',(0.,0.,1.));
#5965=DIRECTION('',(1.,0.,0.));
#5966=DIRECTION('',(0.,0.,-1.));
#5967=DIRECTION('',(0.,1.,0.));
#5968=DIRECTION('',(0.,0.,1.));
#5969=DIRECTION('',(1.,0.,0.));
#5970=DIRECTION('',(0.,0.,-1.));
#5971=DIRECTION('',(1.,0.,0.));
#5972=DIRECTION('',(0.,0.,-1.));
#5973=DIRECTION('',(-1.,0.,0.));
#5974=DIRECTION('',(0.,0.,1.));
#5975=DIRECTION('',(1.,0.,0.));
#5976=DIRECTION('',(0.,0.,-1.));
#5977=DIRECTION('',(0.,0.,1.));
#5978=DIRECTION('',(1.,0.,0.));
#5979=DIRECTION('',(1.,0.,0.));
#5980=DIRECTION('',(0.,0.,-1.));
#5981=DIRECTION('',(0.,-1.,0.));
#5982=DIRECTION('',(0.,0.,-1.));
#5983=DIRECTION('',(0.,-1.,0.));
#5984=DIRECTION('',(0.,0.,-1.));
#5985=DIRECTION('',(-1.,0.,0.));
#5986=DIRECTION('',(0.,0.,1.));
#5987=DIRECTION('',(1.,0.,0.));
#5988=DIRECTION('',(0.,0.,-1.));
#5989=DIRECTION('',(0.,0.,1.));
#5990=DIRECTION('',(1.,0.,0.));
#5991=DIRECTION('',(0.,1.,0.));
#5992=DIRECTION('',(0.,0.,1.));
#5993=DIRECTION('',(1.,0.,0.));
#5994=DIRECTION('',(0.,0.,-1.));
#5995=DIRECTION('',(1.,0.,0.));
#5996=DIRECTION('',(0.,0.,-1.));
#5997=DIRECTION('',(-1.,0.,0.));
#5998=DIRECTION('',(0.,0.,1.));
#5999=DIRECTION('',(1.,0.,0.));
#6000=DIRECTION('',(0.,0.,-1.));
#6001=DIRECTION('',(0.,0.,1.));
#6002=DIRECTION('',(1.,0.,0.));
#6003=DIRECTION('',(0.,0.,-1.));
#6004=DIRECTION('',(-1.,0.,0.));
#6005=DIRECTION('',(0.,0.,1.));
#6006=DIRECTION('',(1.,0.,0.));
#6007=DIRECTION('',(0.,0.,-1.));
#6008=DIRECTION('',(0.,0.,1.));
#6009=DIRECTION('',(1.,0.,0.));
#6010=DIRECTION('',(0.,0.,-1.));
#6011=DIRECTION('',(0.,1.,0.));
#6012=DIRECTION('',(0.,0.,1.));
#6013=DIRECTION('',(1.,0.,0.));
#6014=DIRECTION('',(0.,0.,-1.));
#6015=DIRECTION('',(1.,0.,0.));
#6016=DIRECTION('',(0.,0.,-1.));
#6017=DIRECTION('',(-1.,0.,0.));
#6018=DIRECTION('',(0.,0.,1.));
#6019=DIRECTION('',(1.,0.,0.));
#6020=DIRECTION('',(0.,0.,-1.));
#6021=DIRECTION('',(0.,0.,1.));
#6022=DIRECTION('',(1.,0.,0.));
#6023=DIRECTION('',(1.,0.,0.));
#6024=DIRECTION('',(0.,0.,-1.));
#6025=DIRECTION('',(0.,-1.,0.));
#6026=DIRECTION('',(0.,0.,-1.));
#6027=DIRECTION('',(0.,-1.,0.));
#6028=DIRECTION('',(0.,0.,-1.));
#6029=DIRECTION('',(-1.,0.,0.));
#6030=DIRECTION('',(0.,0.,1.));
#6031=DIRECTION('',(1.,0.,0.));
#6032=DIRECTION('',(0.,0.,-1.));
#6033=DIRECTION('',(0.,0.,1.));
#6034=DIRECTION('',(1.,0.,0.));
#6035=DIRECTION('',(0.,1.,0.));
#6036=DIRECTION('',(0.,0.,1.));
#6037=DIRECTION('',(1.,0.,0.));
#6038=DIRECTION('',(0.,0.,-1.));
#6039=DIRECTION('',(1.,0.,0.));
#6040=DIRECTION('',(0.,0.,-1.));
#6041=DIRECTION('',(-1.,0.,0.));
#6042=DIRECTION('',(0.,0.,1.));
#6043=DIRECTION('',(1.,0.,0.));
#6044=DIRECTION('',(0.,0.,-1.));
#6045=DIRECTION('',(0.,0.,1.));
#6046=DIRECTION('',(1.,0.,0.));
#6047=DIRECTION('',(0.,0.,-1.));
#6048=DIRECTION('',(-1.,0.,0.));
#6049=DIRECTION('',(0.,0.,1.));
#6050=DIRECTION('',(1.,0.,0.));
#6051=DIRECTION('',(0.,0.,-1.));
#6052=DIRECTION('',(0.,0.,1.));
#6053=DIRECTION('',(1.,0.,0.));
#6054=DIRECTION('',(0.,0.,-1.));
#6055=DIRECTION('',(0.,1.,0.));
#6056=DIRECTION('',(0.,0.,1.));
#6057=DIRECTION('',(1.,0.,0.));
#6058=DIRECTION('',(0.,0.,-1.));
#6059=DIRECTION('',(1.,0.,0.));
#6060=DIRECTION('',(0.,0.,-1.));
#6061=DIRECTION('',(-1.,0.,0.));
#6062=DIRECTION('',(0.,0.,1.));
#6063=DIRECTION('',(1.,0.,0.));
#6064=DIRECTION('',(0.,0.,-1.));
#6065=DIRECTION('',(0.,0.,1.));
#6066=DIRECTION('',(1.,0.,0.));
#6067=DIRECTION('',(1.,0.,0.));
#6068=DIRECTION('',(0.,0.,-1.));
#6069=DIRECTION('',(0.,-1.,0.));
#6070=DIRECTION('',(0.,0.,-1.));
#6071=DIRECTION('',(0.,-1.,0.));
#6072=DIRECTION('',(0.,0.,-1.));
#6073=DIRECTION('',(-1.,0.,0.));
#6074=DIRECTION('',(0.,0.,1.));
#6075=DIRECTION('',(1.,0.,0.));
#6076=DIRECTION('',(0.,0.,-1.));
#6077=DIRECTION('',(0.,0.,1.));
#6078=DIRECTION('',(1.,0.,0.));
#6079=DIRECTION('',(0.,1.,0.));
#6080=DIRECTION('',(0.,0.,1.));
#6081=DIRECTION('',(1.,0.,0.));
#6082=DIRECTION('',(0.,0.,-1.));
#6083=DIRECTION('',(1.,0.,0.));
#6084=DIRECTION('',(0.,0.,-1.));
#6085=DIRECTION('',(-1.,0.,0.));
#6086=DIRECTION('',(0.,0.,1.));
#6087=DIRECTION('',(1.,0.,0.));
#6088=DIRECTION('',(0.,0.,-1.));
#6089=DIRECTION('',(0.,0.,1.));
#6090=DIRECTION('',(1.,0.,0.));
#6091=DIRECTION('',(0.,0.,-1.));
#6092=DIRECTION('',(-1.,0.,0.));
#6093=DIRECTION('',(0.,0.,1.));
#6094=DIRECTION('',(1.,0.,0.));
#6095=DIRECTION('',(0.,0.,-1.));
#6096=DIRECTION('',(0.,0.,1.));
#6097=DIRECTION('',(1.,0.,0.));
#6098=DIRECTION('',(0.,0.,-1.));
#6099=DIRECTION('',(0.,1.,0.));
#6100=DIRECTION('',(0.,0.,1.));
#6101=DIRECTION('',(1.,0.,0.));
#6102=DIRECTION('',(0.,0.,-1.));
#6103=DIRECTION('',(1.,0.,0.));
#6104=DIRECTION('',(0.,0.,-1.));
#6105=DIRECTION('',(-1.,0.,0.));
#6106=DIRECTION('',(0.,0.,1.));
#6107=DIRECTION('',(1.,0.,0.));
#6108=DIRECTION('',(0.,0.,-1.));
#6109=DIRECTION('',(0.,0.,1.));
#6110=DIRECTION('',(1.,0.,0.));
#6111=DIRECTION('',(1.,0.,0.));
#6112=DIRECTION('',(0.,0.,-1.));
#6113=DIRECTION('',(0.,-1.,0.));
#6114=DIRECTION('',(0.,0.,-1.));
#6115=DIRECTION('',(0.,-1.,0.));
#6116=DIRECTION('',(0.,0.,-1.));
#6117=DIRECTION('',(-1.,0.,0.));
#6118=DIRECTION('',(0.,0.,1.));
#6119=DIRECTION('',(1.,0.,0.));
#6120=DIRECTION('',(0.,0.,-1.));
#6121=DIRECTION('',(0.,0.,1.));
#6122=DIRECTION('',(1.,0.,0.));
#6123=DIRECTION('',(0.,1.,0.));
#6124=DIRECTION('',(0.,0.,1.));
#6125=DIRECTION('',(1.,0.,0.));
#6126=DIRECTION('',(0.,0.,-1.));
#6127=DIRECTION('',(1.,0.,0.));
#6128=DIRECTION('',(0.,0.,-1.));
#6129=DIRECTION('',(-1.,0.,0.));
#6130=DIRECTION('',(0.,0.,1.));
#6131=DIRECTION('',(1.,0.,0.));
#6132=DIRECTION('',(0.,0.,-1.));
#6133=DIRECTION('',(0.,0.,1.));
#6134=DIRECTION('',(1.,0.,0.));
#6135=DIRECTION('',(1.,0.,0.));
#6136=DIRECTION('',(0.,0.,-1.));
#6137=DIRECTION('',(0.,-1.,0.));
#6138=DIRECTION('',(0.,-1.,0.));
#6139=DIRECTION('',(1.,0.,0.));
#6140=DIRECTION('',(0.,0.,-1.));
#6141=DIRECTION('',(0.,-1.,0.));
#6142=DIRECTION('',(0.,-1.,0.));
#6143=DIRECTION('',(1.,0.,0.));
#6144=DIRECTION('',(0.,0.,-1.));
#6145=DIRECTION('',(0.,-1.,0.));
#6146=DIRECTION('',(0.,-1.,0.));
#6147=DIRECTION('',(1.,0.,0.));
#6148=DIRECTION('',(0.,0.,-1.));
#6149=DIRECTION('',(0.,-1.,0.));
#6150=DIRECTION('',(0.,-1.,0.));
#6151=DIRECTION('',(1.,0.,0.));
#6152=DIRECTION('',(0.,0.,-1.));
#6153=DIRECTION('',(0.,-1.,0.));
#6154=DIRECTION('',(0.,-1.,0.));
#6155=DIRECTION('',(1.,0.,0.));
#6156=DIRECTION('',(0.,0.,-1.));
#6157=DIRECTION('',(0.,-1.,0.));
#6158=DIRECTION('',(0.,-1.,0.));
#6159=DIRECTION('',(1.,0.,0.));
#6160=DIRECTION('',(0.,0.,-1.));
#6161=DIRECTION('',(0.,-1.,0.));
#6162=DIRECTION('',(0.,-1.,0.));
#6163=DIRECTION('',(1.,0.,0.));
#6164=DIRECTION('',(0.,0.,-1.));
#6165=DIRECTION('',(0.,-1.,0.));
#6166=DIRECTION('',(0.,-1.,0.));
#6167=DIRECTION('',(1.,0.,0.));
#6168=DIRECTION('',(0.,0.,-1.));
#6169=DIRECTION('',(0.,-1.,0.));
#6170=DIRECTION('',(0.,-1.,0.));
#6171=DIRECTION('',(1.,0.,0.));
#6172=DIRECTION('',(0.,0.,-1.));
#6173=DIRECTION('',(0.,-1.,0.));
#6174=DIRECTION('',(0.,-1.,0.));
#6175=DIRECTION('',(1.,0.,0.));
#6176=DIRECTION('',(0.,0.,-1.));
#6177=DIRECTION('',(0.,-1.,0.));
#6178=DIRECTION('',(0.,-1.,0.));
#6179=DIRECTION('',(1.,0.,0.));
#6180=DIRECTION('',(0.,0.,-1.));
#6181=DIRECTION('',(0.,-1.,0.));
#6182=DIRECTION('',(0.,-1.,0.));
#6183=DIRECTION('',(1.,0.,0.));
#6184=DIRECTION('',(0.,0.,-1.));
#6185=DIRECTION('',(0.,-1.,0.));
#6186=DIRECTION('',(0.,-1.,0.));
#6187=DIRECTION('',(1.,0.,0.));
#6188=DIRECTION('',(0.,0.,-1.));
#6189=DIRECTION('',(0.,-1.,0.));
#6190=DIRECTION('',(0.,-1.,0.));
#6191=DIRECTION('',(1.,0.,0.));
#6192=DIRECTION('',(0.,0.,-1.));
#6193=DIRECTION('',(0.,-1.,0.));
#6194=DIRECTION('',(0.,-1.,0.));
#6195=DIRECTION('',(1.,0.,0.));
#6196=DIRECTION('',(0.,0.,-1.));
#6197=DIRECTION('',(0.,-1.,0.));
#6198=DIRECTION('',(0.,-1.,0.));
#6199=DIRECTION('',(0.,0.,1.));
#6200=DIRECTION('',(1.,0.,0.));
#6201=DIRECTION('',(1.,0.,0.));
#6202=DIRECTION('',(0.000126254655137494,0.999999992029881,0.));
#6203=DIRECTION('',(-1.,-7.97103889075094E-13,0.));
#6204=DIRECTION('',(-0.000126246685018394,-0.999999992030887,0.));
#6205=DIRECTION('',(0.999999995,9.99999995000848E-5,0.));
#6206=DIRECTION('',(0.000126254655137494,0.999999992029881,0.));
#6207=DIRECTION('',(1.,0.,0.));
#6208=DIRECTION('',(-1.28975723120952E-16,-1.,0.));
#6209=DIRECTION('',(-2.68949376120435E-16,1.,0.));
#6210=DIRECTION('',(1.,1.15136513892266E-16,0.));
#6211=DIRECTION('',(0.,-1.,0.));
#6212=DIRECTION('',(-1.,0.,0.));
#6213=DIRECTION('',(0.,0.,-1.));
#6214=DIRECTION('',(-1.,0.,0.));
#6215=DIRECTION('',(0.,0.,-1.));
#6216=DIRECTION('',(-1.,0.,0.));
#6217=DIRECTION('',(0.,0.,-1.));
#6218=DIRECTION('',(-1.,0.,0.));
#6219=DIRECTION('',(0.,0.,-1.));
#6220=DIRECTION('',(-1.,0.,0.));
#6221=DIRECTION('',(0.,0.,1.));
#6222=DIRECTION('',(1.,0.,0.));
#6223=DIRECTION('',(1.,1.15136513892266E-16,0.));
#6224=DIRECTION('',(-2.68949376120435E-16,1.,0.));
#6225=DIRECTION('',(-1.,0.,0.));
#6226=DIRECTION('',(0.,-1.,0.));
#6227=DIRECTION('',(1.,0.,0.));
#6228=DIRECTION('',(-0.000126254655137494,-0.999999992029881,0.));
#6229=DIRECTION('',(-0.999999995,-9.99999995000848E-5,0.));
#6230=DIRECTION('',(0.000126246685018394,0.999999992030887,0.));
#6231=DIRECTION('',(1.,7.97103889075094E-13,0.));
#6232=DIRECTION('',(-0.000126254655137494,-0.999999992029881,0.));
#6233=DIRECTION('',(1.,0.,0.));
#6234=DIRECTION('',(-1.28975723120952E-16,-1.,0.));
#6235=DIRECTION('',(0.,0.,1.));
#6236=DIRECTION('',(1.,0.,0.));
#6237=DIRECTION('',(0.,0.,1.));
#6238=DIRECTION('',(1.,0.,0.));
#6239=DIRECTION('',(0.,0.,1.));
#6240=DIRECTION('',(1.,0.,0.));
#6241=DIRECTION('',(0.,0.,1.));
#6242=DIRECTION('',(1.,0.,0.));
#6243=DIRECTION('',(1.,2.68949376120435E-16,0.));
#6244=DIRECTION('',(-2.68949376120435E-16,1.,0.));
#6245=DIRECTION('',(0.,0.,1.));
#6246=DIRECTION('',(0.,0.,1.));
#6247=DIRECTION('',(0.,1.,0.));
#6248=DIRECTION('',(0.,0.,1.));
#6249=DIRECTION('',(0.,0.,1.));
#6250=DIRECTION('',(-1.,0.,0.));
#6251=DIRECTION('',(0.,0.,1.));
#6252=DIRECTION('',(0.,0.,1.));
#6253=DIRECTION('',(1.15136513892266E-16,-1.,0.));
#6254=DIRECTION('',(1.,1.15136513892266E-16,0.));
#6255=DIRECTION('',(-1.,1.28975723120952E-16,0.));
#6256=DIRECTION('',(-1.28975723120952E-16,-1.,0.));
#6257=DIRECTION('',(0.,0.,1.));
#6258=DIRECTION('',(0.,0.,1.));
#6259=DIRECTION('',(0.,-1.,0.));
#6260=DIRECTION('',(0.,0.,-1.));
#6261=DIRECTION('',(0.,0.,1.));
#6262=DIRECTION('',(0.,-1.,0.));
#6263=DIRECTION('',(0.,0.,-1.));
#6264=DIRECTION('',(0.,0.,1.));
#6265=DIRECTION('',(0.,0.,-1.));
#6266=DIRECTION('',(-1.,0.,0.));
#6267=DIRECTION('',(0.,0.,-1.));
#6268=DIRECTION('',(-1.,0.,0.));
#6269=DIRECTION('',(0.,0.,-1.));
#6270=DIRECTION('',(-1.,0.,0.));
#6271=DIRECTION('',(0.,0.,-1.));
#6272=DIRECTION('',(-1.,0.,0.));
#6273=DIRECTION('',(9.99999995000848E-5,-0.999999995,0.));
#6274=DIRECTION('',(0.999999995,9.99999995000848E-5,0.));
#6275=DIRECTION('',(0.,0.,1.));
#6276=DIRECTION('',(0.,0.,1.));
#6277=DIRECTION('',(-7.97103889075094E-13,1.,0.));
#6278=DIRECTION('',(-1.,-7.97103889075094E-13,0.));
#6279=DIRECTION('',(0.,0.,1.));
#6280=DIRECTION('',(0.,0.,1.));
#6281=DIRECTION('',(-0.999999992030887,0.000126246685018394,0.));
#6282=DIRECTION('',(-0.000126246685018394,-0.999999992030887,0.));
#6283=DIRECTION('',(0.999999992029881,-0.000126254655137494,0.));
#6284=DIRECTION('',(0.000126254655137494,0.999999992029881,0.));
#6285=DIRECTION('',(0.999999992029881,-0.000126254655137494,0.));
#6286=DIRECTION('',(0.000126254655137494,0.999999992029881,0.));
#6287=DIRECTION('',(0.,0.,1.));
#6288=DIRECTION('',(1.,0.,0.));
#6289=DIRECTION('',(1.,0.,0.));
#6290=DIRECTION('',(0.,0.,-1.));
#6291=DIRECTION('',(0.,0.,1.));
#6292=DIRECTION('',(0.,1.,0.));
#6293=DIRECTION('',(0.,0.,1.));
#6294=DIRECTION('',(0.,1.,0.));
#6295=DIRECTION('',(0.,0.,1.));
#6296=DIRECTION('',(1.,0.,0.));
#6297=DIRECTION('',(0.000126254655137701,0.999999992029881,0.));
#6298=DIRECTION('',(1.,0.,0.));
#6299=DIRECTION('',(0.,1.,0.));
#6300=DIRECTION('',(0.,1.,0.));
#6301=DIRECTION('',(0.,1.,0.));
#6302=DIRECTION('',(1.,0.,0.));
#6303=DIRECTION('',(1.,0.,0.));
#6304=DIRECTION('',(0.,0.,-1.));
#6305=DIRECTION('',(0.,1.,0.));
#6306=DIRECTION('',(0.,0.,1.));
#6307=DIRECTION('',(0.,1.,0.));
#6308=DIRECTION('',(0.,0.,1.));
#6309=DIRECTION('',(0.,1.,0.));
#6310=DIRECTION('',(0.,0.,1.));
#6311=DIRECTION('',(0.,-1.,0.));
#6312=DIRECTION('',(0.,0.,1.));
#6313=DIRECTION('',(0.,-1.,0.));
#6314=DIRECTION('',(0.,0.,1.));
#6315=DIRECTION('',(0.,0.,1.));
#6316=DIRECTION('',(0.,0.,1.));
#6317=DIRECTION('',(1.,0.,0.));
#6318=DIRECTION('',(1.,0.,0.));
#6319=DIRECTION('',(1.,0.,0.));
#6320=DIRECTION('',(0.,-1.,0.));
#6321=DIRECTION('',(0.,0.,-1.));
#6322=DIRECTION('',(0.,0.,-1.));
#6323=DIRECTION('',(1.,0.,1.57702132922805E-16));
#6324=DIRECTION('',(-1.,0.,-1.57702132922805E-16));
#6325=DIRECTION('',(-1.,0.,-1.57702132922805E-16));
#6326=DIRECTION('',(0.,-1.,0.));
#6327=DIRECTION('',(0.,0.,-1.));
#6328=DIRECTION('',(1.,0.,1.57702132922805E-16));
#6329=DIRECTION('',(0.,0.,-1.));
#6330=DIRECTION('',(-1.,0.,-1.57702132922805E-16));
#6331=DIRECTION('',(-1.,0.,-1.57702132922805E-16));
#6332=DIRECTION('',(-1.57702132922805E-16,0.,1.));
#6333=DIRECTION('',(1.,0.,1.57702132922805E-16));
#6334=DIRECTION('',(1.57702132922805E-16,0.,-1.));
#6335=DIRECTION('',(-1.,0.,-1.57702132922805E-16));
#6336=DIRECTION('',(-0.000126254655137701,-0.999999992029881,-1.99106284066487E-20));
#6337=DIRECTION('',(-1.,0.,-1.57702132922805E-16));
#6338=DIRECTION('',(0.,-1.,0.));
#6339=DIRECTION('',(0.,0.,-1.));
#6340=DIRECTION('',(0.,0.,-1.));
#6341=DIRECTION('',(0.,-1.,0.));
#6342=DIRECTION('',(0.,0.,-1.));
#6343=DIRECTION('',(-1.,0.,-1.57702132922805E-16));
#6344=DIRECTION('',(0.,0.,-1.));
#6345=DIRECTION('',(1.57702132922805E-16,0.,-1.));
#6346=DIRECTION('',(-1.,0.,-1.57702132922805E-16));
#6347=DIRECTION('',(1.57702132922805E-16,0.,-1.));
#6348=DIRECTION('',(-1.,0.,-1.57702132922805E-16));
#6349=DIRECTION('',(0.000126254655137701,0.999999992029881,1.99106284066487E-20));
#6350=DIRECTION('',(0.,-1.,0.));
#6351=DIRECTION('',(0.,0.,-1.));
#6352=DIRECTION('',(1.,0.,0.));
#6353=DIRECTION('',(0.,0.,-1.));
#6354=DIRECTION('',(1.,0.,1.57702132922805E-16));
#6355=DIRECTION('',(1.57702132922805E-16,0.,-1.));
#6356=DIRECTION('',(-1.,0.,-1.57702132922805E-16));
#6357=DIRECTION('',(-0.000126254655137701,-0.999999992029881,-1.99106284066487E-20));
#6358=DIRECTION('',(0.,-1.,0.));
#6359=DIRECTION('',(0.,0.,-1.));
#6360=DIRECTION('',(1.,0.,0.));
#6361=DIRECTION('',(1.,0.,1.57702132922805E-16));
#6362=DIRECTION('',(0.,0.,-1.));
#6363=DIRECTION('',(-1.57702132922805E-16,0.,1.));
#6364=DIRECTION('',(1.,0.,1.57702132922805E-16));
#6365=DIRECTION('',(0.000126254655137701,0.999999992029881,1.99106284066487E-20));
#6366=DIRECTION('',(0.,0.,-1.));
#6367=DIRECTION('',(1.,0.,0.));
#6368=DIRECTION('',(0.000126254655137701,0.999999992029881,0.));
#6369=DIRECTION('',(-0.999999992029881,0.000126254655137701,0.));
#6370=DIRECTION('',(-0.000126254655137701,-0.999999992029881,0.));
#6371=DIRECTION('',(1.57702132922805E-16,0.,-1.));
#6372=DIRECTION('',(-1.,0.,-1.57702132922805E-16));
#6373=DIRECTION('',(1.57702132922805E-16,0.,-1.));
#6374=DIRECTION('',(-1.,0.,-1.57702132922805E-16));
#6375=CARTESIAN_POINT('',(0.,0.,0.));
#6376=CARTESIAN_POINT('',(-0.050399999690096,-5.01999651533053E-6,0.));
#6377=CARTESIAN_POINT('',(-0.050399999690096,-5.01999651533053E-6,0.00671));
#6378=CARTESIAN_POINT('',(-0.050402375173292,-0.0188200345753509,0.00671));
#6379=CARTESIAN_POINT('',(-0.0504031882532636,-0.0252600344651316,0.00671));
#6380=CARTESIAN_POINT('',(-0.050402375173292,-0.0188200345753509,0.00546));
#6381=CARTESIAN_POINT('',(-0.050402217354973,-0.0175700345853136,0.00546000001332862));
#6382=CARTESIAN_POINT('',(-0.0504022173549657,-0.0175700345270942,-1.87293834955082E-10));
#6383=CARTESIAN_POINT('',(-0.0504022173549721,-0.0175700345777429,0.00475000001332862));
#6384=CARTESIAN_POINT('',(-0.050402375173291,-0.0188200345677802,0.00475));
#6385=CARTESIAN_POINT('',(-0.050402375173291,-0.0188200345677802,0.0035));
#6386=CARTESIAN_POINT('',(-0.050399999690096,-5.01999651533053E-6,0.0035));
#6387=CARTESIAN_POINT('',(-0.0504031882532627,-0.0252600344575609,0.0035));
#6388=CARTESIAN_POINT('',(-0.0504031882532627,-0.0252600344575609,0.00475));
#6389=CARTESIAN_POINT('',(-0.0504033460715816,-0.0265100344475983,0.00474999998667139));
#6390=CARTESIAN_POINT('',(-0.0504033460715752,-0.0265100343969495,-2.82620078381757E-10));
#6391=CARTESIAN_POINT('',(-0.0504033460715825,-0.0265100344551689,0.00545999998667139));
#6392=CARTESIAN_POINT('',(-0.0504031882532636,-0.0252600344651316,0.00546));
#6393=CARTESIAN_POINT('',(-0.0504050498738171,-0.04000500000008,0.));
#6394=CARTESIAN_POINT('',(-0.0504050498738171,-0.04000500000008,0.0025));
#6395=CARTESIAN_POINT('',(-0.0504050498738171,-0.04000500000008,0.013));
#6396=CARTESIAN_POINT('',(-0.050399999690096,-5.01999651533053E-6,0.0025));
#6397=CARTESIAN_POINT('',(-0.0503949495063749,0.0399949600070494,0.0025));
#6398=CARTESIAN_POINT('',(-0.0503949495063749,0.0399949600070494,0.));
#6399=CARTESIAN_POINT('',(-0.0503949495063749,0.0399949600070494,0.013));
#6400=CARTESIAN_POINT('',(-0.050399999690096,-5.01999651533053E-6,0.013));
#6401=CARTESIAN_POINT('',(-0.0504010835837943,-0.008590000000002,0.013));
#6402=CARTESIAN_POINT('',(-0.0504010835837943,-0.008590000000002,0.));
#6403=CARTESIAN_POINT('',(-0.0504010835837943,-0.008590000000002,0.01143));
#6404=CARTESIAN_POINT('',(-0.0504009573729759,-0.00759034721624387,0.01143));
#6405=CARTESIAN_POINT('',(-0.0504009573291382,-0.007590000000002,0.01143));
#6406=CARTESIAN_POINT('',(-0.0504009573291382,-0.007590000000002,0.01063));
#6407=CARTESIAN_POINT('',(-0.0504009573291382,-0.007590000000002,0.00983));
#6408=CARTESIAN_POINT('',(-0.050399999690096,-5.01999651533053E-6,0.00983));
#6409=CARTESIAN_POINT('',(-0.0504010835837943,-0.008590000000002,0.00983));
#6410=CARTESIAN_POINT('',(-0.0504010835837943,-0.008590000000002,0.));
#6411=CARTESIAN_POINT('',(-0.0504010835837943,-0.008590000000002,0.00826));
#6412=CARTESIAN_POINT('',(-0.050399999690096,-5.01999651533053E-6,0.00826));
#6413=CARTESIAN_POINT('',(-0.0504044798340446,-0.035490000000002,0.00826));
#6414=CARTESIAN_POINT('',(-0.0504044798340446,-0.035490000000002,0.));
#6415=CARTESIAN_POINT('',(-0.0504027817089195,-0.035490000000002,0.00983));
#6416=CARTESIAN_POINT('',(-0.050399999690096,-5.01999651533053E-6,0.00983));
#6417=CARTESIAN_POINT('',(-0.0504046060886727,-0.0364899997776357,0.00983));
#6418=CARTESIAN_POINT('',(-0.0504046060886446,-0.0364899995552694,0.));
#6419=CARTESIAN_POINT('',(-0.0504046060886727,-0.0364899997776357,0.01143));
#6420=CARTESIAN_POINT('',(-0.050399999690096,-5.01999651533053E-6,0.01143));
#6421=CARTESIAN_POINT('',(-0.0504027817089195,-0.035490000000002,0.01143));
#6422=CARTESIAN_POINT('',(-0.0504044798340446,-0.035490000000002,0.));
#6423=CARTESIAN_POINT('',(-0.0504044798340446,-0.035490000000002,0.013));
#6424=CARTESIAN_POINT('',(-0.050399999690096,-5.01999651533053E-6,0.013));
#6425=CARTESIAN_POINT('',(5.05050026892301E-6,0.04000000000705,0.));
#6426=CARTESIAN_POINT('',(0.050004872763785,0.0400049999892764,0.));
#6427=CARTESIAN_POINT('',(0.0500048727637849,0.0400049999892764,0.0025));
#6428=CARTESIAN_POINT('',(0.0500048727637849,0.0400049999892764,0.00799));
#6429=CARTESIAN_POINT('',(5.05050026892301E-6,0.04000000000705,0.0025));
#6430=CARTESIAN_POINT('',(0.0504050505069127,0.0400050400070507,0.0025));
#6431=CARTESIAN_POINT('',(0.0504050505069127,0.0400050400070507,0.));
#6432=CARTESIAN_POINT('',(0.0504050505069127,0.0400050400070507,0.013));
#6433=CARTESIAN_POINT('',(5.05050026892301E-6,0.04000000000705,0.013));
#6434=CARTESIAN_POINT('',(5.05050026892301E-6,0.04000000000705,0.0025));
#6435=CARTESIAN_POINT('',(-0.0499951343923827,0.0399949999885608,0.0025));
#6436=CARTESIAN_POINT('',(-0.0499951343923827,0.0399949999885608,0.));
#6437=CARTESIAN_POINT('',(-0.0499951343923827,0.0399949999885608,0.00799));
#6438=CARTESIAN_POINT('',(5.05050026892301E-6,0.04000000000705,0.00799));
#6439=CARTESIAN_POINT('',(0.050400000005713,2.00035255130959E-8,0.));
#6440=CARTESIAN_POINT('',(0.050400000005713,2.00035255130959E-8,0.0025));
#6441=CARTESIAN_POINT('',(0.0503949495045132,-0.040005,0.0025));
#6442=CARTESIAN_POINT('',(0.0503949495045132,-0.040005,0.));
#6443=CARTESIAN_POINT('',(0.0503949495045132,-0.040005,0.013));
#6444=CARTESIAN_POINT('',(0.050400000005713,2.00035255130959E-8,0.013));
#6445=CARTESIAN_POINT('',(-5.05018465192172E-6,-0.0400050000000398,0.));
#6446=CARTESIAN_POINT('',(-5.05018465192172E-6,-0.0400050000000398,0.0025));
#6447=CARTESIAN_POINT('',(-5.05018465192172E-6,-0.0400050000000398,0.013));
#6448=CARTESIAN_POINT('',(-0.04130108362763,-0.035490000000002,0.00826));
#6449=CARTESIAN_POINT('',(-0.04130108362763,-0.035490000000002,0.013));
#6450=CARTESIAN_POINT('',(-0.0559044798778803,-0.035490000000002,0.013));
#6451=CARTESIAN_POINT('',(-0.0531510836057122,-0.035490000000002,0.01143));
#6452=CARTESIAN_POINT('',(-0.0559027817527551,-0.035490000000002,0.01143));
#6453=CARTESIAN_POINT('',(-0.0559044798778803,-0.035490000000002,0.00826));
#6454=CARTESIAN_POINT('',(-0.04130108362763,-0.008590000000002,0.00826));
#6455=CARTESIAN_POINT('',(-0.04130108362763,-0.008590000000002,0.013));
#6456=CARTESIAN_POINT('',(-0.05590108362763,-0.008590000000002,0.013));
#6457=CARTESIAN_POINT('',(-0.05590108362763,-0.008590000000002,0.00826));
#6458=CARTESIAN_POINT('',(-0.05590108362763,-0.008590000000002,0.01143));
#6459=CARTESIAN_POINT('',(-0.0531510836057122,-0.008590000000002,0.01143));
#6460=CARTESIAN_POINT('',(-0.0558999997686456,-5.29494805315972E-6,0.));
#6461=CARTESIAN_POINT('',(-0.0558999997686456,-5.29494805315972E-6,0.013));
#6462=CARTESIAN_POINT('',(-0.0558942552190296,0.0454944101039781,0.013));
#6463=CARTESIAN_POINT('',(-0.0558942552190296,0.0454944101039781,0.));
#6464=CARTESIAN_POINT('',(-0.0558942552190296,0.0454944101039781,0.));
#6465=CARTESIAN_POINT('',(-0.0558999997686456,-5.29494805315972E-6,0.));
#6466=CARTESIAN_POINT('',(-0.0559057443182615,-0.0455050000000844,0.));
#6467=CARTESIAN_POINT('',(-0.0559057443182615,-0.0455050000000844,0.));
#6468=CARTESIAN_POINT('',(-0.0559057443182615,-0.0455050000000844,0.013));
#6469=CARTESIAN_POINT('',(-0.0558999997686456,-5.29494805315972E-6,0.013));
#6470=CARTESIAN_POINT('',(-0.0559046060886446,-0.0364896523549678,0.01143));
#6471=CARTESIAN_POINT('',(-0.0559046061325083,-0.0364899997776357,0.01143));
#6472=CARTESIAN_POINT('',(-0.0559046061324802,-0.0364899995552694,0.));
#6473=CARTESIAN_POINT('',(-0.0559046061325083,-0.0364899997776357,0.00983));
#6474=CARTESIAN_POINT('',(-0.0558999997686456,-5.29494805315972E-6,0.00983));
#6475=CARTESIAN_POINT('',(-0.0559027817527551,-0.035490000000002,0.00983));
#6476=CARTESIAN_POINT('',(-0.0559044798778803,-0.035490000000002,0.00826));
#6477=CARTESIAN_POINT('',(-0.0559044798778803,-0.035490000000002,0.00826));
#6478=CARTESIAN_POINT('',(-0.0558999997686456,-5.29494805315972E-6,0.00826));
#6479=CARTESIAN_POINT('',(-0.055903188209428,-0.0252593400645284,0.00826));
#6480=CARTESIAN_POINT('',(-0.055903188209428,-0.0252593400645284,0.00546));
#6481=CARTESIAN_POINT('',(-0.0559035417224624,-0.028059340042212,0.00545999997014391));
#6482=CARTESIAN_POINT('',(-0.0559035417224619,-0.0280593400384267,0.00510499997014391));
#6483=CARTESIAN_POINT('',(-0.0559035417224614,-0.0280593400346413,0.00474999997014391));
#6484=CARTESIAN_POINT('',(-0.055903188209427,-0.0252593400569577,0.00475));
#6485=CARTESIAN_POINT('',(-0.055903188209427,-0.0252593400569577,0.00195));
#6486=CARTESIAN_POINT('',(-0.0559027816694412,-0.0220393401120673,0.00195));
#6487=CARTESIAN_POINT('',(-0.0559023751294554,-0.018819340167177,0.00195));
#6488=CARTESIAN_POINT('',(-0.0559023751294554,-0.018819340167177,0.00475));
#6489=CARTESIAN_POINT('',(-0.055902021616421,-0.0160193401894934,0.0047500000298561));
#6490=CARTESIAN_POINT('',(-0.0559020216164215,-0.0160193401932786,0.0051050000298561));
#6491=CARTESIAN_POINT('',(-0.055902021616422,-0.016019340197064,0.0054600000298561));
#6492=CARTESIAN_POINT('',(-0.0559023751294564,-0.0188193401747477,0.00546));
#6493=CARTESIAN_POINT('',(-0.0559023751294563,-0.0188193401747477,0.00826));
#6494=CARTESIAN_POINT('',(-0.0558999997686456,-5.29494805315972E-6,0.00826));
#6495=CARTESIAN_POINT('',(-0.05590108362763,-0.008590000000002,0.00826));
#6496=CARTESIAN_POINT('',(-0.05590108362763,-0.008590000000002,0.00826));
#6497=CARTESIAN_POINT('',(-0.05590108362763,-0.008590000000002,0.00983));
#6498=CARTESIAN_POINT('',(-0.0558999997686456,-5.29494805315972E-6,0.00983));
#6499=CARTESIAN_POINT('',(-0.0559009573729738,-0.007590000000002,0.00983));
#6500=CARTESIAN_POINT('',(-0.0559009573729738,-0.007590000000002,0.));
#6501=CARTESIAN_POINT('',(-0.0559009573729738,-0.007590000000002,0.01143));
#6502=CARTESIAN_POINT('',(-0.0558999997686456,-5.29494805315972E-6,0.01143));
#6503=CARTESIAN_POINT('',(-0.0531446023627022,0.0427446850555137,0.016));
#6504=CARTESIAN_POINT('',(-0.0531446023627022,0.0427446850555138,0.00439055940236791));
#6505=CARTESIAN_POINT('',(-0.0548446023627022,0.0427446850555138,0.00439055940236791));
#6506=CARTESIAN_POINT('',(-0.0531446023627022,0.0427446850555137,0.013));
#6507=CARTESIAN_POINT('',(-0.0514446023627022,0.0427446850555137,0.013));
#6508=CARTESIAN_POINT('',(0.0531553977419384,0.0427553150555242,0.016));
#6509=CARTESIAN_POINT('',(0.0531553977419384,0.042755315055579,0.00439055940236791));
#6510=CARTESIAN_POINT('',(0.0514553977419384,0.042755315055579,0.00439055940236791));
#6511=CARTESIAN_POINT('',(0.0531553977419384,0.0427553150555242,0.013));
#6512=CARTESIAN_POINT('',(0.0548553977419384,0.0427553150555242,0.013));
#6513=CARTESIAN_POINT('',(0.0531446023480417,-0.0427549999999975,0.016));
#6514=CARTESIAN_POINT('',(0.0531446023480417,-0.0427549999999975,0.00439055940236791));
#6515=CARTESIAN_POINT('',(0.0514446023480417,-0.0427549999999975,0.00439055940236791));
#6516=CARTESIAN_POINT('',(0.0531446023480417,-0.0427549999999975,0.013));
#6517=CARTESIAN_POINT('',(0.0548446023480417,-0.0427549999999975,0.013));
#6518=CARTESIAN_POINT('',(-0.0531553970960393,-0.0427550000000822,0.016));
#6519=CARTESIAN_POINT('',(-0.0531553970960393,-0.0427550000000822,0.00439055940236791));
#6520=CARTESIAN_POINT('',(-0.0548553970960393,-0.0427550000000822,0.00439055940236791));
#6521=CARTESIAN_POINT('',(-0.0531553970960393,-0.0427550000000822,0.013));
#6522=CARTESIAN_POINT('',(-0.0514553970960393,-0.0427550000000822,0.013));
#6523=CARTESIAN_POINT('',(0.0559000000842671,2.95052001227092E-7,0.));
#6524=CARTESIAN_POINT('',(0.0559000000842671,2.95052001227092E-7,0.013));
#6525=CARTESIAN_POINT('',(0.0558942551915702,-0.0455049999999953,0.013));
#6526=CARTESIAN_POINT('',(0.055905744976964,0.0455055901039977,0.013));
#6527=CARTESIAN_POINT('',(0.0558942551915702,-0.0455049999999953,0.));
#6528=CARTESIAN_POINT('',(0.0558942551915702,-0.0455049999999953,0.));
#6529=CARTESIAN_POINT('',(0.0559000000842671,2.95052001227092E-7,0.));
#6530=CARTESIAN_POINT('',(0.055905744976964,0.0455055901039977,0.));
#6531=CARTESIAN_POINT('',(0.055905744976964,0.0455055901039977,0.));
#6532=CARTESIAN_POINT('',(5.74487896720308E-6,0.0455000001039879,0.));
#6533=CARTESIAN_POINT('',(5.74487896720308E-6,0.0455000001039879,0.013));
#6534=CARTESIAN_POINT('',(5.74487896720308E-6,0.0455000001039879,0.));
#6535=CARTESIAN_POINT('',(-5.74456334565682E-6,-0.0455050000000399,0.));
#6536=CARTESIAN_POINT('',(-5.74456334565682E-6,-0.0455050000000399,0.013));
#6537=CARTESIAN_POINT('',(-5.74456334565682E-6,-0.0455050000000399,0.));
#6538=CARTESIAN_POINT('',(-0.04130108362763,-0.035490000000002,0.00826));
#6539=CARTESIAN_POINT('',(-0.0531510836057122,-0.035490000000002,0.00983));
#6540=CARTESIAN_POINT('',(-0.0514044798340176,-0.035490000000002,0.00983));
#6541=CARTESIAN_POINT('',(-0.04130108362763,-0.035490000000002,0.00826));
#6542=CARTESIAN_POINT('',(-0.0531510836057122,-0.035490000000002,0.00983));
#6543=CARTESIAN_POINT('',(-0.04130108362763,-0.008590000000002,0.00826));
#6544=CARTESIAN_POINT('',(-0.0531510836057122,-0.008590000000002,0.00983));
#6545=CARTESIAN_POINT('',(-0.0512711012493569,-0.008590000000002,0.00983));
#6546=CARTESIAN_POINT('',(-0.0531510836057122,-0.008590000000002,0.00983));
#6547=CARTESIAN_POINT('',(-0.04130108362763,-0.008590000000002,0.00826));
#6548=CARTESIAN_POINT('',(-0.0500027817164659,-0.0220400850221033,0.00671));
#6549=CARTESIAN_POINT('',(-0.0524027816973376,-0.022039782010931,0.00671));
#6550=CARTESIAN_POINT('',(-0.0524031882373234,-0.0252597819558214,0.00671));
#6551=CARTESIAN_POINT('',(-0.0524023751573518,-0.0188197820660407,0.00671));
#6552=CARTESIAN_POINT('',(-0.0500023751764801,-0.0188200850772129,0.00671));
#6553=CARTESIAN_POINT('',(-0.0500031882564517,-0.0252600849669937,0.00671));
#6554=CARTESIAN_POINT('',(-0.0500023751764801,-0.0188200850772129,0.00546));
#6555=CARTESIAN_POINT('',(-0.0524023751573518,-0.0188197820660407,0.00546));
#6556=CARTESIAN_POINT('',(-0.0524022173390328,-0.0175697820760033,0.00546000001332862));
#6557=CARTESIAN_POINT('',(-0.0500022173581611,-0.0175700850871756,0.00546000001332862));
#6558=CARTESIAN_POINT('',(-0.0500022173581607,-0.0175700850833903,0.00510500001332862));
#6559=CARTESIAN_POINT('',(-0.0524022173390324,-0.017569782072218,0.00510500001332862));
#6560=CARTESIAN_POINT('',(-0.0524022173390319,-0.0175697820684327,0.00475000001332862));
#6561=CARTESIAN_POINT('',(-0.0500022173581602,-0.017570085079605,0.00475000001332862));
#6562=CARTESIAN_POINT('',(-0.0500023751764791,-0.0188200850696423,0.00475));
#6563=CARTESIAN_POINT('',(-0.0524023751573508,-0.01881978205847,0.00475));
#6564=CARTESIAN_POINT('',(-0.0524023751573508,-0.01881978205847,0.0035));
#6565=CARTESIAN_POINT('',(-0.0500023751764791,-0.0188200850696423,0.0035));
#6566=CARTESIAN_POINT('',(-0.0500027817164649,-0.0220400850145327,0.0035));
#6567=CARTESIAN_POINT('',(-0.0524027816973366,-0.0220397820033604,0.0035));
#6568=CARTESIAN_POINT('',(-0.0524031882373225,-0.0252597819482507,0.0035));
#6569=CARTESIAN_POINT('',(-0.0500031882564507,-0.025260084959423,0.0035));
#6570=CARTESIAN_POINT('',(-0.0500031882564507,-0.025260084959423,0.00475));
#6571=CARTESIAN_POINT('',(-0.0524031882373225,-0.0252597819482507,0.00475));
#6572=CARTESIAN_POINT('',(-0.0524033460556414,-0.0265097819382881,0.00474999998667139));
#6573=CARTESIAN_POINT('',(-0.0500033460747697,-0.0265100849494604,0.00474999998667139));
#6574=CARTESIAN_POINT('',(-0.0500033460747701,-0.0265100849532457,0.00510499998667139));
#6575=CARTESIAN_POINT('',(-0.0524033460556419,-0.0265097819420733,0.00510499998667139));
#6576=CARTESIAN_POINT('',(-0.0524033460556423,-0.0265097819458587,0.00545999998667139));
#6577=CARTESIAN_POINT('',(-0.0500033460747706,-0.026510084957031,0.00545999998667139));
#6578=CARTESIAN_POINT('',(-0.0500031882564517,-0.0252600849669937,0.00546));
#6579=CARTESIAN_POINT('',(-0.0524031882373234,-0.0252597819558214,0.00546));
#6580=CARTESIAN_POINT('',(3.29351219907625E-10,2.95051956644698E-7,0.));
#6581=CARTESIAN_POINT('',(-0.0531446023627022,0.0427446850555138,0.));
#6582=CARTESIAN_POINT('',(-0.0507946023627022,0.0427446850555138,0.));
#6583=CARTESIAN_POINT('',(0.0531553977419384,0.042755315055579,0.));
#6584=CARTESIAN_POINT('',(0.0555053977419384,0.042755315055579,0.));
#6585=CARTESIAN_POINT('',(0.0531446023480417,-0.0427549999999975,0.));
#6586=CARTESIAN_POINT('',(0.0554946023480417,-0.0427549999999975,0.));
#6587=CARTESIAN_POINT('',(-0.0531553970960393,-0.0427550000000822,0.));
#6588=CARTESIAN_POINT('',(-0.0508053970960393,-0.0427550000000822,0.));
#6589=CARTESIAN_POINT('',(-0.0531553970960393,-0.0427550000000822,0.004));
#6590=CARTESIAN_POINT('',(-0.0531553970960393,-0.0427550000000822,0.004));
#6591=CARTESIAN_POINT('',(-0.0508053970960393,-0.0427550000000822,0.004));
#6592=CARTESIAN_POINT('',(-0.0531553970960393,-0.0427550000000822,0.));
#6593=CARTESIAN_POINT('',(0.0531446023480417,-0.0427549999999975,0.004));
#6594=CARTESIAN_POINT('',(0.0531446023480417,-0.0427549999999975,0.004));
#6595=CARTESIAN_POINT('',(0.0554946023480417,-0.0427549999999975,0.004));
#6596=CARTESIAN_POINT('',(0.0531446023480417,-0.0427549999999975,0.));
#6597=CARTESIAN_POINT('',(0.0531553977419384,0.042755315055579,0.004));
#6598=CARTESIAN_POINT('',(0.0531553977419384,0.042755315055579,0.004));
#6599=CARTESIAN_POINT('',(0.0555053977419384,0.042755315055579,0.004));
#6600=CARTESIAN_POINT('',(0.0531553977419384,0.042755315055579,0.));
#6601=CARTESIAN_POINT('',(-0.0531446023627022,0.0427446850555138,0.004));
#6602=CARTESIAN_POINT('',(-0.0531446023627022,0.0427446850555138,0.004));
#6603=CARTESIAN_POINT('',(-0.0507946023627022,0.0427446850555138,0.004));
#6604=CARTESIAN_POINT('',(-0.0531446023627022,0.0427446850555138,0.));
#6605=CARTESIAN_POINT('',(-0.0524023751573518,-0.0188197820660407,0.00546));
#6606=CARTESIAN_POINT('',(-0.0524020216443174,-0.016019782088357,0.0054600000298561));
#6607=CARTESIAN_POINT('',(-0.0524020216443174,-0.016019782088357,0.0054600000298561));
#6608=CARTESIAN_POINT('',(-0.0524023751573518,-0.0188197820660407,0.00546));
#6609=CARTESIAN_POINT('',(-0.0524023751573518,-0.0188197820660407,0.00826));
#6610=CARTESIAN_POINT('',(-0.0524023751573518,-0.0188197820660407,0.00826));
#6611=CARTESIAN_POINT('',(-0.0524020216443169,-0.0160197820845716,0.0051050000298561));
#6612=CARTESIAN_POINT('',(-0.0524020216443164,-0.0160197820807863,0.0047500000298561));
#6613=CARTESIAN_POINT('',(-0.0524020216443164,-0.0160197820807863,0.0047500000298561));
#6614=CARTESIAN_POINT('',(-0.0524020216443169,-0.0160197820845716,0.0051050000298561));
#6615=CARTESIAN_POINT('',(-0.0524023751573508,-0.01881978205847,0.00475));
#6616=CARTESIAN_POINT('',(-0.0524023751573508,-0.01881978205847,0.00195));
#6617=CARTESIAN_POINT('',(-0.0524023751573508,-0.01881978205847,0.00195));
#6618=CARTESIAN_POINT('',(-0.0524023751573508,-0.01881978205847,0.00475));
#6619=CARTESIAN_POINT('',(-0.0524027816973366,-0.0220397820033604,0.00195));
#6620=CARTESIAN_POINT('',(-0.0524031882373225,-0.0252597819482507,0.00195));
#6621=CARTESIAN_POINT('',(-0.0524031882373225,-0.0252597819482507,0.00195));
#6622=CARTESIAN_POINT('',(-0.0524027816973366,-0.0220397820033604,0.00195));
#6623=CARTESIAN_POINT('',(-0.0524031882373225,-0.0252597819482507,0.00475));
#6624=CARTESIAN_POINT('',(-0.0524035417503568,-0.0280597819259343,0.00474999997014391));
#6625=CARTESIAN_POINT('',(-0.0524035417503568,-0.0280597819259343,0.00474999997014391));
#6626=CARTESIAN_POINT('',(-0.0524031882373225,-0.0252597819482507,0.00475));
#6627=CARTESIAN_POINT('',(-0.0524035417503573,-0.0280597819297197,0.00510499997014391));
#6628=CARTESIAN_POINT('',(-0.0524035417503578,-0.028059781933505,0.00545999997014391));
#6629=CARTESIAN_POINT('',(-0.0524035417503578,-0.028059781933505,0.00545999997014391));
#6630=CARTESIAN_POINT('',(-0.0524035417503573,-0.0280597819297197,0.00510499997014391));
#6631=CARTESIAN_POINT('',(-0.0524031882373234,-0.0252597819558214,0.00546));
#6632=CARTESIAN_POINT('',(-0.0524031882373234,-0.0252597819558214,0.00826));
#6633=CARTESIAN_POINT('',(-0.0524031882373234,-0.0252597819558214,0.00826));
#6634=CARTESIAN_POINT('',(-0.0524031882373234,-0.0252597819558214,0.00546));
#6635=CARTESIAN_POINT('',(-0.052399999796541,-5.73683934614299E-6,0.008));
#6636=CARTESIAN_POINT('',(-0.0524027816973376,-0.022039782010931,0.00826));
#6637=CARTESIAN_POINT('',(-0.04130108362763,-0.022040000000002,0.00826));
#6638=CARTESIAN_POINT('',(-0.0531510836057122,-0.007590000000002,0.00983));
#6639=CARTESIAN_POINT('',(-0.0512711012493569,-0.00819000000000202,0.00983));
#6640=CARTESIAN_POINT('',(-0.0531510836057122,-0.007590000000002,0.00983));
#6641=CARTESIAN_POINT('',(-0.0531510836057122,-0.007590000000002,0.01143));
#6642=CARTESIAN_POINT('',(-0.0531510836057122,-0.007590000000002,0.01143));
#6643=CARTESIAN_POINT('',(-0.0531510836057122,-0.007590000000002,0.01063));
#6644=CARTESIAN_POINT('',(-0.0531510836057122,-0.036490000000002,0.00983));
#6645=CARTESIAN_POINT('',(-0.0514044798340176,-0.0358900000079721,0.00983));
#6646=CARTESIAN_POINT('',(-0.0531510836057122,-0.036490000000002,0.00983));
#6647=CARTESIAN_POINT('',(-0.0531510836057122,-0.036490000000002,0.01143));
#6648=CARTESIAN_POINT('',(-0.0531510836057122,-0.036490000000002,0.01143));
#6649=CARTESIAN_POINT('',(-0.0531510836057122,-0.036490000000002,0.01063));
#6650=CARTESIAN_POINT('',(-0.0514044798340176,-0.0358900000079721,0.00983));
#6651=CARTESIAN_POINT('',(-0.0512711012493569,-0.00819000000000202,0.00983));
#6652=CARTESIAN_POINT('',(-4.83493405225785E-6,-3.80999904000742E-6,0.013));
#6653=CARTESIAN_POINT('',(3.29351219907625E-10,2.95051956644698E-7,0.0025));
#6654=CARTESIAN_POINT('',(0.0264587497034669,-0.0213224999785423,0.0025));
#6655=CARTESIAN_POINT('',(0.0244587497034669,-0.0213224999785423,0.0025));
#6656=CARTESIAN_POINT('',(0.0264587497034669,0.0168175000214577,0.0025));
#6657=CARTESIAN_POINT('',(0.0244587497034669,0.0168175000214577,0.0025));
#6658=CARTESIAN_POINT('',(-0.0116812502965331,0.0168175000214577,0.0025));
#6659=CARTESIAN_POINT('',(-0.0136812502965331,0.0168175000214577,0.0025));
#6660=CARTESIAN_POINT('',(-0.0116812502965331,-0.0213224999785423,0.0025));
#6661=CARTESIAN_POINT('',(-0.0136812502965331,-0.0213224999785423,0.0025));
#6662=CARTESIAN_POINT('',(0.0499920790001792,0.000790001792100072,0.0025));
#6663=CARTESIAN_POINT('',(0.0499791580003584,-0.0388149964158,0.0025));
#6664=CARTESIAN_POINT('',(-2.08406840249351E-5,-0.0388049964159631,0.0025));
#6665=CARTESIAN_POINT('',(-0.0500208393684082,-0.0387949964161262,0.0025));
#6666=CARTESIAN_POINT('',(-0.050019727682841,-0.0353874965703134,0.0025));
#6667=CARTESIAN_POINT('',(-0.0500186159972738,-0.0319799967245005,0.0025));
#6668=CARTESIAN_POINT('',(-0.0490186160504922,-0.0319803229711794,0.0025));
#6669=CARTESIAN_POINT('',(-0.0480186161037107,-0.0319806492178583,0.0025));
#6670=CARTESIAN_POINT('',(-0.0480194015014088,-0.0343880228622412,0.0025));
#6671=CARTESIAN_POINT('',(-0.048020186899107,-0.0367953965066241,0.0025));
#6672=CARTESIAN_POINT('',(-2.01881906619072E-5,-0.0368049965064618,0.0025));
#6673=CARTESIAN_POINT('',(0.0479798105177832,-0.0368145965062995,0.0025));
#6674=CARTESIAN_POINT('',(0.0479920789916106,0.000790301774477031,0.0025));
#6675=CARTESIAN_POINT('',(0.0480043474654379,0.0383952000552534,0.0025));
#6676=CARTESIAN_POINT('',(4.34719100879389E-6,0.0384000000552809,0.0025));
#6677=CARTESIAN_POINT('',(-0.0479956530834204,0.0384048000553084,0.0025));
#6678=CARTESIAN_POINT('',(-0.0480036274417394,0.0139620749322937,0.0025));
#6679=CARTESIAN_POINT('',(-0.0480116018000584,-0.010480650190721,0.0025));
#6680=CARTESIAN_POINT('',(-0.04901160174684,-0.0104803239440421,0.0025));
#6681=CARTESIAN_POINT('',(-0.0500116016936215,-0.0104799976973632,0.0025));
#6682=CARTESIAN_POINT('',(-0.0500033011624275,0.0149625011513499,0.0025));
#6683=CARTESIAN_POINT('',(0.0499920790001792,0.000790001792100072,0.00799));
#6684=CARTESIAN_POINT('',(0.0499920790001792,0.000790001792100072,0.00799));
#6685=CARTESIAN_POINT('',(0.0499791580003584,-0.0388149964158,0.00799));
#6686=CARTESIAN_POINT('',(0.0499791580003584,-0.0388149964158,0.00799));
#6687=CARTESIAN_POINT('',(-0.0500033011624275,0.0149625011513499,0.00799));
#6688=CARTESIAN_POINT('',(-0.0500033011624275,0.0149625011513499,0.00799));
#6689=CARTESIAN_POINT('',(-0.0500116016936215,-0.0104799976973632,0.00799));
#6690=CARTESIAN_POINT('',(-0.0500116016936215,-0.0104799976973632,0.00799));
#6691=CARTESIAN_POINT('',(-0.04901160174684,-0.0104803239440421,0.00799));
#6692=CARTESIAN_POINT('',(-0.0480116018000584,-0.010480650190721,0.00799));
#6693=CARTESIAN_POINT('',(-0.0480116018000584,-0.010480650190721,0.00799));
#6694=CARTESIAN_POINT('',(-0.04901160174684,-0.0104803239440421,0.00799));
#6695=CARTESIAN_POINT('',(-0.0480036274417394,0.0139620749322937,0.00799));
#6696=CARTESIAN_POINT('',(-0.0479956530834204,0.0384048000553084,0.00799));
#6697=CARTESIAN_POINT('',(-0.0479956530834204,0.0384048000553084,0.00799));
#6698=CARTESIAN_POINT('',(-0.0480036274417394,0.0139620749322937,0.00799));
#6699=CARTESIAN_POINT('',(4.34719100879389E-6,0.0384000000552809,0.00799));
#6700=CARTESIAN_POINT('',(0.0480043474654379,0.0383952000552534,0.00799));
#6701=CARTESIAN_POINT('',(0.0480043474654379,0.0383952000552534,0.00799));
#6702=CARTESIAN_POINT('',(4.34719100879389E-6,0.0384000000552809,0.00799));
#6703=CARTESIAN_POINT('',(0.0479920789916106,0.000790301774477031,0.00799));
#6704=CARTESIAN_POINT('',(0.0479798105177832,-0.0368145965062995,0.00799));
#6705=CARTESIAN_POINT('',(0.0479798105177832,-0.0368145965062995,0.00799));
#6706=CARTESIAN_POINT('',(0.0479920789916106,0.000790301774477031,0.00799));
#6707=CARTESIAN_POINT('',(-2.01881906619072E-5,-0.0368049965064618,0.00799));
#6708=CARTESIAN_POINT('',(-0.048020186899107,-0.0367953965066241,0.00799));
#6709=CARTESIAN_POINT('',(-0.048020186899107,-0.0367953965066241,0.00799));
#6710=CARTESIAN_POINT('',(-2.01881906619072E-5,-0.0368049965064618,0.00799));
#6711=CARTESIAN_POINT('',(-0.0480194015014088,-0.0343880228622412,0.00799));
#6712=CARTESIAN_POINT('',(-0.0480186161037107,-0.0319806492178583,0.00799));
#6713=CARTESIAN_POINT('',(-0.0480186161037107,-0.0319806492178583,0.00799));
#6714=CARTESIAN_POINT('',(-0.0480194015014088,-0.0343880228622412,0.00799));
#6715=CARTESIAN_POINT('',(-0.0490186160504922,-0.0319803229711794,0.00799));
#6716=CARTESIAN_POINT('',(-0.0500186159972738,-0.0319799967245005,0.00799));
#6717=CARTESIAN_POINT('',(-0.0500186159972738,-0.0319799967245005,0.00799));
#6718=CARTESIAN_POINT('',(-0.0490186160504922,-0.0319803229711794,0.00799));
#6719=CARTESIAN_POINT('',(-0.050019727682841,-0.0353874965703134,0.00799));
#6720=CARTESIAN_POINT('',(-0.0500208393684082,-0.0387949964161262,0.00799));
#6721=CARTESIAN_POINT('',(-0.0500208393684082,-0.0387949964161262,0.00799));
#6722=CARTESIAN_POINT('',(-0.050019727682841,-0.0353874965703134,0.00799));
#6723=CARTESIAN_POINT('',(-2.08406840249351E-5,-0.0388049964159631,0.00799));
#6724=CARTESIAN_POINT('',(-2.08406840249351E-5,-0.0388049964159631,0.00799));
#6725=CARTESIAN_POINT('',(-7.91968420412598E-6,0.000795001792131565,0.00799));
#6726=CARTESIAN_POINT('',(-0.0116812502965331,-0.0213224999785423,0.00799));
#6727=CARTESIAN_POINT('',(-0.0116812502965331,-0.0213224999785423,0.00799));
#6728=CARTESIAN_POINT('',(-0.0096812502965331,-0.0213224999785423,0.00799));
#6729=CARTESIAN_POINT('',(-7.91968420412598E-6,0.000795001792131565,0.00799));
#6730=CARTESIAN_POINT('',(-0.0116812502965331,0.0168175000214577,0.00799));
#6731=CARTESIAN_POINT('',(-0.0116812502965331,0.0168175000214577,0.00799));
#6732=CARTESIAN_POINT('',(-0.0096812502965331,0.0168175000214577,0.00799));
#6733=CARTESIAN_POINT('',(-7.91968420412598E-6,0.000795001792131565,0.00799));
#6734=CARTESIAN_POINT('',(0.0264587497034669,0.0168175000214577,0.00799));
#6735=CARTESIAN_POINT('',(0.0264587497034669,0.0168175000214577,0.00799));
#6736=CARTESIAN_POINT('',(0.0284587497034669,0.0168175000214577,0.00799));
#6737=CARTESIAN_POINT('',(-7.91968420412598E-6,0.000795001792131565,0.00799));
#6738=CARTESIAN_POINT('',(0.0264587497034669,-0.0213224999785423,0.00799));
#6739=CARTESIAN_POINT('',(0.0264587497034669,-0.0213224999785423,0.00799));
#6740=CARTESIAN_POINT('',(0.0284587497034669,-0.0213224999785423,0.00799));
#6741=CARTESIAN_POINT('',(-7.91968420412598E-6,0.000795001792131565,0.00799));
#6742=CARTESIAN_POINT('',(0.,0.,0.));
#6743=CARTESIAN_POINT('',(0.03398,-0.02057,0.016));
#6744=CARTESIAN_POINT('',(0.03398,-0.02057,0.013));
#6745=CARTESIAN_POINT('',(0.03398,-0.02007,0.013));
#6746=CARTESIAN_POINT('',(0.03348,-0.02057,0.013));
#6747=CARTESIAN_POINT('',(0.03398,-0.02007,0.016));
#6748=CARTESIAN_POINT('',(0.03398,-0.02007,0.016));
#6749=CARTESIAN_POINT('',(0.03398,-0.02057,0.016));
#6750=CARTESIAN_POINT('',(0.03348,-0.02057,0.016));
#6751=CARTESIAN_POINT('',(0.03348,-0.02057,0.016));
#6752=CARTESIAN_POINT('',(0.04048,-0.02007,0.016));
#6753=CARTESIAN_POINT('',(0.04048,-0.02007,0.013));
#6754=CARTESIAN_POINT('',(0.04698,-0.02007,0.013));
#6755=CARTESIAN_POINT('',(0.04698,-0.02007,0.016));
#6756=CARTESIAN_POINT('',(0.04698,-0.02007,0.016));
#6757=CARTESIAN_POINT('',(0.04048,-0.02007,0.016));
#6758=CARTESIAN_POINT('',(0.04698,-0.02057,0.016));
#6759=CARTESIAN_POINT('',(0.04698,-0.02057,0.013));
#6760=CARTESIAN_POINT('',(0.04748,-0.02057,0.013));
#6761=CARTESIAN_POINT('',(0.04748,-0.02057,0.016));
#6762=CARTESIAN_POINT('',(0.04748,-0.02057,0.016));
#6763=CARTESIAN_POINT('',(0.04698,-0.02057,0.016));
#6764=CARTESIAN_POINT('',(0.04748,-0.02707,0.016));
#6765=CARTESIAN_POINT('',(0.04748,-0.02707,0.013));
#6766=CARTESIAN_POINT('',(0.04748,-0.03357,0.013));
#6767=CARTESIAN_POINT('',(0.04748,-0.03357,0.016));
#6768=CARTESIAN_POINT('',(0.04748,-0.03357,0.016));
#6769=CARTESIAN_POINT('',(0.04748,-0.02707,0.016));
#6770=CARTESIAN_POINT('',(0.04698,-0.03357,0.016));
#6771=CARTESIAN_POINT('',(0.04698,-0.03357,0.013));
#6772=CARTESIAN_POINT('',(0.04698,-0.03407,0.013));
#6773=CARTESIAN_POINT('',(0.04698,-0.03407,0.016));
#6774=CARTESIAN_POINT('',(0.04698,-0.03407,0.016));
#6775=CARTESIAN_POINT('',(0.04698,-0.03357,0.016));
#6776=CARTESIAN_POINT('',(0.04048,-0.03407,0.016));
#6777=CARTESIAN_POINT('',(0.04048,-0.03407,0.013));
#6778=CARTESIAN_POINT('',(0.03398,-0.03407,0.013));
#6779=CARTESIAN_POINT('',(0.03398,-0.03407,0.016));
#6780=CARTESIAN_POINT('',(0.03398,-0.03407,0.016));
#6781=CARTESIAN_POINT('',(0.04048,-0.03407,0.016));
#6782=CARTESIAN_POINT('',(0.03398,-0.03357,0.016));
#6783=CARTESIAN_POINT('',(0.03398,-0.03357,0.013));
#6784=CARTESIAN_POINT('',(0.03348,-0.03357,0.013));
#6785=CARTESIAN_POINT('',(0.03348,-0.03357,0.016));
#6786=CARTESIAN_POINT('',(0.03348,-0.03357,0.016));
#6787=CARTESIAN_POINT('',(0.03398,-0.03357,0.016));
#6788=CARTESIAN_POINT('',(0.01493,-0.02057,0.016));
#6789=CARTESIAN_POINT('',(0.01493,-0.02057,0.013));
#6790=CARTESIAN_POINT('',(0.01493,-0.02007,0.013));
#6791=CARTESIAN_POINT('',(0.01443,-0.02057,0.013));
#6792=CARTESIAN_POINT('',(0.01493,-0.02007,0.016));
#6793=CARTESIAN_POINT('',(0.01493,-0.02007,0.016));
#6794=CARTESIAN_POINT('',(0.01493,-0.02057,0.016));
#6795=CARTESIAN_POINT('',(0.01443,-0.02057,0.016));
#6796=CARTESIAN_POINT('',(0.01443,-0.02057,0.016));
#6797=CARTESIAN_POINT('',(0.02143,-0.02007,0.016));
#6798=CARTESIAN_POINT('',(0.02143,-0.02007,0.013));
#6799=CARTESIAN_POINT('',(0.02793,-0.02007,0.013));
#6800=CARTESIAN_POINT('',(0.02793,-0.02007,0.016));
#6801=CARTESIAN_POINT('',(0.02793,-0.02007,0.016));
#6802=CARTESIAN_POINT('',(0.02143,-0.02007,0.016));
#6803=CARTESIAN_POINT('',(0.02793,-0.02057,0.016));
#6804=CARTESIAN_POINT('',(0.02793,-0.02057,0.013));
#6805=CARTESIAN_POINT('',(0.02843,-0.02057,0.013));
#6806=CARTESIAN_POINT('',(0.02843,-0.02057,0.016));
#6807=CARTESIAN_POINT('',(0.02843,-0.02057,0.016));
#6808=CARTESIAN_POINT('',(0.02793,-0.02057,0.016));
#6809=CARTESIAN_POINT('',(0.02843,-0.02707,0.016));
#6810=CARTESIAN_POINT('',(0.02843,-0.02707,0.013));
#6811=CARTESIAN_POINT('',(0.02843,-0.03357,0.013));
#6812=CARTESIAN_POINT('',(0.02843,-0.03357,0.016));
#6813=CARTESIAN_POINT('',(0.02843,-0.03357,0.016));
#6814=CARTESIAN_POINT('',(0.02843,-0.02707,0.016));
#6815=CARTESIAN_POINT('',(0.02793,-0.03357,0.016));
#6816=CARTESIAN_POINT('',(0.02793,-0.03357,0.013));
#6817=CARTESIAN_POINT('',(0.02793,-0.03407,0.013));
#6818=CARTESIAN_POINT('',(0.02793,-0.03407,0.016));
#6819=CARTESIAN_POINT('',(0.02793,-0.03407,0.016));
#6820=CARTESIAN_POINT('',(0.02793,-0.03357,0.016));
#6821=CARTESIAN_POINT('',(0.02143,-0.03407,0.016));
#6822=CARTESIAN_POINT('',(0.02143,-0.03407,0.013));
#6823=CARTESIAN_POINT('',(0.01493,-0.03407,0.013));
#6824=CARTESIAN_POINT('',(0.01493,-0.03407,0.016));
#6825=CARTESIAN_POINT('',(0.01493,-0.03407,0.016));
#6826=CARTESIAN_POINT('',(0.02143,-0.03407,0.016));
#6827=CARTESIAN_POINT('',(0.01493,-0.03357,0.016));
#6828=CARTESIAN_POINT('',(0.01493,-0.03357,0.013));
#6829=CARTESIAN_POINT('',(0.01443,-0.03357,0.013));
#6830=CARTESIAN_POINT('',(0.01443,-0.03357,0.016));
#6831=CARTESIAN_POINT('',(0.01443,-0.03357,0.016));
#6832=CARTESIAN_POINT('',(0.01493,-0.03357,0.016));
#6833=CARTESIAN_POINT('',(-0.00412,-0.02057,0.016));
#6834=CARTESIAN_POINT('',(-0.00412,-0.02057,0.013));
#6835=CARTESIAN_POINT('',(-0.00412,-0.02007,0.013));
#6836=CARTESIAN_POINT('',(-0.00462,-0.02057,0.013));
#6837=CARTESIAN_POINT('',(-0.00412,-0.02007,0.016));
#6838=CARTESIAN_POINT('',(-0.00412,-0.02007,0.016));
#6839=CARTESIAN_POINT('',(-0.00412,-0.02057,0.016));
#6840=CARTESIAN_POINT('',(-0.00462,-0.02057,0.016));
#6841=CARTESIAN_POINT('',(-0.00462,-0.02057,0.016));
#6842=CARTESIAN_POINT('',(0.00238,-0.02007,0.016));
#6843=CARTESIAN_POINT('',(0.00238,-0.02007,0.013));
#6844=CARTESIAN_POINT('',(0.00888,-0.02007,0.013));
#6845=CARTESIAN_POINT('',(0.00888,-0.02007,0.016));
#6846=CARTESIAN_POINT('',(0.00888,-0.02007,0.016));
#6847=CARTESIAN_POINT('',(0.00238,-0.02007,0.016));
#6848=CARTESIAN_POINT('',(0.00888,-0.02057,0.016));
#6849=CARTESIAN_POINT('',(0.00888,-0.02057,0.013));
#6850=CARTESIAN_POINT('',(0.00938,-0.02057,0.013));
#6851=CARTESIAN_POINT('',(0.00938,-0.02057,0.016));
#6852=CARTESIAN_POINT('',(0.00938,-0.02057,0.016));
#6853=CARTESIAN_POINT('',(0.00888,-0.02057,0.016));
#6854=CARTESIAN_POINT('',(0.00938,-0.02707,0.016));
#6855=CARTESIAN_POINT('',(0.00938,-0.02707,0.013));
#6856=CARTESIAN_POINT('',(0.00938,-0.03357,0.013));
#6857=CARTESIAN_POINT('',(0.00938,-0.03357,0.016));
#6858=CARTESIAN_POINT('',(0.00938,-0.03357,0.016));
#6859=CARTESIAN_POINT('',(0.00938,-0.02707,0.016));
#6860=CARTESIAN_POINT('',(0.00888,-0.03357,0.016));
#6861=CARTESIAN_POINT('',(0.00888,-0.03357,0.013));
#6862=CARTESIAN_POINT('',(0.00888,-0.03407,0.013));
#6863=CARTESIAN_POINT('',(0.00888,-0.03407,0.016));
#6864=CARTESIAN_POINT('',(0.00888,-0.03407,0.016));
#6865=CARTESIAN_POINT('',(0.00888,-0.03357,0.016));
#6866=CARTESIAN_POINT('',(0.00238,-0.03407,0.016));
#6867=CARTESIAN_POINT('',(0.00238,-0.03407,0.013));
#6868=CARTESIAN_POINT('',(-0.00412,-0.03407,0.013));
#6869=CARTESIAN_POINT('',(-0.00412,-0.03407,0.016));
#6870=CARTESIAN_POINT('',(-0.00412,-0.03407,0.016));
#6871=CARTESIAN_POINT('',(0.00238,-0.03407,0.016));
#6872=CARTESIAN_POINT('',(-0.00412,-0.03357,0.016));
#6873=CARTESIAN_POINT('',(-0.00412,-0.03357,0.013));
#6874=CARTESIAN_POINT('',(-0.00462,-0.03357,0.013));
#6875=CARTESIAN_POINT('',(-0.00462,-0.03357,0.016));
#6876=CARTESIAN_POINT('',(-0.00462,-0.03357,0.016));
#6877=CARTESIAN_POINT('',(-0.00412,-0.03357,0.016));
#6878=CARTESIAN_POINT('',(-0.02317,-0.02057,0.016));
#6879=CARTESIAN_POINT('',(-0.02317,-0.02057,0.013));
#6880=CARTESIAN_POINT('',(-0.02317,-0.02007,0.013));
#6881=CARTESIAN_POINT('',(-0.02367,-0.02057,0.013));
#6882=CARTESIAN_POINT('',(-0.02317,-0.02007,0.016));
#6883=CARTESIAN_POINT('',(-0.02317,-0.02007,0.016));
#6884=CARTESIAN_POINT('',(-0.02317,-0.02057,0.016));
#6885=CARTESIAN_POINT('',(-0.02367,-0.02057,0.016));
#6886=CARTESIAN_POINT('',(-0.02367,-0.02057,0.016));
#6887=CARTESIAN_POINT('',(-0.01667,-0.02007,0.016));
#6888=CARTESIAN_POINT('',(-0.01667,-0.02007,0.013));
#6889=CARTESIAN_POINT('',(-0.01017,-0.02007,0.013));
#6890=CARTESIAN_POINT('',(-0.01017,-0.02007,0.016));
#6891=CARTESIAN_POINT('',(-0.01017,-0.02007,0.016));
#6892=CARTESIAN_POINT('',(-0.01667,-0.02007,0.016));
#6893=CARTESIAN_POINT('',(-0.01017,-0.02057,0.016));
#6894=CARTESIAN_POINT('',(-0.01017,-0.02057,0.013));
#6895=CARTESIAN_POINT('',(-0.00967,-0.02057,0.013));
#6896=CARTESIAN_POINT('',(-0.00967,-0.02057,0.016));
#6897=CARTESIAN_POINT('',(-0.00967,-0.02057,0.016));
#6898=CARTESIAN_POINT('',(-0.01017,-0.02057,0.016));
#6899=CARTESIAN_POINT('',(-0.00967,-0.02707,0.016));
#6900=CARTESIAN_POINT('',(-0.00967,-0.02707,0.013));
#6901=CARTESIAN_POINT('',(-0.00967,-0.03357,0.013));
#6902=CARTESIAN_POINT('',(-0.00967,-0.03357,0.016));
#6903=CARTESIAN_POINT('',(-0.00967,-0.03357,0.016));
#6904=CARTESIAN_POINT('',(-0.00967,-0.02707,0.016));
#6905=CARTESIAN_POINT('',(-0.01017,-0.03357,0.016));
#6906=CARTESIAN_POINT('',(-0.01017,-0.03357,0.013));
#6907=CARTESIAN_POINT('',(-0.01017,-0.03407,0.013));
#6908=CARTESIAN_POINT('',(-0.01017,-0.03407,0.016));
#6909=CARTESIAN_POINT('',(-0.01017,-0.03407,0.016));
#6910=CARTESIAN_POINT('',(-0.01017,-0.03357,0.016));
#6911=CARTESIAN_POINT('',(-0.01667,-0.03407,0.016));
#6912=CARTESIAN_POINT('',(-0.01667,-0.03407,0.013));
#6913=CARTESIAN_POINT('',(-0.02317,-0.03407,0.013));
#6914=CARTESIAN_POINT('',(-0.02317,-0.03407,0.016));
#6915=CARTESIAN_POINT('',(-0.02317,-0.03407,0.016));
#6916=CARTESIAN_POINT('',(-0.01667,-0.03407,0.016));
#6917=CARTESIAN_POINT('',(-0.02317,-0.03357,0.016));
#6918=CARTESIAN_POINT('',(-0.02317,-0.03357,0.013));
#6919=CARTESIAN_POINT('',(-0.02367,-0.03357,0.013));
#6920=CARTESIAN_POINT('',(-0.02367,-0.03357,0.016));
#6921=CARTESIAN_POINT('',(-0.02367,-0.03357,0.016));
#6922=CARTESIAN_POINT('',(-0.02317,-0.03357,0.016));
#6923=CARTESIAN_POINT('',(0.03398,-0.00152,0.016));
#6924=CARTESIAN_POINT('',(0.03398,-0.00152,0.013));
#6925=CARTESIAN_POINT('',(0.03398,-0.00102,0.013));
#6926=CARTESIAN_POINT('',(0.03348,-0.00152,0.013));
#6927=CARTESIAN_POINT('',(0.03398,-0.00102,0.016));
#6928=CARTESIAN_POINT('',(0.03398,-0.00102,0.016));
#6929=CARTESIAN_POINT('',(0.03398,-0.00152,0.016));
#6930=CARTESIAN_POINT('',(0.03348,-0.00152,0.016));
#6931=CARTESIAN_POINT('',(0.03348,-0.00152,0.016));
#6932=CARTESIAN_POINT('',(0.04048,-0.00102,0.016));
#6933=CARTESIAN_POINT('',(0.04048,-0.00102,0.013));
#6934=CARTESIAN_POINT('',(0.04698,-0.00102,0.013));
#6935=CARTESIAN_POINT('',(0.04698,-0.00102,0.016));
#6936=CARTESIAN_POINT('',(0.04698,-0.00102,0.016));
#6937=CARTESIAN_POINT('',(0.04048,-0.00102,0.016));
#6938=CARTESIAN_POINT('',(0.04698,-0.00152,0.016));
#6939=CARTESIAN_POINT('',(0.04698,-0.00152,0.013));
#6940=CARTESIAN_POINT('',(0.04748,-0.00152,0.013));
#6941=CARTESIAN_POINT('',(0.04748,-0.00152,0.016));
#6942=CARTESIAN_POINT('',(0.04748,-0.00152,0.016));
#6943=CARTESIAN_POINT('',(0.04698,-0.00152,0.016));
#6944=CARTESIAN_POINT('',(0.04748,-0.00802,0.016));
#6945=CARTESIAN_POINT('',(0.04748,-0.00802,0.013));
#6946=CARTESIAN_POINT('',(0.04748,-0.01452,0.013));
#6947=CARTESIAN_POINT('',(0.04748,-0.01452,0.016));
#6948=CARTESIAN_POINT('',(0.04748,-0.01452,0.016));
#6949=CARTESIAN_POINT('',(0.04748,-0.00802,0.016));
#6950=CARTESIAN_POINT('',(0.04698,-0.01452,0.016));
#6951=CARTESIAN_POINT('',(0.04698,-0.01452,0.013));
#6952=CARTESIAN_POINT('',(0.04698,-0.01502,0.013));
#6953=CARTESIAN_POINT('',(0.04698,-0.01502,0.016));
#6954=CARTESIAN_POINT('',(0.04698,-0.01502,0.016));
#6955=CARTESIAN_POINT('',(0.04698,-0.01452,0.016));
#6956=CARTESIAN_POINT('',(0.04048,-0.01502,0.016));
#6957=CARTESIAN_POINT('',(0.04048,-0.01502,0.013));
#6958=CARTESIAN_POINT('',(0.03398,-0.01502,0.013));
#6959=CARTESIAN_POINT('',(0.03398,-0.01502,0.016));
#6960=CARTESIAN_POINT('',(0.03398,-0.01502,0.016));
#6961=CARTESIAN_POINT('',(0.04048,-0.01502,0.016));
#6962=CARTESIAN_POINT('',(0.03398,-0.01452,0.016));
#6963=CARTESIAN_POINT('',(0.03398,-0.01452,0.013));
#6964=CARTESIAN_POINT('',(0.03348,-0.01452,0.013));
#6965=CARTESIAN_POINT('',(0.03348,-0.01452,0.016));
#6966=CARTESIAN_POINT('',(0.03348,-0.01452,0.016));
#6967=CARTESIAN_POINT('',(0.03398,-0.01452,0.016));
#6968=CARTESIAN_POINT('',(0.01493,-0.00152,0.016));
#6969=CARTESIAN_POINT('',(0.01493,-0.00152,0.013));
#6970=CARTESIAN_POINT('',(0.01493,-0.00102,0.013));
#6971=CARTESIAN_POINT('',(0.01443,-0.00152,0.013));
#6972=CARTESIAN_POINT('',(0.01493,-0.00102,0.016));
#6973=CARTESIAN_POINT('',(0.01493,-0.00102,0.016));
#6974=CARTESIAN_POINT('',(0.01493,-0.00152,0.016));
#6975=CARTESIAN_POINT('',(0.01443,-0.00152,0.016));
#6976=CARTESIAN_POINT('',(0.01443,-0.00152,0.016));
#6977=CARTESIAN_POINT('',(0.02143,-0.00102,0.016));
#6978=CARTESIAN_POINT('',(0.02143,-0.00102,0.013));
#6979=CARTESIAN_POINT('',(0.02793,-0.00102,0.013));
#6980=CARTESIAN_POINT('',(0.02793,-0.00102,0.016));
#6981=CARTESIAN_POINT('',(0.02793,-0.00102,0.016));
#6982=CARTESIAN_POINT('',(0.02143,-0.00102,0.016));
#6983=CARTESIAN_POINT('',(0.02793,-0.00152,0.016));
#6984=CARTESIAN_POINT('',(0.02793,-0.00152,0.013));
#6985=CARTESIAN_POINT('',(0.02843,-0.00152,0.013));
#6986=CARTESIAN_POINT('',(0.02843,-0.00152,0.016));
#6987=CARTESIAN_POINT('',(0.02843,-0.00152,0.016));
#6988=CARTESIAN_POINT('',(0.02793,-0.00152,0.016));
#6989=CARTESIAN_POINT('',(0.02843,-0.00802,0.016));
#6990=CARTESIAN_POINT('',(0.02843,-0.00802,0.013));
#6991=CARTESIAN_POINT('',(0.02843,-0.01452,0.013));
#6992=CARTESIAN_POINT('',(0.02843,-0.01452,0.016));
#6993=CARTESIAN_POINT('',(0.02843,-0.01452,0.016));
#6994=CARTESIAN_POINT('',(0.02843,-0.00802,0.016));
#6995=CARTESIAN_POINT('',(0.02793,-0.01452,0.016));
#6996=CARTESIAN_POINT('',(0.02793,-0.01452,0.013));
#6997=CARTESIAN_POINT('',(0.02793,-0.01502,0.013));
#6998=CARTESIAN_POINT('',(0.02793,-0.01502,0.016));
#6999=CARTESIAN_POINT('',(0.02793,-0.01502,0.016));
#7000=CARTESIAN_POINT('',(0.02793,-0.01452,0.016));
#7001=CARTESIAN_POINT('',(0.02143,-0.01502,0.016));
#7002=CARTESIAN_POINT('',(0.02143,-0.01502,0.013));
#7003=CARTESIAN_POINT('',(0.01493,-0.01502,0.013));
#7004=CARTESIAN_POINT('',(0.01493,-0.01502,0.016));
#7005=CARTESIAN_POINT('',(0.01493,-0.01502,0.016));
#7006=CARTESIAN_POINT('',(0.02143,-0.01502,0.016));
#7007=CARTESIAN_POINT('',(0.01493,-0.01452,0.016));
#7008=CARTESIAN_POINT('',(0.01493,-0.01452,0.013));
#7009=CARTESIAN_POINT('',(0.01443,-0.01452,0.013));
#7010=CARTESIAN_POINT('',(0.01443,-0.01452,0.016));
#7011=CARTESIAN_POINT('',(0.01443,-0.01452,0.016));
#7012=CARTESIAN_POINT('',(0.01493,-0.01452,0.016));
#7013=CARTESIAN_POINT('',(-0.00412,-0.00152,0.016));
#7014=CARTESIAN_POINT('',(-0.00412,-0.00152,0.013));
#7015=CARTESIAN_POINT('',(-0.00412,-0.00102,0.013));
#7016=CARTESIAN_POINT('',(-0.00462,-0.00152,0.013));
#7017=CARTESIAN_POINT('',(-0.00412,-0.00102,0.016));
#7018=CARTESIAN_POINT('',(-0.00412,-0.00102,0.016));
#7019=CARTESIAN_POINT('',(-0.00412,-0.00152,0.016));
#7020=CARTESIAN_POINT('',(-0.00462,-0.00152,0.016));
#7021=CARTESIAN_POINT('',(-0.00462,-0.00152,0.016));
#7022=CARTESIAN_POINT('',(0.00238,-0.00102,0.016));
#7023=CARTESIAN_POINT('',(0.00238,-0.00102,0.013));
#7024=CARTESIAN_POINT('',(0.00888,-0.00102,0.013));
#7025=CARTESIAN_POINT('',(0.00888,-0.00102,0.016));
#7026=CARTESIAN_POINT('',(0.00888,-0.00102,0.016));
#7027=CARTESIAN_POINT('',(0.00238,-0.00102,0.016));
#7028=CARTESIAN_POINT('',(0.00888,-0.00152,0.016));
#7029=CARTESIAN_POINT('',(0.00888,-0.00152,0.013));
#7030=CARTESIAN_POINT('',(0.00938,-0.00152,0.013));
#7031=CARTESIAN_POINT('',(0.00938,-0.00152,0.016));
#7032=CARTESIAN_POINT('',(0.00938,-0.00152,0.016));
#7033=CARTESIAN_POINT('',(0.00888,-0.00152,0.016));
#7034=CARTESIAN_POINT('',(0.00938,-0.00802,0.016));
#7035=CARTESIAN_POINT('',(0.00938,-0.00802,0.013));
#7036=CARTESIAN_POINT('',(0.00938,-0.01452,0.013));
#7037=CARTESIAN_POINT('',(0.00938,-0.01452,0.016));
#7038=CARTESIAN_POINT('',(0.00938,-0.01452,0.016));
#7039=CARTESIAN_POINT('',(0.00938,-0.00802,0.016));
#7040=CARTESIAN_POINT('',(0.00888,-0.01452,0.016));
#7041=CARTESIAN_POINT('',(0.00888,-0.01452,0.013));
#7042=CARTESIAN_POINT('',(0.00888,-0.01502,0.013));
#7043=CARTESIAN_POINT('',(0.00888,-0.01502,0.016));
#7044=CARTESIAN_POINT('',(0.00888,-0.01502,0.016));
#7045=CARTESIAN_POINT('',(0.00888,-0.01452,0.016));
#7046=CARTESIAN_POINT('',(0.00238,-0.01502,0.016));
#7047=CARTESIAN_POINT('',(0.00238,-0.01502,0.013));
#7048=CARTESIAN_POINT('',(-0.00412,-0.01502,0.013));
#7049=CARTESIAN_POINT('',(-0.00412,-0.01502,0.016));
#7050=CARTESIAN_POINT('',(-0.00412,-0.01502,0.016));
#7051=CARTESIAN_POINT('',(0.00238,-0.01502,0.016));
#7052=CARTESIAN_POINT('',(-0.00412,-0.01452,0.016));
#7053=CARTESIAN_POINT('',(-0.00412,-0.01452,0.013));
#7054=CARTESIAN_POINT('',(-0.00462,-0.01452,0.013));
#7055=CARTESIAN_POINT('',(-0.00462,-0.01452,0.016));
#7056=CARTESIAN_POINT('',(-0.00462,-0.01452,0.016));
#7057=CARTESIAN_POINT('',(-0.00412,-0.01452,0.016));
#7058=CARTESIAN_POINT('',(-0.02317,-0.00152,0.016));
#7059=CARTESIAN_POINT('',(-0.02317,-0.00152,0.013));
#7060=CARTESIAN_POINT('',(-0.02317,-0.00102,0.013));
#7061=CARTESIAN_POINT('',(-0.02367,-0.00152,0.013));
#7062=CARTESIAN_POINT('',(-0.02317,-0.00102,0.016));
#7063=CARTESIAN_POINT('',(-0.02317,-0.00102,0.016));
#7064=CARTESIAN_POINT('',(-0.02317,-0.00152,0.016));
#7065=CARTESIAN_POINT('',(-0.02367,-0.00152,0.016));
#7066=CARTESIAN_POINT('',(-0.02367,-0.00152,0.016));
#7067=CARTESIAN_POINT('',(-0.01667,-0.00102,0.016));
#7068=CARTESIAN_POINT('',(-0.01667,-0.00102,0.013));
#7069=CARTESIAN_POINT('',(-0.01017,-0.00102,0.013));
#7070=CARTESIAN_POINT('',(-0.01017,-0.00102,0.016));
#7071=CARTESIAN_POINT('',(-0.01017,-0.00102,0.016));
#7072=CARTESIAN_POINT('',(-0.01667,-0.00102,0.016));
#7073=CARTESIAN_POINT('',(-0.01017,-0.00152,0.016));
#7074=CARTESIAN_POINT('',(-0.01017,-0.00152,0.013));
#7075=CARTESIAN_POINT('',(-0.00967,-0.00152,0.013));
#7076=CARTESIAN_POINT('',(-0.00967,-0.00152,0.016));
#7077=CARTESIAN_POINT('',(-0.00967,-0.00152,0.016));
#7078=CARTESIAN_POINT('',(-0.01017,-0.00152,0.016));
#7079=CARTESIAN_POINT('',(-0.00967,-0.00802,0.016));
#7080=CARTESIAN_POINT('',(-0.00967,-0.00802,0.013));
#7081=CARTESIAN_POINT('',(-0.00967,-0.01452,0.013));
#7082=CARTESIAN_POINT('',(-0.00967,-0.01452,0.016));
#7083=CARTESIAN_POINT('',(-0.00967,-0.01452,0.016));
#7084=CARTESIAN_POINT('',(-0.00967,-0.00802,0.016));
#7085=CARTESIAN_POINT('',(-0.01017,-0.01452,0.016));
#7086=CARTESIAN_POINT('',(-0.01017,-0.01452,0.013));
#7087=CARTESIAN_POINT('',(-0.01017,-0.01502,0.013));
#7088=CARTESIAN_POINT('',(-0.01017,-0.01502,0.016));
#7089=CARTESIAN_POINT('',(-0.01017,-0.01502,0.016));
#7090=CARTESIAN_POINT('',(-0.01017,-0.01452,0.016));
#7091=CARTESIAN_POINT('',(-0.01667,-0.01502,0.016));
#7092=CARTESIAN_POINT('',(-0.01667,-0.01502,0.013));
#7093=CARTESIAN_POINT('',(-0.02317,-0.01502,0.013));
#7094=CARTESIAN_POINT('',(-0.02317,-0.01502,0.016));
#7095=CARTESIAN_POINT('',(-0.02317,-0.01502,0.016));
#7096=CARTESIAN_POINT('',(-0.01667,-0.01502,0.016));
#7097=CARTESIAN_POINT('',(-0.02317,-0.01452,0.016));
#7098=CARTESIAN_POINT('',(-0.02317,-0.01452,0.013));
#7099=CARTESIAN_POINT('',(-0.02367,-0.01452,0.013));
#7100=CARTESIAN_POINT('',(-0.02367,-0.01452,0.016));
#7101=CARTESIAN_POINT('',(-0.02367,-0.01452,0.016));
#7102=CARTESIAN_POINT('',(-0.02317,-0.01452,0.016));
#7103=CARTESIAN_POINT('',(0.03398,0.01753,0.016));
#7104=CARTESIAN_POINT('',(0.03398,0.01753,0.013));
#7105=CARTESIAN_POINT('',(0.03398,0.01803,0.013));
#7106=CARTESIAN_POINT('',(0.03348,0.01753,0.013));
#7107=CARTESIAN_POINT('',(0.03398,0.01803,0.016));
#7108=CARTESIAN_POINT('',(0.03398,0.01803,0.016));
#7109=CARTESIAN_POINT('',(0.03398,0.01753,0.016));
#7110=CARTESIAN_POINT('',(0.03348,0.01753,0.016));
#7111=CARTESIAN_POINT('',(0.03348,0.01753,0.016));
#7112=CARTESIAN_POINT('',(0.04048,0.01803,0.016));
#7113=CARTESIAN_POINT('',(0.04048,0.01803,0.013));
#7114=CARTESIAN_POINT('',(0.04698,0.01803,0.013));
#7115=CARTESIAN_POINT('',(0.04698,0.01803,0.016));
#7116=CARTESIAN_POINT('',(0.04698,0.01803,0.016));
#7117=CARTESIAN_POINT('',(0.04048,0.01803,0.016));
#7118=CARTESIAN_POINT('',(0.04698,0.01753,0.016));
#7119=CARTESIAN_POINT('',(0.04698,0.01753,0.013));
#7120=CARTESIAN_POINT('',(0.04748,0.01753,0.013));
#7121=CARTESIAN_POINT('',(0.04748,0.01753,0.016));
#7122=CARTESIAN_POINT('',(0.04748,0.01753,0.016));
#7123=CARTESIAN_POINT('',(0.04698,0.01753,0.016));
#7124=CARTESIAN_POINT('',(0.04748,0.01103,0.016));
#7125=CARTESIAN_POINT('',(0.04748,0.01103,0.013));
#7126=CARTESIAN_POINT('',(0.04748,0.00453,0.013));
#7127=CARTESIAN_POINT('',(0.04748,0.00453,0.016));
#7128=CARTESIAN_POINT('',(0.04748,0.00453,0.016));
#7129=CARTESIAN_POINT('',(0.04748,0.01103,0.016));
#7130=CARTESIAN_POINT('',(0.04698,0.00453,0.016));
#7131=CARTESIAN_POINT('',(0.04698,0.00453,0.013));
#7132=CARTESIAN_POINT('',(0.04698,0.00403,0.013));
#7133=CARTESIAN_POINT('',(0.04698,0.00403,0.016));
#7134=CARTESIAN_POINT('',(0.04698,0.00403,0.016));
#7135=CARTESIAN_POINT('',(0.04698,0.00453,0.016));
#7136=CARTESIAN_POINT('',(0.04048,0.00403,0.016));
#7137=CARTESIAN_POINT('',(0.04048,0.00403,0.013));
#7138=CARTESIAN_POINT('',(0.03398,0.00403,0.013));
#7139=CARTESIAN_POINT('',(0.03398,0.00403,0.016));
#7140=CARTESIAN_POINT('',(0.03398,0.00403,0.016));
#7141=CARTESIAN_POINT('',(0.04048,0.00403,0.016));
#7142=CARTESIAN_POINT('',(0.03398,0.00453,0.016));
#7143=CARTESIAN_POINT('',(0.03398,0.00453,0.013));
#7144=CARTESIAN_POINT('',(0.03348,0.00453,0.013));
#7145=CARTESIAN_POINT('',(0.03348,0.00453,0.016));
#7146=CARTESIAN_POINT('',(0.03348,0.00453,0.016));
#7147=CARTESIAN_POINT('',(0.03398,0.00453,0.016));
#7148=CARTESIAN_POINT('',(0.01493,0.01753,0.016));
#7149=CARTESIAN_POINT('',(0.01493,0.01753,0.013));
#7150=CARTESIAN_POINT('',(0.01493,0.01803,0.013));
#7151=CARTESIAN_POINT('',(0.01443,0.01753,0.013));
#7152=CARTESIAN_POINT('',(0.01493,0.01803,0.016));
#7153=CARTESIAN_POINT('',(0.01493,0.01803,0.016));
#7154=CARTESIAN_POINT('',(0.01493,0.01753,0.016));
#7155=CARTESIAN_POINT('',(0.01443,0.01753,0.016));
#7156=CARTESIAN_POINT('',(0.01443,0.01753,0.016));
#7157=CARTESIAN_POINT('',(0.02143,0.01803,0.016));
#7158=CARTESIAN_POINT('',(0.02143,0.01803,0.013));
#7159=CARTESIAN_POINT('',(0.02793,0.01803,0.013));
#7160=CARTESIAN_POINT('',(0.02793,0.01803,0.016));
#7161=CARTESIAN_POINT('',(0.02793,0.01803,0.016));
#7162=CARTESIAN_POINT('',(0.02143,0.01803,0.016));
#7163=CARTESIAN_POINT('',(0.02793,0.01753,0.016));
#7164=CARTESIAN_POINT('',(0.02793,0.01753,0.013));
#7165=CARTESIAN_POINT('',(0.02843,0.01753,0.013));
#7166=CARTESIAN_POINT('',(0.02843,0.01753,0.016));
#7167=CARTESIAN_POINT('',(0.02843,0.01753,0.016));
#7168=CARTESIAN_POINT('',(0.02793,0.01753,0.016));
#7169=CARTESIAN_POINT('',(0.02843,0.01103,0.016));
#7170=CARTESIAN_POINT('',(0.02843,0.01103,0.013));
#7171=CARTESIAN_POINT('',(0.02843,0.00453,0.013));
#7172=CARTESIAN_POINT('',(0.02843,0.00453,0.016));
#7173=CARTESIAN_POINT('',(0.02843,0.00453,0.016));
#7174=CARTESIAN_POINT('',(0.02843,0.01103,0.016));
#7175=CARTESIAN_POINT('',(0.02793,0.00453,0.016));
#7176=CARTESIAN_POINT('',(0.02793,0.00453,0.013));
#7177=CARTESIAN_POINT('',(0.02793,0.00403,0.013));
#7178=CARTESIAN_POINT('',(0.02793,0.00403,0.016));
#7179=CARTESIAN_POINT('',(0.02793,0.00403,0.016));
#7180=CARTESIAN_POINT('',(0.02793,0.00453,0.016));
#7181=CARTESIAN_POINT('',(0.02143,0.00403,0.016));
#7182=CARTESIAN_POINT('',(0.02143,0.00403,0.013));
#7183=CARTESIAN_POINT('',(0.01493,0.00403,0.013));
#7184=CARTESIAN_POINT('',(0.01493,0.00403,0.016));
#7185=CARTESIAN_POINT('',(0.01493,0.00403,0.016));
#7186=CARTESIAN_POINT('',(0.02143,0.00403,0.016));
#7187=CARTESIAN_POINT('',(0.01493,0.00453,0.016));
#7188=CARTESIAN_POINT('',(0.01493,0.00453,0.013));
#7189=CARTESIAN_POINT('',(0.01443,0.00453,0.013));
#7190=CARTESIAN_POINT('',(0.01443,0.00453,0.016));
#7191=CARTESIAN_POINT('',(0.01443,0.00453,0.016));
#7192=CARTESIAN_POINT('',(0.01493,0.00453,0.016));
#7193=CARTESIAN_POINT('',(-0.00412,0.01753,0.016));
#7194=CARTESIAN_POINT('',(-0.00412,0.01753,0.013));
#7195=CARTESIAN_POINT('',(-0.00412,0.01803,0.013));
#7196=CARTESIAN_POINT('',(-0.00462,0.01753,0.013));
#7197=CARTESIAN_POINT('',(-0.00412,0.01803,0.016));
#7198=CARTESIAN_POINT('',(-0.00412,0.01803,0.016));
#7199=CARTESIAN_POINT('',(-0.00412,0.01753,0.016));
#7200=CARTESIAN_POINT('',(-0.00462,0.01753,0.016));
#7201=CARTESIAN_POINT('',(-0.00462,0.01753,0.016));
#7202=CARTESIAN_POINT('',(0.00238,0.01803,0.016));
#7203=CARTESIAN_POINT('',(0.00238,0.01803,0.013));
#7204=CARTESIAN_POINT('',(0.00888,0.01803,0.013));
#7205=CARTESIAN_POINT('',(0.00888,0.01803,0.016));
#7206=CARTESIAN_POINT('',(0.00888,0.01803,0.016));
#7207=CARTESIAN_POINT('',(0.00238,0.01803,0.016));
#7208=CARTESIAN_POINT('',(0.00888,0.01753,0.016));
#7209=CARTESIAN_POINT('',(0.00888,0.01753,0.013));
#7210=CARTESIAN_POINT('',(0.00938,0.01753,0.013));
#7211=CARTESIAN_POINT('',(0.00938,0.01753,0.016));
#7212=CARTESIAN_POINT('',(0.00938,0.01753,0.016));
#7213=CARTESIAN_POINT('',(0.00888,0.01753,0.016));
#7214=CARTESIAN_POINT('',(0.00938,0.01103,0.016));
#7215=CARTESIAN_POINT('',(0.00938,0.01103,0.013));
#7216=CARTESIAN_POINT('',(0.00938,0.00453,0.013));
#7217=CARTESIAN_POINT('',(0.00938,0.00453,0.016));
#7218=CARTESIAN_POINT('',(0.00938,0.00453,0.016));
#7219=CARTESIAN_POINT('',(0.00938,0.01103,0.016));
#7220=CARTESIAN_POINT('',(0.00888,0.00453,0.016));
#7221=CARTESIAN_POINT('',(0.00888,0.00453,0.013));
#7222=CARTESIAN_POINT('',(0.00888,0.00403,0.013));
#7223=CARTESIAN_POINT('',(0.00888,0.00403,0.016));
#7224=CARTESIAN_POINT('',(0.00888,0.00403,0.016));
#7225=CARTESIAN_POINT('',(0.00888,0.00453,0.016));
#7226=CARTESIAN_POINT('',(0.00238,0.00403,0.016));
#7227=CARTESIAN_POINT('',(0.00238,0.00403,0.013));
#7228=CARTESIAN_POINT('',(-0.00412,0.00403,0.013));
#7229=CARTESIAN_POINT('',(-0.00412,0.00403,0.016));
#7230=CARTESIAN_POINT('',(-0.00412,0.00403,0.016));
#7231=CARTESIAN_POINT('',(0.00238,0.00403,0.016));
#7232=CARTESIAN_POINT('',(-0.00412,0.00453,0.016));
#7233=CARTESIAN_POINT('',(-0.00412,0.00453,0.013));
#7234=CARTESIAN_POINT('',(-0.00462,0.00453,0.013));
#7235=CARTESIAN_POINT('',(-0.00462,0.00453,0.016));
#7236=CARTESIAN_POINT('',(-0.00462,0.00453,0.016));
#7237=CARTESIAN_POINT('',(-0.00412,0.00453,0.016));
#7238=CARTESIAN_POINT('',(-0.02317,0.01753,0.016));
#7239=CARTESIAN_POINT('',(-0.02317,0.01753,0.013));
#7240=CARTESIAN_POINT('',(-0.02317,0.01803,0.013));
#7241=CARTESIAN_POINT('',(-0.02367,0.01753,0.013));
#7242=CARTESIAN_POINT('',(-0.02317,0.01803,0.016));
#7243=CARTESIAN_POINT('',(-0.02317,0.01803,0.016));
#7244=CARTESIAN_POINT('',(-0.02317,0.01753,0.016));
#7245=CARTESIAN_POINT('',(-0.02367,0.01753,0.016));
#7246=CARTESIAN_POINT('',(-0.02367,0.01753,0.016));
#7247=CARTESIAN_POINT('',(-0.01667,0.01803,0.016));
#7248=CARTESIAN_POINT('',(-0.01667,0.01803,0.013));
#7249=CARTESIAN_POINT('',(-0.01017,0.01803,0.013));
#7250=CARTESIAN_POINT('',(-0.01017,0.01803,0.016));
#7251=CARTESIAN_POINT('',(-0.01017,0.01803,0.016));
#7252=CARTESIAN_POINT('',(-0.01667,0.01803,0.016));
#7253=CARTESIAN_POINT('',(-0.01017,0.01753,0.016));
#7254=CARTESIAN_POINT('',(-0.01017,0.01753,0.013));
#7255=CARTESIAN_POINT('',(-0.00967,0.01753,0.013));
#7256=CARTESIAN_POINT('',(-0.00967,0.01753,0.016));
#7257=CARTESIAN_POINT('',(-0.00967,0.01753,0.016));
#7258=CARTESIAN_POINT('',(-0.01017,0.01753,0.016));
#7259=CARTESIAN_POINT('',(-0.00967,0.01103,0.016));
#7260=CARTESIAN_POINT('',(-0.00967,0.01103,0.013));
#7261=CARTESIAN_POINT('',(-0.00967,0.00453,0.013));
#7262=CARTESIAN_POINT('',(-0.00967,0.00453,0.016));
#7263=CARTESIAN_POINT('',(-0.00967,0.00453,0.016));
#7264=CARTESIAN_POINT('',(-0.00967,0.01103,0.016));
#7265=CARTESIAN_POINT('',(-0.01017,0.00453,0.016));
#7266=CARTESIAN_POINT('',(-0.01017,0.00453,0.013));
#7267=CARTESIAN_POINT('',(-0.01017,0.00403,0.013));
#7268=CARTESIAN_POINT('',(-0.01017,0.00403,0.016));
#7269=CARTESIAN_POINT('',(-0.01017,0.00403,0.016));
#7270=CARTESIAN_POINT('',(-0.01017,0.00453,0.016));
#7271=CARTESIAN_POINT('',(-0.01667,0.00403,0.016));
#7272=CARTESIAN_POINT('',(-0.01667,0.00403,0.013));
#7273=CARTESIAN_POINT('',(-0.02317,0.00403,0.013));
#7274=CARTESIAN_POINT('',(-0.02317,0.00403,0.016));
#7275=CARTESIAN_POINT('',(-0.02317,0.00403,0.016));
#7276=CARTESIAN_POINT('',(-0.01667,0.00403,0.016));
#7277=CARTESIAN_POINT('',(-0.02317,0.00453,0.016));
#7278=CARTESIAN_POINT('',(-0.02317,0.00453,0.013));
#7279=CARTESIAN_POINT('',(-0.02367,0.00453,0.013));
#7280=CARTESIAN_POINT('',(-0.02367,0.00453,0.016));
#7281=CARTESIAN_POINT('',(-0.02367,0.00453,0.016));
#7282=CARTESIAN_POINT('',(-0.02317,0.00453,0.016));
#7283=CARTESIAN_POINT('',(0.03398,0.03658,0.016));
#7284=CARTESIAN_POINT('',(0.03398,0.03658,0.013));
#7285=CARTESIAN_POINT('',(0.03398,0.03708,0.013));
#7286=CARTESIAN_POINT('',(0.03348,0.03658,0.013));
#7287=CARTESIAN_POINT('',(0.03398,0.03708,0.016));
#7288=CARTESIAN_POINT('',(0.03398,0.03708,0.016));
#7289=CARTESIAN_POINT('',(0.03398,0.03658,0.016));
#7290=CARTESIAN_POINT('',(0.03348,0.03658,0.016));
#7291=CARTESIAN_POINT('',(0.03348,0.03658,0.016));
#7292=CARTESIAN_POINT('',(0.04048,0.03708,0.016));
#7293=CARTESIAN_POINT('',(0.04048,0.03708,0.013));
#7294=CARTESIAN_POINT('',(0.04698,0.03708,0.013));
#7295=CARTESIAN_POINT('',(0.04698,0.03708,0.016));
#7296=CARTESIAN_POINT('',(0.04698,0.03708,0.016));
#7297=CARTESIAN_POINT('',(0.04048,0.03708,0.016));
#7298=CARTESIAN_POINT('',(0.04698,0.03658,0.016));
#7299=CARTESIAN_POINT('',(0.04698,0.03658,0.013));
#7300=CARTESIAN_POINT('',(0.04748,0.03658,0.013));
#7301=CARTESIAN_POINT('',(0.04748,0.03658,0.016));
#7302=CARTESIAN_POINT('',(0.04748,0.03658,0.016));
#7303=CARTESIAN_POINT('',(0.04698,0.03658,0.016));
#7304=CARTESIAN_POINT('',(0.04748,0.03008,0.016));
#7305=CARTESIAN_POINT('',(0.04748,0.03008,0.013));
#7306=CARTESIAN_POINT('',(0.04748,0.02358,0.013));
#7307=CARTESIAN_POINT('',(0.04748,0.02358,0.016));
#7308=CARTESIAN_POINT('',(0.04748,0.02358,0.016));
#7309=CARTESIAN_POINT('',(0.04748,0.03008,0.016));
#7310=CARTESIAN_POINT('',(0.04698,0.02358,0.016));
#7311=CARTESIAN_POINT('',(0.04698,0.02358,0.013));
#7312=CARTESIAN_POINT('',(0.04698,0.02308,0.013));
#7313=CARTESIAN_POINT('',(0.04698,0.02308,0.016));
#7314=CARTESIAN_POINT('',(0.04698,0.02308,0.016));
#7315=CARTESIAN_POINT('',(0.04698,0.02358,0.016));
#7316=CARTESIAN_POINT('',(0.04048,0.02308,0.016));
#7317=CARTESIAN_POINT('',(0.04048,0.02308,0.013));
#7318=CARTESIAN_POINT('',(0.03398,0.02308,0.013));
#7319=CARTESIAN_POINT('',(0.03398,0.02308,0.016));
#7320=CARTESIAN_POINT('',(0.03398,0.02308,0.016));
#7321=CARTESIAN_POINT('',(0.04048,0.02308,0.016));
#7322=CARTESIAN_POINT('',(0.03398,0.02358,0.016));
#7323=CARTESIAN_POINT('',(0.03398,0.02358,0.013));
#7324=CARTESIAN_POINT('',(0.03348,0.02358,0.013));
#7325=CARTESIAN_POINT('',(0.03348,0.02358,0.016));
#7326=CARTESIAN_POINT('',(0.03348,0.02358,0.016));
#7327=CARTESIAN_POINT('',(0.03398,0.02358,0.016));
#7328=CARTESIAN_POINT('',(0.01493,0.03658,0.016));
#7329=CARTESIAN_POINT('',(0.01493,0.03658,0.013));
#7330=CARTESIAN_POINT('',(0.01493,0.03708,0.013));
#7331=CARTESIAN_POINT('',(0.01443,0.03658,0.013));
#7332=CARTESIAN_POINT('',(0.01493,0.03708,0.016));
#7333=CARTESIAN_POINT('',(0.01493,0.03708,0.016));
#7334=CARTESIAN_POINT('',(0.01493,0.03658,0.016));
#7335=CARTESIAN_POINT('',(0.01443,0.03658,0.016));
#7336=CARTESIAN_POINT('',(0.01443,0.03658,0.016));
#7337=CARTESIAN_POINT('',(0.02143,0.03708,0.016));
#7338=CARTESIAN_POINT('',(0.02143,0.03708,0.013));
#7339=CARTESIAN_POINT('',(0.02793,0.03708,0.013));
#7340=CARTESIAN_POINT('',(0.02793,0.03708,0.016));
#7341=CARTESIAN_POINT('',(0.02793,0.03708,0.016));
#7342=CARTESIAN_POINT('',(0.02143,0.03708,0.016));
#7343=CARTESIAN_POINT('',(0.02793,0.03658,0.016));
#7344=CARTESIAN_POINT('',(0.02793,0.03658,0.013));
#7345=CARTESIAN_POINT('',(0.02843,0.03658,0.013));
#7346=CARTESIAN_POINT('',(0.02843,0.03658,0.016));
#7347=CARTESIAN_POINT('',(0.02843,0.03658,0.016));
#7348=CARTESIAN_POINT('',(0.02793,0.03658,0.016));
#7349=CARTESIAN_POINT('',(0.02843,0.03008,0.016));
#7350=CARTESIAN_POINT('',(0.02843,0.03008,0.013));
#7351=CARTESIAN_POINT('',(0.02843,0.02358,0.013));
#7352=CARTESIAN_POINT('',(0.02843,0.02358,0.016));
#7353=CARTESIAN_POINT('',(0.02843,0.02358,0.016));
#7354=CARTESIAN_POINT('',(0.02843,0.03008,0.016));
#7355=CARTESIAN_POINT('',(0.02793,0.02358,0.016));
#7356=CARTESIAN_POINT('',(0.02793,0.02358,0.013));
#7357=CARTESIAN_POINT('',(0.02793,0.02308,0.013));
#7358=CARTESIAN_POINT('',(0.02793,0.02308,0.016));
#7359=CARTESIAN_POINT('',(0.02793,0.02308,0.016));
#7360=CARTESIAN_POINT('',(0.02793,0.02358,0.016));
#7361=CARTESIAN_POINT('',(0.02143,0.02308,0.016));
#7362=CARTESIAN_POINT('',(0.02143,0.02308,0.013));
#7363=CARTESIAN_POINT('',(0.01493,0.02308,0.013));
#7364=CARTESIAN_POINT('',(0.01493,0.02308,0.016));
#7365=CARTESIAN_POINT('',(0.01493,0.02308,0.016));
#7366=CARTESIAN_POINT('',(0.02143,0.02308,0.016));
#7367=CARTESIAN_POINT('',(0.01493,0.02358,0.016));
#7368=CARTESIAN_POINT('',(0.01493,0.02358,0.013));
#7369=CARTESIAN_POINT('',(0.01443,0.02358,0.013));
#7370=CARTESIAN_POINT('',(0.01443,0.02358,0.016));
#7371=CARTESIAN_POINT('',(0.01443,0.02358,0.016));
#7372=CARTESIAN_POINT('',(0.01493,0.02358,0.016));
#7373=CARTESIAN_POINT('',(-0.00412,0.03658,0.016));
#7374=CARTESIAN_POINT('',(-0.00412,0.03658,0.013));
#7375=CARTESIAN_POINT('',(-0.00412,0.03708,0.013));
#7376=CARTESIAN_POINT('',(-0.00462,0.03658,0.013));
#7377=CARTESIAN_POINT('',(-0.00412,0.03708,0.016));
#7378=CARTESIAN_POINT('',(-0.00412,0.03708,0.016));
#7379=CARTESIAN_POINT('',(-0.00412,0.03658,0.016));
#7380=CARTESIAN_POINT('',(-0.00462,0.03658,0.016));
#7381=CARTESIAN_POINT('',(-0.00462,0.03658,0.016));
#7382=CARTESIAN_POINT('',(0.00238,0.03708,0.016));
#7383=CARTESIAN_POINT('',(0.00238,0.03708,0.013));
#7384=CARTESIAN_POINT('',(0.00888,0.03708,0.013));
#7385=CARTESIAN_POINT('',(0.00888,0.03708,0.016));
#7386=CARTESIAN_POINT('',(0.00888,0.03708,0.016));
#7387=CARTESIAN_POINT('',(0.00238,0.03708,0.016));
#7388=CARTESIAN_POINT('',(0.00888,0.03658,0.016));
#7389=CARTESIAN_POINT('',(0.00888,0.03658,0.013));
#7390=CARTESIAN_POINT('',(0.00938,0.03658,0.013));
#7391=CARTESIAN_POINT('',(0.00938,0.03658,0.016));
#7392=CARTESIAN_POINT('',(0.00938,0.03658,0.016));
#7393=CARTESIAN_POINT('',(0.00888,0.03658,0.016));
#7394=CARTESIAN_POINT('',(0.00938,0.03008,0.016));
#7395=CARTESIAN_POINT('',(0.00938,0.03008,0.013));
#7396=CARTESIAN_POINT('',(0.00938,0.02358,0.013));
#7397=CARTESIAN_POINT('',(0.00938,0.02358,0.016));
#7398=CARTESIAN_POINT('',(0.00938,0.02358,0.016));
#7399=CARTESIAN_POINT('',(0.00938,0.03008,0.016));
#7400=CARTESIAN_POINT('',(0.00888,0.02358,0.016));
#7401=CARTESIAN_POINT('',(0.00888,0.02358,0.013));
#7402=CARTESIAN_POINT('',(0.00888,0.02308,0.013));
#7403=CARTESIAN_POINT('',(0.00888,0.02308,0.016));
#7404=CARTESIAN_POINT('',(0.00888,0.02308,0.016));
#7405=CARTESIAN_POINT('',(0.00888,0.02358,0.016));
#7406=CARTESIAN_POINT('',(0.00238,0.02308,0.016));
#7407=CARTESIAN_POINT('',(0.00238,0.02308,0.013));
#7408=CARTESIAN_POINT('',(-0.00412,0.02308,0.013));
#7409=CARTESIAN_POINT('',(-0.00412,0.02308,0.016));
#7410=CARTESIAN_POINT('',(-0.00412,0.02308,0.016));
#7411=CARTESIAN_POINT('',(0.00238,0.02308,0.016));
#7412=CARTESIAN_POINT('',(-0.00412,0.02358,0.016));
#7413=CARTESIAN_POINT('',(-0.00412,0.02358,0.013));
#7414=CARTESIAN_POINT('',(-0.00462,0.02358,0.013));
#7415=CARTESIAN_POINT('',(-0.00462,0.02358,0.016));
#7416=CARTESIAN_POINT('',(-0.00462,0.02358,0.016));
#7417=CARTESIAN_POINT('',(-0.00412,0.02358,0.016));
#7418=CARTESIAN_POINT('',(-0.02317,0.03658,0.016));
#7419=CARTESIAN_POINT('',(-0.02317,0.03658,0.013));
#7420=CARTESIAN_POINT('',(-0.02317,0.03708,0.013));
#7421=CARTESIAN_POINT('',(-0.02367,0.03658,0.013));
#7422=CARTESIAN_POINT('',(-0.02317,0.03708,0.016));
#7423=CARTESIAN_POINT('',(-0.02317,0.03708,0.016));
#7424=CARTESIAN_POINT('',(-0.02317,0.03658,0.016));
#7425=CARTESIAN_POINT('',(-0.02367,0.03658,0.016));
#7426=CARTESIAN_POINT('',(-0.02367,0.03658,0.016));
#7427=CARTESIAN_POINT('',(-0.01667,0.03708,0.016));
#7428=CARTESIAN_POINT('',(-0.01667,0.03708,0.013));
#7429=CARTESIAN_POINT('',(-0.01017,0.03708,0.013));
#7430=CARTESIAN_POINT('',(-0.01017,0.03708,0.016));
#7431=CARTESIAN_POINT('',(-0.01017,0.03708,0.016));
#7432=CARTESIAN_POINT('',(-0.01667,0.03708,0.016));
#7433=CARTESIAN_POINT('',(-0.01017,0.03658,0.016));
#7434=CARTESIAN_POINT('',(-0.01017,0.03658,0.013));
#7435=CARTESIAN_POINT('',(-0.00967,0.03658,0.013));
#7436=CARTESIAN_POINT('',(-0.00967,0.03658,0.016));
#7437=CARTESIAN_POINT('',(-0.00967,0.03658,0.016));
#7438=CARTESIAN_POINT('',(-0.01017,0.03658,0.016));
#7439=CARTESIAN_POINT('',(-0.00967,0.03008,0.016));
#7440=CARTESIAN_POINT('',(-0.00967,0.03008,0.013));
#7441=CARTESIAN_POINT('',(-0.00967,0.02358,0.013));
#7442=CARTESIAN_POINT('',(-0.00967,0.02358,0.016));
#7443=CARTESIAN_POINT('',(-0.00967,0.02358,0.016));
#7444=CARTESIAN_POINT('',(-0.00967,0.03008,0.016));
#7445=CARTESIAN_POINT('',(-0.01017,0.02358,0.016));
#7446=CARTESIAN_POINT('',(-0.01017,0.02358,0.013));
#7447=CARTESIAN_POINT('',(-0.01017,0.02308,0.013));
#7448=CARTESIAN_POINT('',(-0.01017,0.02308,0.016));
#7449=CARTESIAN_POINT('',(-0.01017,0.02308,0.016));
#7450=CARTESIAN_POINT('',(-0.01017,0.02358,0.016));
#7451=CARTESIAN_POINT('',(-0.01667,0.02308,0.016));
#7452=CARTESIAN_POINT('',(-0.01667,0.02308,0.013));
#7453=CARTESIAN_POINT('',(-0.02317,0.02308,0.013));
#7454=CARTESIAN_POINT('',(-0.02317,0.02308,0.016));
#7455=CARTESIAN_POINT('',(-0.02317,0.02308,0.016));
#7456=CARTESIAN_POINT('',(-0.01667,0.02308,0.016));
#7457=CARTESIAN_POINT('',(-0.02317,0.02358,0.016));
#7458=CARTESIAN_POINT('',(-0.02317,0.02358,0.013));
#7459=CARTESIAN_POINT('',(-0.02367,0.02358,0.013));
#7460=CARTESIAN_POINT('',(-0.02367,0.02358,0.016));
#7461=CARTESIAN_POINT('',(-0.02367,0.02358,0.016));
#7462=CARTESIAN_POINT('',(-0.02317,0.02358,0.016));
#7463=CARTESIAN_POINT('',(0.03348,-0.02707,0.016));
#7464=CARTESIAN_POINT('',(0.03348,-0.02707,0.013));
#7465=CARTESIAN_POINT('',(0.03348,-0.02707,0.016));
#7466=CARTESIAN_POINT('',(0.01443,-0.02707,0.016));
#7467=CARTESIAN_POINT('',(0.01443,-0.02707,0.013));
#7468=CARTESIAN_POINT('',(0.01443,-0.02707,0.016));
#7469=CARTESIAN_POINT('',(-0.00462,-0.02707,0.016));
#7470=CARTESIAN_POINT('',(-0.00462,-0.02707,0.013));
#7471=CARTESIAN_POINT('',(-0.00462,-0.02707,0.016));
#7472=CARTESIAN_POINT('',(-0.02367,-0.02707,0.016));
#7473=CARTESIAN_POINT('',(-0.02367,-0.02707,0.013));
#7474=CARTESIAN_POINT('',(-0.02367,-0.02707,0.016));
#7475=CARTESIAN_POINT('',(0.03348,-0.00802,0.016));
#7476=CARTESIAN_POINT('',(0.03348,-0.00802,0.013));
#7477=CARTESIAN_POINT('',(0.03348,-0.00802,0.016));
#7478=CARTESIAN_POINT('',(0.01443,-0.00802,0.016));
#7479=CARTESIAN_POINT('',(0.01443,-0.00802,0.013));
#7480=CARTESIAN_POINT('',(0.01443,-0.00802,0.016));
#7481=CARTESIAN_POINT('',(-0.00462,-0.00802,0.016));
#7482=CARTESIAN_POINT('',(-0.00462,-0.00802,0.013));
#7483=CARTESIAN_POINT('',(-0.00462,-0.00802,0.016));
#7484=CARTESIAN_POINT('',(-0.02367,-0.00802,0.016));
#7485=CARTESIAN_POINT('',(-0.02367,-0.00802,0.013));
#7486=CARTESIAN_POINT('',(-0.02367,-0.00802,0.016));
#7487=CARTESIAN_POINT('',(0.03348,0.01103,0.016));
#7488=CARTESIAN_POINT('',(0.03348,0.01103,0.013));
#7489=CARTESIAN_POINT('',(0.03348,0.01103,0.016));
#7490=CARTESIAN_POINT('',(0.01443,0.01103,0.016));
#7491=CARTESIAN_POINT('',(0.01443,0.01103,0.013));
#7492=CARTESIAN_POINT('',(0.01443,0.01103,0.016));
#7493=CARTESIAN_POINT('',(-0.00462,0.01103,0.016));
#7494=CARTESIAN_POINT('',(-0.00462,0.01103,0.013));
#7495=CARTESIAN_POINT('',(-0.00462,0.01103,0.016));
#7496=CARTESIAN_POINT('',(-0.02367,0.01103,0.016));
#7497=CARTESIAN_POINT('',(-0.02367,0.01103,0.013));
#7498=CARTESIAN_POINT('',(-0.02367,0.01103,0.016));
#7499=CARTESIAN_POINT('',(0.03348,0.03008,0.016));
#7500=CARTESIAN_POINT('',(0.03348,0.03008,0.013));
#7501=CARTESIAN_POINT('',(0.03348,0.03008,0.016));
#7502=CARTESIAN_POINT('',(0.01443,0.03008,0.016));
#7503=CARTESIAN_POINT('',(0.01443,0.03008,0.013));
#7504=CARTESIAN_POINT('',(0.01443,0.03008,0.016));
#7505=CARTESIAN_POINT('',(-0.00462,0.03008,0.016));
#7506=CARTESIAN_POINT('',(-0.00462,0.03008,0.013));
#7507=CARTESIAN_POINT('',(-0.00462,0.03008,0.016));
#7508=CARTESIAN_POINT('',(-0.02367,0.03008,0.016));
#7509=CARTESIAN_POINT('',(-0.02367,0.03008,0.013));
#7510=CARTESIAN_POINT('',(-0.02367,0.03008,0.016));
#7511=CARTESIAN_POINT('',(0.011905,0.001505,0.016));
#7512=CARTESIAN_POINT('',(-0.04130108362763,-0.035490000000002,0.016));
#7513=CARTESIAN_POINT('',(-0.0559027817527281,-0.0354899997856058,0.016));
#7514=CARTESIAN_POINT('',(-0.02670108362763,-0.035490000000002,0.016));
#7515=CARTESIAN_POINT('',(-0.0558999997686456,-5.29494805315972E-6,0.016));
#7516=CARTESIAN_POINT('',(-0.0559057443182615,-0.0455050000000844,0.016));
#7517=CARTESIAN_POINT('',(-5.74456334565682E-6,-0.0455050000000399,0.016));
#7518=CARTESIAN_POINT('',(0.0558942551915702,-0.0455049999999953,0.016));
#7519=CARTESIAN_POINT('',(0.0559000000842671,2.95052001227092E-7,0.016));
#7520=CARTESIAN_POINT('',(0.055905744976964,0.0455055901039977,0.016));
#7521=CARTESIAN_POINT('',(5.74487896720308E-6,0.0455000001039879,0.016));
#7522=CARTESIAN_POINT('',(-0.0558942552190296,0.0454944101039781,0.016));
#7523=CARTESIAN_POINT('',(-0.0558999997686456,-5.29494805315972E-6,0.016));
#7524=CARTESIAN_POINT('',(-0.05590108362763,-0.008590000000002,0.016));
#7525=CARTESIAN_POINT('',(-0.04130108362763,-0.008590000000002,0.016));
#7526=CARTESIAN_POINT('',(-0.02670108362763,-0.008590000000002,0.016));
#7527=CARTESIAN_POINT('',(-0.02670108362763,-0.022040000000002,0.016));
#7528=CARTESIAN_POINT('',(-0.032585,0.014625,0.016));
#7529=CARTESIAN_POINT('',(-0.032585,0.001725,0.016));
#7530=CARTESIAN_POINT('',(-0.032585,0.027525,0.016));
#7531=CARTESIAN_POINT('',(-0.038235,0.001725,0.016));
#7532=CARTESIAN_POINT('',(-0.043885,0.001725,0.016));
#7533=CARTESIAN_POINT('',(-0.043885,0.014625,0.016));
#7534=CARTESIAN_POINT('',(-0.043885,0.027525,0.016));
#7535=CARTESIAN_POINT('',(-0.038235,0.027525,0.016));
#7536=CARTESIAN_POINT('',(-0.0531553970960393,-0.0427550000000822,0.016));
#7537=CARTESIAN_POINT('',(-0.0548553970960393,-0.0427550000000822,0.016));
#7538=CARTESIAN_POINT('',(0.0531446023480417,-0.0427549999999975,0.016));
#7539=CARTESIAN_POINT('',(0.0514446023480417,-0.0427549999999975,0.016));
#7540=CARTESIAN_POINT('',(0.0531553977419384,0.0427553150555242,0.016));
#7541=CARTESIAN_POINT('',(0.0514553977419384,0.0427553150555242,0.016));
#7542=CARTESIAN_POINT('',(-0.0531446023627022,0.0427446850555137,0.016));
#7543=CARTESIAN_POINT('',(-0.0548446023627022,0.0427446850555137,0.016));
#7544=CARTESIAN_POINT('',(0.011905,0.001505,0.013));
#7545=CARTESIAN_POINT('',(-0.038235,0.001725,0.013));
#7546=CARTESIAN_POINT('',(-0.043885,0.001725,0.013));
#7547=CARTESIAN_POINT('',(-0.032585,0.001725,0.013));
#7548=CARTESIAN_POINT('',(-0.032585,0.014625,0.013));
#7549=CARTESIAN_POINT('',(-0.032585,0.027525,0.013));
#7550=CARTESIAN_POINT('',(-0.038235,0.027525,0.013));
#7551=CARTESIAN_POINT('',(-0.043885,0.027525,0.013));
#7552=CARTESIAN_POINT('',(-0.043885,0.014625,0.013));
#7553=CARTESIAN_POINT('',(3.29351219907625E-10,-0.008590000000002,0.013));
#7554=CARTESIAN_POINT('',(-0.05590108362763,-0.008590000000002,0.013));
#7555=CARTESIAN_POINT('',(-0.02670108362763,-0.008590000000002,0.013));
#7556=CARTESIAN_POINT('',(-0.0558999997686456,-5.29494805315972E-6,0.013));
#7557=CARTESIAN_POINT('',(-0.0558942552190296,0.0454944101039781,0.013));
#7558=CARTESIAN_POINT('',(5.74487896720308E-6,0.0455000001039879,0.013));
#7559=CARTESIAN_POINT('',(0.055905744976964,0.0455055901039977,0.013));
#7560=CARTESIAN_POINT('',(0.0559000000842671,2.95052001227092E-7,0.013));
#7561=CARTESIAN_POINT('',(0.0558942551915702,-0.0455049999999953,0.013));
#7562=CARTESIAN_POINT('',(-5.74456334565682E-6,-0.0455050000000399,0.013));
#7563=CARTESIAN_POINT('',(-0.0559057443182615,-0.0455050000000844,0.013));
#7564=CARTESIAN_POINT('',(-0.0558999997686456,-5.29494805315972E-6,0.013));
#7565=CARTESIAN_POINT('',(-0.0559044798778803,-0.035490000000002,0.013));
#7566=CARTESIAN_POINT('',(3.29351219907625E-10,-0.035490000000002,0.013));
#7567=CARTESIAN_POINT('',(-0.02670108362763,-0.035490000000002,0.013));
#7568=CARTESIAN_POINT('',(-0.02670108362763,2.95051956648143E-7,0.013));
#7569=CARTESIAN_POINT('',(-0.0531446023627022,0.0427446850555137,0.013));
#7570=CARTESIAN_POINT('',(-0.0514446023627022,0.0427446850555137,0.013));
#7571=CARTESIAN_POINT('',(0.0531553977419384,0.0427553150555242,0.013));
#7572=CARTESIAN_POINT('',(0.0548553977419384,0.0427553150555242,0.013));
#7573=CARTESIAN_POINT('',(0.0531446023480417,-0.0427549999999975,0.013));
#7574=CARTESIAN_POINT('',(0.0548446023480417,-0.0427549999999975,0.013));
#7575=CARTESIAN_POINT('',(-0.0531553970960393,-0.0427550000000822,0.013));
#7576=CARTESIAN_POINT('',(-0.0514553970960393,-0.0427550000000822,0.013));
#7577=CARTESIAN_POINT('',(-0.032585,0.014625,0.013));
#7578=CARTESIAN_POINT('',(-0.032585,0.027525,0.013));
#7579=CARTESIAN_POINT('',(-0.032585,0.001725,0.013));
#7580=CARTESIAN_POINT('',(-0.038235,0.027525,0.013));
#7581=CARTESIAN_POINT('',(-0.043885,0.027525,0.013));
#7582=CARTESIAN_POINT('',(-0.043885,0.014625,0.013));
#7583=CARTESIAN_POINT('',(-0.043885,0.001725,0.013));
#7584=CARTESIAN_POINT('',(-0.038235,0.001725,0.013));
#7585=CARTESIAN_POINT('',(-0.02670108362763,-0.022040000000002,0.00826));
#7586=CARTESIAN_POINT('',(-0.02670108362763,-0.035490000000002,0.00826));
#7587=CARTESIAN_POINT('',(-0.02670108362763,-0.008590000000002,0.00826));
#7588=CARTESIAN_POINT('',(-0.04130108362763,-0.008590000000002,0.00826));
#7589=CARTESIAN_POINT('',(-0.05590108362763,-0.008590000000002,0.00826));
#7590=CARTESIAN_POINT('',(-0.04130108362763,-0.035490000000002,0.00826));
#7591=CARTESIAN_POINT('',(-0.0559044798778803,-0.035490000000002,0.00826));
#7592=CARTESIAN_POINT('',(-0.0531446023627022,0.0427446850555137,0.016));
#7593=CARTESIAN_POINT('',(0.0531553977419384,0.0427553150555242,0.016));
#7594=CARTESIAN_POINT('',(0.0531446023480417,-0.0427549999999975,0.016));
#7595=CARTESIAN_POINT('',(-0.0531553970960393,-0.0427550000000822,0.016));
#7596=CARTESIAN_POINT('',(5.74487896720308E-6,0.0455000001039879,0.));
#7597=CARTESIAN_POINT('',(0.055905744976964,0.0455055901039977,0.));
#7598=CARTESIAN_POINT('',(-0.0558942552190296,0.0454944101039781,0.));
#7599=CARTESIAN_POINT('',(-5.74456334565682E-6,-0.0455050000000399,0.));
#7600=CARTESIAN_POINT('',(-0.0559057443182615,-0.0455050000000844,0.));
#7601=CARTESIAN_POINT('',(0.0558942551915702,-0.0455049999999953,0.));
#7602=CARTESIAN_POINT('',(0.0559000000842671,2.95052001227092E-7,0.));
#7603=CARTESIAN_POINT('',(-0.0558999997686456,-5.29494805315972E-6,0.));
#7604=CARTESIAN_POINT('',(-0.0558999997686456,-5.29494805315972E-6,0.));
#7605=CARTESIAN_POINT('',(0.,0.,0.));
#7606=CARTESIAN_POINT('',(-0.02670108362763,-0.022040000000002,0.00826));
#7607=CARTESIAN_POINT('',(-0.02670108362763,-0.035290000000002,0.00826));
#7608=CARTESIAN_POINT('',(-0.02670108362763,-0.035290000000002,0.0132));
#7609=CARTESIAN_POINT('',(-0.02670108362763,-0.035290000000002,0.016));
#7610=CARTESIAN_POINT('',(-0.02670108362763,-0.022040000000002,0.0132));
#7611=CARTESIAN_POINT('',(-0.02670108362763,-0.008790000000002,0.0132));
#7612=CARTESIAN_POINT('',(-0.02670108362763,-0.008790000000002,0.00826));
#7613=CARTESIAN_POINT('',(-0.02670108362763,-0.008790000000002,0.016));
#7614=CARTESIAN_POINT('',(-0.02670108362763,-0.022040000000002,0.016));
#7615=CARTESIAN_POINT('',(-0.04130108362763,-0.022040000000002,0.00846));
#7616=CARTESIAN_POINT('',(-0.0504027817089195,-0.022040000000002,0.00846));
#7617=CARTESIAN_POINT('',(-0.0504044545831134,-0.035290000000002,0.00846));
#7618=CARTESIAN_POINT('',(-0.0504011088347256,-0.008790000000002,0.00846));
#7619=CARTESIAN_POINT('',(-0.04130108362763,-0.035290000000002,0.00846));
#7620=CARTESIAN_POINT('',(-0.05590108362763,-0.035290000000002,0.00846));
#7621=CARTESIAN_POINT('',(-0.05590108362763,-0.022040000000002,0.00846));
#7622=CARTESIAN_POINT('',(-0.05590108362763,-0.0252601977824779,0.00846));
#7623=CARTESIAN_POINT('',(-0.05590108362763,-0.022040000000002,0.00846));
#7624=CARTESIAN_POINT('',(-0.05590108362763,-0.0188184832457054,0.00846));
#7625=CARTESIAN_POINT('',(-0.05590108362763,-0.022040000000002,0.00846));
#7626=CARTESIAN_POINT('',(-0.05590108362763,-0.008790000000002,0.00846));
#7627=CARTESIAN_POINT('',(-0.04130108362763,-0.008790000000002,0.00846));
#7628=CARTESIAN_POINT('',(-0.05590108362763,-0.022040000000002,0.00826));
#7629=CARTESIAN_POINT('',(-0.05590108362763,-0.022040000000002,0.01003));
#7630=CARTESIAN_POINT('',(-0.05590108362763,-0.036290000000002,0.01003));
#7631=CARTESIAN_POINT('',(-0.05590108362763,-0.035290000000002,0.01003));
#7632=CARTESIAN_POINT('',(-0.05590108362763,-0.036290000000002,0.00826));
#7633=CARTESIAN_POINT('',(-0.05590108362763,-0.036290000000002,0.01123));
#7634=CARTESIAN_POINT('',(-0.05590108362763,-0.036490000000002,0.01123));
#7635=CARTESIAN_POINT('',(-0.05590108362763,-0.035290000000002,0.01123));
#7636=CARTESIAN_POINT('',(-0.05590108362763,-0.035290000000002,0.00826));
#7637=CARTESIAN_POINT('',(-0.05590108362763,-0.035290000000002,0.016));
#7638=CARTESIAN_POINT('',(-0.05590108362763,-0.022040000000002,0.016));
#7639=CARTESIAN_POINT('',(-0.05590108362763,-0.008790000000002,0.016));
#7640=CARTESIAN_POINT('',(-0.05590108362763,-0.008790000000002,0.00826));
#7641=CARTESIAN_POINT('',(-0.05590108362763,-0.008790000000002,0.01123));
#7642=CARTESIAN_POINT('',(-0.05590108362763,-0.007590000000002,0.01123));
#7643=CARTESIAN_POINT('',(-0.05590108362763,-0.007790000000002,0.01123));
#7644=CARTESIAN_POINT('',(-0.05590108362763,-0.007790000000002,0.00826));
#7645=CARTESIAN_POINT('',(-0.05590108362763,-0.007790000000002,0.01003));
#7646=CARTESIAN_POINT('',(-0.05590108362763,-0.022040000000002,0.01003));
#7647=CARTESIAN_POINT('',(-0.05590108362763,-0.008790000000002,0.01003));
#7648=CARTESIAN_POINT('',(-0.05590108362763,-0.008790000000002,0.00826));
#7649=CARTESIAN_POINT('',(-0.05590108362763,-0.035290000000002,0.00826));
#7650=CARTESIAN_POINT('',(-0.04130108362763,-0.022040000000002,0.016));
#7651=CARTESIAN_POINT('',(-0.04130108362763,-0.035290000000002,0.016));
#7652=CARTESIAN_POINT('',(-0.04130108362763,-0.008790000000002,0.016));
#7653=CARTESIAN_POINT('',(-0.04130108362763,-0.036290000000002,0.00826));
#7654=CARTESIAN_POINT('',(-0.0504045808377695,-0.036290000000002,0.00826));
#7655=CARTESIAN_POINT('',(-0.0504045808377695,-0.036290000000002,0.01123));
#7656=CARTESIAN_POINT('',(-0.0504045808377695,-0.036290000000002,0.01003));
#7657=CARTESIAN_POINT('',(-0.0531510836057122,-0.036290000000002,0.01123));
#7658=CARTESIAN_POINT('',(-0.0531510836057122,-0.036290000000002,0.01003));
#7659=CARTESIAN_POINT('',(-0.0514044798340176,-0.0362900000079721,0.01003));
#7660=CARTESIAN_POINT('',(-0.0531510836057122,-0.036290000000002,0.01003));
#7661=CARTESIAN_POINT('',(-0.04130108362763,-0.007790000000002,0.00826));
#7662=CARTESIAN_POINT('',(-0.04130108362763,-0.007790000000002,0.01123));
#7663=CARTESIAN_POINT('',(-0.0504009825800694,-0.007790000000002,0.01123));
#7664=CARTESIAN_POINT('',(-0.0504009825800694,-0.007790000000002,0.00826));
#7665=CARTESIAN_POINT('',(-0.0504009825800694,-0.007790000000002,0.01003));
#7666=CARTESIAN_POINT('',(-0.04130108362763,-0.007790000000002,0.01003));
#7667=CARTESIAN_POINT('',(-0.0512711012493569,-0.00779000000000202,0.01003));
#7668=CARTESIAN_POINT('',(-0.04130108362763,-0.007790000000002,0.01003));
#7669=CARTESIAN_POINT('',(-0.0531510836057122,-0.007590000000002,0.01003));
#7670=CARTESIAN_POINT('',(-0.0512711012493569,-0.00819000000000202,0.01003));
#7671=CARTESIAN_POINT('',(-0.0504009573729759,-0.00759034721624387,0.01003));
#7672=CARTESIAN_POINT('',(-0.0504011088347256,-0.008790000000002,0.01003));
#7673=CARTESIAN_POINT('',(-0.04130108362763,-0.008790000000002,0.01003));
#7674=CARTESIAN_POINT('',(-0.04130108362763,-0.008790000000002,0.00826));
#7675=CARTESIAN_POINT('',(-0.0504011088347256,-0.008790000000002,0.00826));
#7676=CARTESIAN_POINT('',(-0.04130108362763,-0.035290000000002,0.00826));
#7677=CARTESIAN_POINT('',(-0.0531510836057122,-0.035290000000002,0.01003));
#7678=CARTESIAN_POINT('',(-0.0504044545831134,-0.035290000000002,0.01003));
#7679=CARTESIAN_POINT('',(-0.0504044545831134,-0.035290000000002,0.00826));
#7680=CARTESIAN_POINT('',(-0.0531510836057122,-0.036490000000002,0.01003));
#7681=CARTESIAN_POINT('',(-0.0514044798340176,-0.0358900000079721,0.01003));
#7682=CARTESIAN_POINT('',(-0.0504046061324803,-0.036490346755571,0.01003));
#7683=CARTESIAN_POINT('',(-0.04130108362763,-0.008790000000002,0.00826));
#7684=CARTESIAN_POINT('',(-0.04130108362763,-0.008790000000002,0.0132));
#7685=CARTESIAN_POINT('',(-0.0504011088347256,-0.008790000000002,0.0132));
#7686=CARTESIAN_POINT('',(-0.0504011088347256,-0.008790000000002,0.00826));
#7687=CARTESIAN_POINT('',(-0.0504011088347256,-0.008790000000002,0.01123));
#7688=CARTESIAN_POINT('',(-0.04130108362763,-0.008790000000002,0.01123));
#7689=CARTESIAN_POINT('',(-0.0531510836057122,-0.007590000000002,0.01123));
#7690=CARTESIAN_POINT('',(-0.0504027817089195,-0.022040000000002,0.01123));
#7691=CARTESIAN_POINT('',(-0.04130108362763,-0.035290000000002,0.00826));
#7692=CARTESIAN_POINT('',(-0.04130108362763,-0.035290000000002,0.0132));
#7693=CARTESIAN_POINT('',(-0.0504044545831134,-0.035290000000002,0.0132));
#7694=CARTESIAN_POINT('',(-0.0531510836057122,-0.035290000000002,0.01123));
#7695=CARTESIAN_POINT('',(-0.0504044545831134,-0.035290000000002,0.01123));
#7696=CARTESIAN_POINT('',(-0.0504044545831134,-0.035290000000002,0.00826));
#7697=CARTESIAN_POINT('',(-0.0531510836057122,-0.036490000000002,0.01123));
#7698=CARTESIAN_POINT('',(-0.0504027817089195,-0.022040000000002,0.01123));
#7699=CARTESIAN_POINT('',(-0.0385510204783841,-0.0220414963400409,0.0132));
#7700=CARTESIAN_POINT('',(-0.0504027817089195,-0.022040000000002,0.0132));
#7701=CARTESIAN_POINT('',(-0.0504027817089195,-0.022040000000002,0.013));
#7702=CARTESIAN_POINT('',(-0.0514044798340176,-0.0358900000079721,0.01003));
#7703=CARTESIAN_POINT('',(-0.0512711012493569,-0.00819000000000202,0.01003));
#7704=MECHANICAL_DESIGN_GEOMETRIC_PRESENTATION_REPRESENTATION('',(#4617),
#7707);
#7705=MECHANICAL_DESIGN_GEOMETRIC_PRESENTATION_REPRESENTATION('',(#4618),
#7708);
#7706=MECHANICAL_DESIGN_GEOMETRIC_PRESENTATION_REPRESENTATION('',(#4619),
#7709);
#7707=(
GEOMETRIC_REPRESENTATION_CONTEXT(3)
GLOBAL_UNCERTAINTY_ASSIGNED_CONTEXT((#7710))
GLOBAL_UNIT_ASSIGNED_CONTEXT((#7719,#7716,#7713))
REPRESENTATION_CONTEXT('Main_Case','TOP_LEVEL_ASSEMBLY_PART')
);
#7708=(
GEOMETRIC_REPRESENTATION_CONTEXT(3)
GLOBAL_UNCERTAINTY_ASSIGNED_CONTEXT((#7711))
GLOBAL_UNIT_ASSIGNED_CONTEXT((#7720,#7717,#7714))
REPRESENTATION_CONTEXT('Top','TOP_LEVEL_ASSEMBLY_PART')
);
#7709=(
GEOMETRIC_REPRESENTATION_CONTEXT(3)
GLOBAL_UNCERTAINTY_ASSIGNED_CONTEXT((#7712))
GLOBAL_UNIT_ASSIGNED_CONTEXT((#7721,#7718,#7715))
REPRESENTATION_CONTEXT('Custom_Insert','TOP_LEVEL_ASSEMBLY_PART')
);
#7710=UNCERTAINTY_MEASURE_WITH_UNIT(LENGTH_MEASURE(2.33962502502738E-5),
#7719,'DISTANCE_ACCURACY_VALUE','Maximum Tolerance applied to model');
#7711=UNCERTAINTY_MEASURE_WITH_UNIT(LENGTH_MEASURE(2.33962502232002E-5),
#7720,'DISTANCE_ACCURACY_VALUE','Maximum Tolerance applied to model');
#7712=UNCERTAINTY_MEASURE_WITH_UNIT(LENGTH_MEASURE(1.E-8),#7721,
'DISTANCE_ACCURACY_VALUE','Maximum Tolerance applied to model');
#7713=(
NAMED_UNIT(*)
SI_UNIT($,.STERADIAN.)
SOLID_ANGLE_UNIT()
);
#7714=(
NAMED_UNIT(*)
SI_UNIT($,.STERADIAN.)
SOLID_ANGLE_UNIT()
);
#7715=(
NAMED_UNIT(*)
SI_UNIT($,.STERADIAN.)
SOLID_ANGLE_UNIT()
);
#7716=(
NAMED_UNIT(*)
PLANE_ANGLE_UNIT()
SI_UNIT($,.RADIAN.)
);
#7717=(
NAMED_UNIT(*)
PLANE_ANGLE_UNIT()
SI_UNIT($,.RADIAN.)
);
#7718=(
NAMED_UNIT(*)
PLANE_ANGLE_UNIT()
SI_UNIT($,.RADIAN.)
);
#7719=(
LENGTH_UNIT()
NAMED_UNIT(*)
SI_UNIT($,.METRE.)
);
#7720=(
LENGTH_UNIT()
NAMED_UNIT(*)
SI_UNIT($,.METRE.)
);
#7721=(
LENGTH_UNIT()
NAMED_UNIT(*)
SI_UNIT($,.METRE.)
);
#7722=PRODUCT_DEFINITION_SHAPE('','',#7725);
#7723=PRODUCT_DEFINITION_SHAPE('','',#7726);
#7724=PRODUCT_DEFINITION_SHAPE('','',#7727);
#7725=PRODUCT_DEFINITION('','',#7731,#7728);
#7726=PRODUCT_DEFINITION('','',#7732,#7729);
#7727=PRODUCT_DEFINITION('','',#7733,#7730);
#7728=PRODUCT_DEFINITION_CONTEXT('',#7749,'design');
#7729=PRODUCT_DEFINITION_CONTEXT('',#7750,'design');
#7730=PRODUCT_DEFINITION_CONTEXT('',#7751,'design');
#7731=PRODUCT_DEFINITION_FORMATION_WITH_SPECIFIED_SOURCE('','',#7737,
 .NOT_KNOWN.);
#7732=PRODUCT_DEFINITION_FORMATION_WITH_SPECIFIED_SOURCE('','',#7738,
 .NOT_KNOWN.);
#7733=PRODUCT_DEFINITION_FORMATION_WITH_SPECIFIED_SOURCE('','',#7739,
 .NOT_KNOWN.);
#7734=PRODUCT_RELATED_PRODUCT_CATEGORY('','',(#7737));
#7735=PRODUCT_RELATED_PRODUCT_CATEGORY('','',(#7738));
#7736=PRODUCT_RELATED_PRODUCT_CATEGORY('','',(#7739));
#7737=PRODUCT('Main_Case','Main_Case','Main_Case',(#7743));
#7738=PRODUCT('Top','Top','Top',(#7744));
#7739=PRODUCT('Custom_Insert','Custom_Insert','Custom_Insert',(#7745));
#7740=PRODUCT_CATEGORY('','');
#7741=PRODUCT_CATEGORY('','');
#7742=PRODUCT_CATEGORY('','');
#7743=PRODUCT_CONTEXT('',#7749,'mechanical');
#7744=PRODUCT_CONTEXT('',#7750,'mechanical');
#7745=PRODUCT_CONTEXT('',#7751,'mechanical');
#7746=APPLICATION_PROTOCOL_DEFINITION('international standard',
'ap242_managed_model_based_3d_engineering',2020,#7749);
#7747=APPLICATION_PROTOCOL_DEFINITION('international standard',
'ap242_managed_model_based_3d_engineering',2020,#7750);
#7748=APPLICATION_PROTOCOL_DEFINITION('international standard',
'ap242_managed_model_based_3d_engineering',2020,#7751);
#7749=APPLICATION_CONTEXT('managed model based 3d engineering');
#7750=APPLICATION_CONTEXT('managed model based 3d engineering');
#7751=APPLICATION_CONTEXT('managed model based 3d engineering');
ENDSEC;
END-ISO-10303-21;
